date,drug_category,actual_sales,p10_demand,p50_demand,p90_demand,uncertainty_band,safety_stock,reorder_point,target_stock_lvl,simulated_inventory,stockout_risk,overstock_risk,replenishment_recommendation,recommended_order_qty,order_trigger
2019-01-01,M01AB,0.0,0.77,5.07,15.07,14.3,17.32,32.53,62.53,62.53,0,0,MAINTAIN REPLENISHMENT,0.0,PIPELINE IN-TRANSIT SUFFICIENT
2019-01-02,M01AB,5.33,0.65,4.62,16.08,15.43,19.85,33.71,68.09,62.53,0,0,INCREASE REPLENISHMENT,6.0,PROACTIVE (Forward Shortfall)
2019-01-03,M01AB,4.33,2.9,4.78,15.22,12.32,18.08,32.42,63.74,57.2,0,0,INCREASE REPLENISHMENT,1.0,PROACTIVE (Forward Shortfall)
2019-01-04,M01AB,7.0,3.39,5.15,15.46,12.07,17.86,33.31,64.24,52.87,0,0,INCREASE REPLENISHMENT,5.0,PROACTIVE (Forward Shortfall)
2019-01-05,M01AB,8.01,3.48,6.07,14.17,10.69,14.03,32.24,56.54,51.87,0,0,MAINTAIN REPLENISHMENT,0.0,PIPELINE IN-TRANSIT SUFFICIENT
2019-01-06,M01AB,8.33,3.28,5.49,13.97,10.69,14.69,31.16,56.6,44.86,0,0,INCREASE REPLENISHMENT,7.0,PROACTIVE (Forward Shortfall)
2019-01-07,M01AB,0.0,0.92,5.04,14.0,13.08,15.52,30.64,57.52,41.53,0,0,INCREASE REPLENISHMENT,9.0,PROACTIVE (Forward Shortfall)
2019-01-08,M01AB,4.34,2.82,5.1,15.29,12.47,17.65,32.95,63.52,41.53,0,0,INCREASE REPLENISHMENT,6.0,PROACTIVE (Forward Shortfall)
2019-01-09,M01AB,3.0,2.87,5.01,13.7,10.83,15.05,30.08,56.15,44.19,0,0,MAINTAIN REPLENISHMENT,0.0,PIPELINE IN-TRANSIT SUFFICIENT
2019-01-10,M01AB,8.0,2.88,5.03,14.02,11.14,15.57,30.66,57.63,50.19,0,0,INCREASE REPLENISHMENT,2.0,PROACTIVE (Forward Shortfall)
2019-01-11,M01AB,5.33,3.08,5.05,14.46,11.38,16.3,31.45,59.68,48.19,0,0,INCREASE REPLENISHMENT,10.0,PROACTIVE (Forward Shortfall)
2019-01-12,M01AB,6.66,2.78,5.78,15.03,12.25,16.02,33.36,61.11,42.86,0,0,INCREASE REPLENISHMENT,7.0,PROACTIVE (Forward Shortfall)
2019-01-13,M01AB,8.33,2.77,5.4,14.28,11.51,15.38,31.58,58.22,38.2,0,0,INCREASE REPLENISHMENT,4.0,PROACTIVE (Forward Shortfall)
2019-01-14,M01AB,9.0,2.64,5.22,14.1,11.46,15.38,31.04,57.68,39.87,0,0,INCREASE REPLENISHMENT,7.0,PROACTIVE (Forward Shortfall)
2019-01-15,M01AB,4.33,3.2,5.26,12.47,9.27,12.49,28.27,49.9,37.87,0,0,INCREASE REPLENISHMENT,2.0,PROACTIVE (Forward Shortfall)
2019-01-16,M01AB,7.5,3.4,5.13,12.35,8.95,12.51,27.9,49.56,37.54,0,0,INCREASE REPLENISHMENT,4.0,PROACTIVE (Forward Shortfall)
2019-01-17,M01AB,5.34,3.55,4.94,12.0,8.45,12.23,27.05,48.23,37.04,0,0,INCREASE REPLENISHMENT,6.0,PROACTIVE (Forward Shortfall)
2019-01-18,M01AB,6.33,3.31,5.02,11.89,8.58,11.9,26.96,47.57,33.7,0,0,INCREASE REPLENISHMENT,4.0,PROACTIVE (Forward Shortfall)
2019-01-19,M01AB,7.02,4.08,5.85,13.16,9.08,12.66,30.21,52.14,31.37,0,0,INCREASE REPLENISHMENT,11.0,PROACTIVE (Forward Shortfall)
2019-01-20,M01AB,11.67,3.69,5.38,12.01,8.32,11.48,27.62,47.51,30.35,0,0,INCREASE REPLENISHMENT,3.0,PROACTIVE (Forward Shortfall)
2019-01-21,M01AB,4.34,2.93,5.18,12.86,9.93,13.3,28.84,51.88,22.68,1,0,INCREASE REPLENISHMENT,16.0,REACTIVE (Below ROP)
2019-01-22,M01AB,6.83,3.07,5.28,13.19,10.12,13.7,29.54,53.27,29.34,1,0,INCREASE REPLENISHMENT,5.0,REACTIVE (Below ROP)
2019-01-23,M01AB,3.33,3.33,4.85,12.26,8.93,12.83,27.38,49.61,25.51,1,0,INCREASE REPLENISHMENT,4.0,REACTIVE (Below ROP)
2019-01-24,M01AB,4.0,3.44,5.04,13.29,9.85,14.29,29.41,54.16,38.18,0,0,INCREASE REPLENISHMENT,7.0,PROACTIVE (Forward Shortfall)
2019-01-25,M01AB,2.33,2.79,4.98,13.54,10.75,14.83,29.77,55.45,39.18,0,0,INCREASE REPLENISHMENT,6.0,PROACTIVE (Forward Shortfall)
2019-01-26,M01AB,7.0,3.32,5.56,14.95,11.63,16.26,32.94,61.11,40.85,0,0,INCREASE REPLENISHMENT,8.0,PROACTIVE (Forward Shortfall)
2019-01-27,M01AB,10.52,2.85,5.48,14.87,12.02,16.26,32.7,60.87,40.85,0,0,INCREASE REPLENISHMENT,7.0,PROACTIVE (Forward Shortfall)
2019-01-28,M01AB,8.5,2.65,5.14,13.7,11.05,14.83,30.25,55.93,36.33,0,0,INCREASE REPLENISHMENT,5.0,PROACTIVE (Forward Shortfall)
2019-01-29,M01AB,5.0,2.65,5.1,14.02,11.37,15.45,30.75,57.51,35.83,0,0,INCREASE REPLENISHMENT,10.0,PROACTIVE (Forward Shortfall)
2019-01-30,M01AB,6.33,2.64,5.04,13.97,11.33,15.47,30.59,57.38,37.83,0,0,INCREASE REPLENISHMENT,5.0,PROACTIVE (Forward Shortfall)
2019-01-31,M01AB,1.67,2.94,4.56,13.01,10.07,14.64,28.32,53.67,36.5,0,0,INCREASE REPLENISHMENT,3.0,PROACTIVE (Forward Shortfall)
2019-02-01,M01AB,11.34,2.85,4.97,14.4,11.55,16.33,31.24,59.53,44.83,0,0,INCREASE REPLENISHMENT,7.0,PROACTIVE (Forward Shortfall)
2019-02-02,M01AB,13.34,3.15,5.61,15.34,12.19,16.85,33.68,62.87,38.49,0,0,INCREASE REPLENISHMENT,15.0,PROACTIVE (Forward Shortfall)
2019-02-03,M01AB,6.0,2.53,5.75,17.17,14.64,19.78,37.03,71.29,28.15,1,0,INCREASE REPLENISHMENT,22.0,REACTIVE (Below ROP)
2019-02-04,M01AB,6.33,3.08,5.36,16.56,13.48,19.4,35.48,69.08,29.15,1,0,INCREASE REPLENISHMENT,3.0,REACTIVE (Below ROP)
2019-02-05,M01AB,5.33,3.43,5.38,16.56,13.13,19.36,35.5,69.04,37.82,0,0,INCREASE REPLENISHMENT,7.0,PROACTIVE (Forward Shortfall)
2019-02-06,M01AB,6.34,3.22,4.99,16.1,12.88,19.24,34.21,67.54,54.49,0,0,INCREASE REPLENISHMENT,4.0,PROACTIVE (Forward Shortfall)
2019-02-07,M01AB,2.33,2.99,4.73,15.84,12.85,19.24,33.43,66.76,51.15,0,0,INCREASE REPLENISHMENT,5.0,PROACTIVE (Forward Shortfall)
2019-02-08,M01AB,2.0,3.05,5.04,15.81,12.76,18.65,33.77,66.08,55.82,0,0,INCREASE REPLENISHMENT,2.0,PROACTIVE (Forward Shortfall)
2019-02-09,M01AB,6.68,4.0,5.54,16.26,12.26,18.57,35.19,67.35,57.82,0,0,MAINTAIN REPLENISHMENT,0.0,HEALTHY ZONE
2019-02-10,M01AB,3.3400000000000003,4.0,5.76,12.39,8.39,11.48,28.76,48.65,56.14,0,1,MAINTAIN REPLENISHMENT,0.0,PIPELINE IN-TRANSIT SUFFICIENT
2019-02-11,M01AB,8.0,3.45,5.27,12.05,8.6,11.74,27.55,47.89,54.8,0,1,MAINTAIN REPLENISHMENT,0.0,PIPELINE IN-TRANSIT SUFFICIENT
2019-02-12,M01AB,6.66,3.23,5.28,12.7,9.47,12.85,28.69,50.95,46.8,0,0,INCREASE REPLENISHMENT,5.0,PROACTIVE (Forward Shortfall)
2019-02-13,M01AB,4.0,2.88,5.05,12.7,9.82,13.25,28.4,51.35,40.14,0,0,INCREASE REPLENISHMENT,7.0,PROACTIVE (Forward Shortfall)
2019-02-14,M01AB,2.33,2.61,4.43,11.97,9.36,13.06,26.35,48.97,36.14,0,0,INCREASE REPLENISHMENT,1.0,PROACTIVE (Forward Shortfall)
2019-02-15,M01AB,5.34,3.2,4.72,12.26,9.06,13.06,27.22,49.84,38.81,0,0,INCREASE REPLENISHMENT,4.0,PROACTIVE (Forward Shortfall)
2019-02-16,M01AB,6.34,3.58,5.91,12.7,9.12,11.76,29.49,49.86,40.47,0,0,INCREASE REPLENISHMENT,5.0,PROACTIVE (Forward Shortfall)
2019-02-17,M01AB,2.34,2.93,5.13,11.83,8.9,11.6,26.99,47.09,35.13,0,0,INCREASE REPLENISHMENT,3.0,PROACTIVE (Forward Shortfall)
2019-02-18,M01AB,3.34,2.81,5.15,12.26,9.45,12.31,27.76,49.09,36.79,0,0,INCREASE REPLENISHMENT,5.0,PROACTIVE (Forward Shortfall)
2019-02-19,M01AB,3.33,2.93,4.9,12.02,9.09,12.33,27.03,48.39,38.45,0,0,INCREASE REPLENISHMENT,2.0,PROACTIVE (Forward Shortfall)
2019-02-20,M01AB,2.34,2.65,4.9,11.54,8.89,11.5,26.2,46.12,38.12,0,0,INCREASE REPLENISHMENT,1.0,PROACTIVE (Forward Shortfall)
2019-02-21,M01AB,1.66,2.48,4.46,11.21,8.73,11.69,25.07,45.32,40.78,0,0,INCREASE REPLENISHMENT,2.0,PROACTIVE (Forward Shortfall)
2019-02-22,M01AB,2.33,2.42,4.81,11.99,9.57,12.44,26.87,48.41,41.12,0,0,INCREASE REPLENISHMENT,5.0,PROACTIVE (Forward Shortfall)
2019-02-23,M01AB,5.01,2.78,5.58,13.35,10.57,13.46,30.2,53.51,39.79,0,0,INCREASE REPLENISHMENT,7.0,PROACTIVE (Forward Shortfall)
2019-02-24,M01AB,4.34,3.01,5.35,12.14,9.13,11.76,27.81,48.18,36.78,0,0,MAINTAIN REPLENISHMENT,0.0,PIPELINE IN-TRANSIT SUFFICIENT
2019-02-25,M01AB,5.34,2.54,5.09,11.27,8.73,10.7,25.97,44.51,37.44,0,0,INCREASE REPLENISHMENT,1.0,PROACTIVE (Forward Shortfall)
2019-02-26,M01AB,2.33,2.78,4.92,11.08,8.3,10.67,25.43,43.91,39.1,0,0,INCREASE REPLENISHMENT,4.0,PROACTIVE (Forward Shortfall)
2019-02-27,M01AB,5.0,2.62,4.86,10.4,7.78,9.6,24.18,40.8,36.77,0,0,MAINTAIN REPLENISHMENT,0.0,PIPELINE IN-TRANSIT SUFFICIENT
2019-02-28,M01AB,0.67,2.39,4.45,10.89,8.5,11.15,24.5,43.82,32.77,0,0,INCREASE REPLENISHMENT,8.0,PROACTIVE (Forward Shortfall)
2019-03-01,M01AB,1.33,3.18,4.69,11.21,8.03,11.29,25.36,44.92,36.1,0,0,INCREASE REPLENISHMENT,1.0,PROACTIVE (Forward Shortfall)
2019-03-02,M01AB,4.01,2.18,5.54,12.88,10.7,12.71,29.33,51.35,34.77,0,0,INCREASE REPLENISHMENT,8.0,PROACTIVE (Forward Shortfall)
2019-03-03,M01AB,8.0,2.65,5.36,11.91,9.26,11.34,27.42,47.07,38.76,0,0,MAINTAIN REPLENISHMENT,0.0,PIPELINE IN-TRANSIT SUFFICIENT
2019-03-04,M01AB,5.33,1.95,4.93,12.92,10.97,13.84,28.63,52.6,31.76,0,0,INCREASE REPLENISHMENT,13.0,PROACTIVE (Forward Shortfall)
2019-03-05,M01AB,3.01,2.37,5.09,13.07,10.7,13.82,29.09,53.03,34.43,0,0,INCREASE REPLENISHMENT,6.0,PROACTIVE (Forward Shortfall)
2019-03-06,M01AB,0.34,2.12,5.17,14.29,12.17,15.8,31.31,58.67,31.42,0,0,INCREASE REPLENISHMENT,9.0,PROACTIVE (Forward Shortfall)
2019-03-07,M01AB,7.33,2.48,4.6,13.08,10.6,14.69,28.49,53.93,44.08,0,0,MAINTAIN REPLENISHMENT,0.0,PIPELINE IN-TRANSIT SUFFICIENT
2019-03-08,M01AB,2.33,1.69,4.68,14.44,12.75,16.9,30.94,60.22,42.75,0,0,INCREASE REPLENISHMENT,9.0,PROACTIVE (Forward Shortfall)
2019-03-09,M01AB,6.34,2.94,5.6,14.0,11.06,14.55,31.35,56.55,49.42,0,0,MAINTAIN REPLENISHMENT,0.0,PIPELINE IN-TRANSIT SUFFICIENT
2019-03-10,M01AB,5.83,2.77,5.34,13.96,11.19,14.93,30.95,56.81,43.08,0,0,INCREASE REPLENISHMENT,5.0,PROACTIVE (Forward Shortfall)
2019-03-11,M01AB,14.66,2.5,5.11,13.33,10.83,14.24,29.57,54.23,46.25,0,0,INCREASE REPLENISHMENT,3.0,PROACTIVE (Forward Shortfall)
2019-03-12,M01AB,4.33,1.96,5.41,18.28,16.32,22.29,38.52,77.13,31.59,1,0,INCREASE REPLENISHMENT,38.0,REACTIVE (Below ROP)
2019-03-13,M01AB,2.67,2.39,4.76,17.4,15.01,21.89,36.17,74.09,32.26,1,0,INCREASE REPLENISHMENT,1.0,REACTIVE (Below ROP)
2019-03-14,M01AB,4.0,2.44,4.55,16.25,13.81,20.26,33.91,69.01,32.59,1,0,MAINTAIN REPLENISHMENT,0.0,PIPELINE IN-TRANSIT SUFFICIENT
2019-03-15,M01AB,2.83,2.52,4.75,16.55,14.03,20.44,34.69,70.09,66.59,0,0,INCREASE REPLENISHMENT,3.0,PROACTIVE (Forward Shortfall)
2019-03-16,M01AB,8.34,2.73,5.45,17.09,14.36,20.16,36.51,71.43,64.76,0,0,INCREASE REPLENISHMENT,4.0,PROACTIVE (Forward Shortfall)
2019-03-17,M01AB,6.68,2.77,5.28,17.18,14.41,20.61,36.45,72.15,56.42,0,0,INCREASE REPLENISHMENT,9.0,PROACTIVE (Forward Shortfall)
2019-03-18,M01AB,2.33,2.51,5.35,17.26,14.75,20.63,36.68,72.41,52.74,0,0,INCREASE REPLENISHMENT,7.0,PROACTIVE (Forward Shortfall)
2019-03-19,M01AB,9.0,2.26,4.98,12.24,9.98,12.57,27.51,49.29,54.41,0,1,MAINTAIN REPLENISHMENT,0.0,PIPELINE IN-TRANSIT SUFFICIENT
2019-03-20,M01AB,5.67,2.06,4.73,13.33,11.27,14.9,29.09,54.89,54.41,0,0,MAINTAIN REPLENISHMENT,0.0,PIPELINE IN-TRANSIT SUFFICIENT
2019-03-21,M01AB,2.33,2.53,4.48,12.58,10.05,14.03,27.47,51.77,55.74,0,1,MAINTAIN REPLENISHMENT,0.0,PIPELINE IN-TRANSIT SUFFICIENT
2019-03-22,M01AB,4.66,2.57,4.66,13.3,10.73,14.96,28.94,54.86,53.41,0,0,INCREASE REPLENISHMENT,2.0,PROACTIVE (Forward Shortfall)
2019-03-23,M01AB,6.0,3.2,5.52,13.72,10.52,14.2,30.76,55.36,48.75,0,0,INCREASE REPLENISHMENT,5.0,PROACTIVE (Forward Shortfall)
2019-03-24,M01AB,6.0,2.87,5.36,12.93,10.06,13.11,29.19,51.9,42.75,0,0,INCREASE REPLENISHMENT,3.0,PROACTIVE (Forward Shortfall)
2019-03-25,M01AB,4.84,2.78,5.07,12.51,9.73,12.89,28.1,50.42,38.75,0,0,INCREASE REPLENISHMENT,4.0,PROACTIVE (Forward Shortfall)
2019-03-26,M01AB,4.0,2.47,5.07,11.83,9.36,11.71,26.92,47.2,38.91,0,0,INCREASE REPLENISHMENT,2.0,PROACTIVE (Forward Shortfall)
2019-03-27,M01AB,6.34,2.49,4.87,11.55,9.06,11.57,26.18,46.22,37.91,0,0,INCREASE REPLENISHMENT,3.0,PROACTIVE (Forward Shortfall)
2019-03-28,M01AB,1.33,2.31,4.66,12.46,10.15,13.51,27.49,50.89,35.57,0,0,INCREASE REPLENISHMENT,11.0,PROACTIVE (Forward Shortfall)
2019-03-29,M01AB,3.0,2.15,4.89,10.97,8.82,10.53,25.2,43.44,36.24,0,0,MAINTAIN REPLENISHMENT,0.0,PIPELINE IN-TRANSIT SUFFICIENT
2019-03-30,M01AB,4.66,3.12,5.57,12.05,8.93,11.22,27.93,47.37,36.24,0,0,INCREASE REPLENISHMENT,1.0,PROACTIVE (Forward Shortfall)
2019-03-31,M01AB,7.0,3.03,5.52,11.56,8.53,10.46,27.02,45.14,42.58,0,0,INCREASE REPLENISHMENT,2.0,PROACTIVE (Forward Shortfall)
2019-04-01,M01AB,3.01,2.4,5.19,11.69,9.29,11.26,26.83,46.33,35.58,0,0,INCREASE REPLENISHMENT,8.0,PROACTIVE (Forward Shortfall)
2019-04-02,M01AB,7.67,2.47,5.16,11.84,9.37,11.57,27.05,47.09,33.57,0,0,INCREASE REPLENISHMENT,4.0,PROACTIVE (Forward Shortfall)
2019-04-03,M01AB,5.33,2.05,4.78,12.32,10.27,13.06,27.4,50.02,27.9,0,0,INCREASE REPLENISHMENT,11.0,PROACTIVE (Forward Shortfall)
2019-04-04,M01AB,4.5,2.06,4.79,12.13,10.07,12.71,27.08,49.1,30.57,0,0,INCREASE REPLENISHMENT,4.0,PROACTIVE (Forward Shortfall)
2019-04-05,M01AB,6.34,2.3,5.01,11.41,9.11,11.09,26.12,45.32,30.07,0,0,INCREASE REPLENISHMENT,1.0,PROACTIVE (Forward Shortfall)
2019-04-06,M01AB,3.34,3.29,5.58,11.92,8.63,10.98,27.72,46.74,34.73,0,0,INCREASE REPLENISHMENT,8.0,PROACTIVE (Forward Shortfall)
2019-04-07,M01AB,6.0,3.36,6.09,12.27,8.91,10.7,28.97,47.51,35.39,0,0,INCREASE REPLENISHMENT,4.0,PROACTIVE (Forward Shortfall)
2019-04-08,M01AB,5.0,2.22,5.0,11.46,9.24,11.19,26.19,45.57,30.39,0,0,INCREASE REPLENISHMENT,4.0,PROACTIVE (Forward Shortfall)
2019-04-09,M01AB,2.83,2.82,5.22,12.64,9.82,12.85,28.51,50.77,33.39,0,0,INCREASE REPLENISHMENT,10.0,PROACTIVE (Forward Shortfall)
2019-04-10,M01AB,2.34,2.9,4.86,11.78,8.88,11.99,26.57,47.33,34.56,0,0,MAINTAIN REPLENISHMENT,0.0,PIPELINE IN-TRANSIT SUFFICIENT
2019-04-11,M01AB,7.33,2.81,4.84,12.1,9.29,12.57,27.09,48.87,36.22,0,0,INCREASE REPLENISHMENT,3.0,PROACTIVE (Forward Shortfall)
2019-04-12,M01AB,4.33,2.88,5.0,13.04,10.16,13.93,28.93,53.05,38.89,0,0,INCREASE REPLENISHMENT,12.0,PROACTIVE (Forward Shortfall)
2019-04-13,M01AB,4.5,3.4,5.62,12.34,8.94,11.64,28.5,48.66,34.56,0,0,MAINTAIN REPLENISHMENT,0.0,PIPELINE IN-TRANSIT SUFFICIENT
2019-04-14,M01AB,4.0,3.52,5.58,11.82,8.3,10.81,27.55,46.27,33.06,0,0,INCREASE REPLENISHMENT,2.0,PROACTIVE (Forward Shortfall)
2019-04-15,M01AB,4.66,3.14,5.3,12.05,8.91,11.69,27.59,47.84,41.06,0,0,INCREASE REPLENISHMENT,5.0,PROACTIVE (Forward Shortfall)
2019-04-16,M01AB,2.0,3.09,5.06,10.82,7.73,9.98,25.16,42.44,36.4,0,0,MAINTAIN REPLENISHMENT,0.0,PIPELINE IN-TRANSIT SUFFICIENT
2019-04-17,M01AB,7.0,3.0,4.92,11.45,8.45,11.31,26.07,45.66,36.4,0,0,INCREASE REPLENISHMENT,5.0,PROACTIVE (Forward Shortfall)
2019-04-18,M01AB,0.0,2.62,4.79,11.8,9.18,12.14,26.51,47.54,34.4,0,0,INCREASE REPLENISHMENT,9.0,PROACTIVE (Forward Shortfall)
2019-04-19,M01AB,3.34,2.3,4.89,12.06,9.76,12.42,27.09,48.6,34.4,0,0,INCREASE REPLENISHMENT,1.0,PROACTIVE (Forward Shortfall)
2019-04-20,M01AB,9.0,2.38,5.54,12.68,10.3,12.37,28.99,50.41,36.06,0,0,INCREASE REPLENISHMENT,5.0,PROACTIVE (Forward Shortfall)
2019-04-21,M01AB,3.84,2.83,5.29,14.3,11.47,15.61,31.48,58.51,36.06,0,0,INCREASE REPLENISHMENT,17.0,PROACTIVE (Forward Shortfall)
2019-04-22,M01AB,8.67,2.42,5.15,14.17,11.75,15.62,31.07,58.13,33.22,0,0,INCREASE REPLENISHMENT,3.0,PROACTIVE (Forward Shortfall)
2019-04-23,M01AB,9.0,2.45,5.23,15.27,12.82,17.39,33.08,63.2,29.55,1,0,INCREASE REPLENISHMENT,14.0,REACTIVE (Below ROP)
2019-04-24,M01AB,2.34,2.21,5.07,15.24,13.03,17.61,32.82,63.33,37.55,0,0,INCREASE REPLENISHMENT,9.0,PROACTIVE (Forward Shortfall)
2019-04-25,M01AB,14.01,2.53,4.84,15.42,12.89,18.33,32.85,64.59,38.21,0,0,INCREASE REPLENISHMENT,4.0,PROACTIVE (Forward Shortfall)
2019-04-26,M01AB,6.34,1.37,5.03,16.77,15.4,20.33,35.42,70.64,38.2,0,0,INCREASE REPLENISHMENT,20.0,PROACTIVE (Forward Shortfall)
2019-04-27,M01AB,17.34,2.27,5.74,16.74,14.47,19.05,36.27,69.27,40.86,0,0,INCREASE REPLENISHMENT,5.0,PROACTIVE (Forward Shortfall)
2019-04-28,M01AB,0.0,1.79,5.79,20.28,18.49,25.1,42.47,85.94,27.52,1,0,INCREASE REPLENISHMENT,34.0,REACTIVE (Below ROP)
2019-04-29,M01AB,5.33,2.75,5.24,21.45,18.7,28.08,43.8,92.43,47.52,0,0,INCREASE REPLENISHMENT,6.0,PROACTIVE (Forward Shortfall)
2019-04-30,M01AB,2.0,2.59,5.16,21.58,18.99,28.44,43.92,93.18,47.19,0,0,INCREASE REPLENISHMENT,6.0,PROACTIVE (Forward Shortfall)
2019-05-01,M01AB,2.34,2.28,4.76,21.93,19.65,29.74,44.02,95.53,79.19,0,0,INCREASE REPLENISHMENT,5.0,PROACTIVE (Forward Shortfall)
2019-05-02,M01AB,1.6800000000000002,2.84,4.73,21.91,19.07,29.76,43.95,95.49,82.85,0,0,INCREASE REPLENISHMENT,2.0,PROACTIVE (Forward Shortfall)
2019-05-03,M01AB,4.01,2.78,4.66,20.32,17.54,27.12,41.1,88.08,87.17,0,0,MAINTAIN REPLENISHMENT,0.0,HEALTHY ZONE
2019-05-04,M01AB,9.0,2.63,5.34,20.95,18.32,27.04,43.06,89.89,88.16,0,0,MAINTAIN REPLENISHMENT,0.0,HEALTHY ZONE
2019-05-05,M01AB,7.0,2.9,5.26,14.19,11.29,15.47,31.25,58.04,81.16,0,1,REDUCE REPLENISHMENT,0.0,OVERSTOCKED
2019-05-06,M01AB,4.68,2.66,4.92,13.94,11.28,15.62,30.38,57.44,74.16,0,1,REDUCE REPLENISHMENT,0.0,OVERSTOCKED
2019-05-07,M01AB,2.66,2.88,5.21,14.02,11.14,15.26,30.89,57.32,69.48,0,1,REDUCE REPLENISHMENT,0.0,OVERSTOCKED
2019-05-08,M01AB,9.0,3.31,5.02,13.24,9.93,14.24,29.3,53.96,66.82,0,1,REDUCE REPLENISHMENT,0.0,OVERSTOCKED
2019-05-09,M01AB,5.0,2.99,5.0,13.88,10.89,15.38,30.38,57.02,57.82,0,1,MAINTAIN REPLENISHMENT,0.0,PIPELINE IN-TRANSIT SUFFICIENT
2019-05-10,M01AB,5.0,3.37,4.97,12.74,9.37,13.46,28.37,51.68,52.82,0,1,MAINTAIN REPLENISHMENT,0.0,PIPELINE IN-TRANSIT SUFFICIENT
2019-05-11,M01AB,5.34,3.44,5.94,13.47,10.03,13.04,30.86,53.45,47.82,0,0,INCREASE REPLENISHMENT,6.0,PROACTIVE (Forward Shortfall)
2019-05-12,M01AB,4.67,2.83,5.0,11.63,8.8,11.48,26.48,46.37,42.48,0,0,MAINTAIN REPLENISHMENT,0.0,PIPELINE IN-TRANSIT SUFFICIENT
2019-05-13,M01AB,5.0,2.81,5.0,11.95,9.14,12.04,27.04,47.89,37.81,0,0,INCREASE REPLENISHMENT,5.0,PROACTIVE (Forward Shortfall)
2019-05-14,M01AB,6.67,2.7,4.98,12.99,10.29,13.87,28.81,52.84,38.81,0,0,INCREASE REPLENISHMENT,10.0,PROACTIVE (Forward Shortfall)
2019-05-15,M01AB,4.0,2.73,4.84,11.89,9.16,12.21,26.73,47.88,32.14,0,0,INCREASE REPLENISHMENT,1.0,PROACTIVE (Forward Shortfall)
2019-05-16,M01AB,5.0,2.8,4.54,11.18,8.38,11.5,25.12,45.04,33.14,0,0,INCREASE REPLENISHMENT,1.0,PROACTIVE (Forward Shortfall)
2019-05-17,M01AB,2.66,2.73,4.63,12.18,9.45,13.08,26.97,49.62,38.14,0,0,INCREASE REPLENISHMENT,10.0,PROACTIVE (Forward Shortfall)
2019-05-18,M01AB,10.0,3.18,5.37,13.0,9.82,13.22,29.33,52.22,36.48,0,0,INCREASE REPLENISHMENT,5.0,PROACTIVE (Forward Shortfall)
2019-05-19,M01AB,6.67,2.96,5.16,12.63,9.67,12.94,28.42,50.83,27.48,1,0,INCREASE REPLENISHMENT,9.0,REACTIVE (Below ROP)
2019-05-20,M01AB,3.67,2.64,5.24,13.45,10.81,14.22,29.94,54.57,30.81,0,0,INCREASE REPLENISHMENT,10.0,PROACTIVE (Forward Shortfall)
2019-05-21,M01AB,5.34,2.78,5.52,13.3,10.52,13.48,30.04,53.38,32.14,0,0,INCREASE REPLENISHMENT,3.0,PROACTIVE (Forward Shortfall)
2019-05-22,M01AB,8.16,2.62,4.89,12.54,9.92,13.25,27.92,50.87,35.8,0,0,INCREASE REPLENISHMENT,3.0,PROACTIVE (Forward Shortfall)
2019-05-23,M01AB,2.33,2.63,4.67,12.93,10.3,14.31,28.32,53.1,37.64,0,0,INCREASE REPLENISHMENT,10.0,PROACTIVE (Forward Shortfall)
2019-05-24,M01AB,5.34,2.47,4.74,13.47,11.0,15.12,29.34,55.53,38.31,0,0,INCREASE REPLENISHMENT,5.0,PROACTIVE (Forward Shortfall)
2019-05-25,M01AB,11.0,3.26,5.64,13.79,10.53,14.12,31.04,55.49,35.97,0,0,INCREASE REPLENISHMENT,5.0,PROACTIVE (Forward Shortfall)
2019-05-26,M01AB,6.33,3.06,5.31,14.03,10.97,15.1,31.03,57.19,34.97,0,0,INCREASE REPLENISHMENT,13.0,PROACTIVE (Forward Shortfall)
2019-05-27,M01AB,4.67,2.95,5.28,13.98,11.03,15.07,30.91,57.01,33.64,0,0,INCREASE REPLENISHMENT,6.0,PROACTIVE (Forward Shortfall)
2019-05-28,M01AB,4.33,2.91,5.31,13.73,10.82,14.58,30.51,55.77,33.97,0,0,INCREASE REPLENISHMENT,3.0,PROACTIVE (Forward Shortfall)
2019-05-29,M01AB,5.5,3.1,5.27,13.88,10.78,14.91,30.72,56.55,42.64,0,0,INCREASE REPLENISHMENT,5.0,PROACTIVE (Forward Shortfall)
2019-05-30,M01AB,5.0,2.78,4.75,12.98,10.2,14.25,28.5,53.19,43.14,0,0,INCREASE REPLENISHMENT,3.0,PROACTIVE (Forward Shortfall)
2019-05-31,M01AB,5.99,2.77,4.93,12.25,9.48,12.68,27.47,49.43,41.14,0,0,INCREASE REPLENISHMENT,1.0,PROACTIVE (Forward Shortfall)
2019-06-01,M01AB,3.0,3.72,6.38,13.66,9.94,12.61,31.75,53.59,40.15,0,0,INCREASE REPLENISHMENT,10.0,PROACTIVE (Forward Shortfall)
2019-06-02,M01AB,4.0,3.09,5.53,12.56,9.47,12.18,28.77,49.86,40.15,0,0,MAINTAIN REPLENISHMENT,0.0,PIPELINE IN-TRANSIT SUFFICIENT
2019-06-03,M01AB,0.33,2.53,5.13,12.19,9.66,12.23,27.62,48.8,37.15,0,0,INCREASE REPLENISHMENT,2.0,PROACTIVE (Forward Shortfall)
2019-06-04,M01AB,6.34,2.65,5.07,11.51,8.86,11.15,26.36,45.68,46.82,0,1,MAINTAIN REPLENISHMENT,0.0,PIPELINE IN-TRANSIT SUFFICIENT
2019-06-05,M01AB,5.0,2.54,5.07,12.24,9.7,12.42,27.63,49.14,40.48,0,0,INCREASE REPLENISHMENT,7.0,PROACTIVE (Forward Shortfall)
2019-06-06,M01AB,7.67,2.31,4.79,12.0,9.69,12.49,26.86,48.49,37.48,0,0,INCREASE REPLENISHMENT,5.0,PROACTIVE (Forward Shortfall)
2019-06-07,M01AB,6.0,2.5,4.8,12.49,9.99,13.32,27.72,50.79,29.81,0,0,INCREASE REPLENISHMENT,9.0,PROACTIVE (Forward Shortfall)
2019-06-08,M01AB,3.0,3.15,5.55,13.24,10.09,13.32,29.97,53.04,30.81,0,0,INCREASE REPLENISHMENT,9.0,PROACTIVE (Forward Shortfall)
2019-06-09,M01AB,9.33,2.76,5.44,13.12,10.36,13.3,29.62,52.66,32.81,0,0,INCREASE REPLENISHMENT,2.0,PROACTIVE (Forward Shortfall)
2019-06-10,M01AB,3.0,2.56,5.0,13.96,11.4,15.52,30.52,57.4,32.48,0,0,INCREASE REPLENISHMENT,14.0,PROACTIVE (Forward Shortfall)
2019-06-11,M01AB,11.34,3.01,5.29,12.72,9.71,12.87,28.74,51.03,38.48,0,0,MAINTAIN REPLENISHMENT,0.0,PIPELINE IN-TRANSIT SUFFICIENT
2019-06-12,M01AB,8.0,2.51,4.91,14.26,11.75,16.19,30.92,58.97,29.14,1,0,INCREASE REPLENISHMENT,16.0,REACTIVE (Below ROP)
2019-06-13,M01AB,0.68,3.51,5.25,14.53,11.02,16.07,31.82,59.66,35.14,0,0,INCREASE REPLENISHMENT,9.0,PROACTIVE (Forward Shortfall)
2019-06-14,M01AB,3.18,1.52,4.59,15.6,14.08,19.07,32.84,65.87,34.46,0,0,INCREASE REPLENISHMENT,7.0,PROACTIVE (Forward Shortfall)
2019-06-15,M01AB,7.0,2.99,5.28,16.61,13.62,19.62,35.46,69.45,47.28,0,0,INCREASE REPLENISHMENT,7.0,PROACTIVE (Forward Shortfall)
2019-06-16,M01AB,4.0,3.03,5.23,16.24,13.21,19.07,34.76,67.79,49.28,0,0,INCREASE REPLENISHMENT,5.0,PROACTIVE (Forward Shortfall)
2019-06-17,M01AB,6.66,2.61,4.94,15.42,12.81,18.15,32.97,64.41,52.28,0,0,INCREASE REPLENISHMENT,1.0,PROACTIVE (Forward Shortfall)
2019-06-18,M01AB,5.0,2.53,5.09,15.28,12.75,17.65,32.92,63.49,52.62,0,0,INCREASE REPLENISHMENT,5.0,PROACTIVE (Forward Shortfall)
2019-06-19,M01AB,3.67,2.46,4.78,12.7,10.24,13.72,28.06,51.82,52.62,0,1,MAINTAIN REPLENISHMENT,0.0,PIPELINE IN-TRANSIT SUFFICIENT
2019-06-20,M01AB,5.0,2.27,4.4,12.14,9.87,13.41,26.61,49.83,49.95,0,1,MAINTAIN REPLENISHMENT,0.0,PIPELINE IN-TRANSIT SUFFICIENT
2019-06-21,M01AB,3.0,2.71,4.61,11.71,9.0,12.3,26.13,47.43,49.95,0,1,MAINTAIN REPLENISHMENT,0.0,PIPELINE IN-TRANSIT SUFFICIENT
2019-06-22,M01AB,3.0,3.09,5.36,12.67,9.58,12.66,28.74,50.67,46.95,0,0,INCREASE REPLENISHMENT,4.0,PROACTIVE (Forward Shortfall)
2019-06-23,M01AB,9.33,2.96,5.08,11.66,8.7,11.4,26.64,46.38,43.95,0,0,MAINTAIN REPLENISHMENT,0.0,PIPELINE IN-TRANSIT SUFFICIENT
2019-06-24,M01AB,10.0,2.91,4.73,12.05,9.14,12.68,26.87,48.83,34.62,0,0,INCREASE REPLENISHMENT,11.0,PROACTIVE (Forward Shortfall)
2019-06-25,M01AB,2.34,2.41,4.93,13.74,11.33,15.26,30.05,56.48,28.62,1,0,INCREASE REPLENISHMENT,17.0,REACTIVE (Below ROP)
2019-06-26,M01AB,2.0,2.74,5.04,14.43,11.69,16.26,31.38,59.55,26.28,1,0,INCREASE REPLENISHMENT,6.0,REACTIVE (Below ROP)
2019-06-27,M01AB,8.16,1.96,4.31,14.14,12.18,17.03,29.96,59.45,35.28,0,0,INCREASE REPLENISHMENT,2.0,PROACTIVE (Forward Shortfall)
2019-06-28,M01AB,4.33,2.44,4.57,14.9,12.46,17.89,31.6,62.59,44.12,0,0,INCREASE REPLENISHMENT,11.0,PROACTIVE (Forward Shortfall)
2019-06-29,M01AB,1.1800000000000002,2.61,5.1,15.15,12.54,17.41,32.71,62.86,45.79,0,0,INCREASE REPLENISHMENT,5.0,PROACTIVE (Forward Shortfall)
2019-06-30,M01AB,6.0,2.42,5.18,15.91,13.49,18.58,34.12,66.31,46.61,0,0,INCREASE REPLENISHMENT,4.0,PROACTIVE (Forward Shortfall)
2019-07-01,M01AB,5.33,2.22,4.75,14.53,12.31,16.94,31.19,60.53,51.61,0,0,MAINTAIN REPLENISHMENT,0.0,PIPELINE IN-TRANSIT SUFFICIENT
2019-07-02,M01AB,5.66,2.5,4.83,12.66,10.16,13.56,28.05,51.54,51.28,0,0,MAINTAIN REPLENISHMENT,0.0,PIPELINE IN-TRANSIT SUFFICIENT
2019-07-03,M01AB,4.0,2.15,4.83,12.44,10.29,13.18,27.67,50.5,49.62,0,0,INCREASE REPLENISHMENT,1.0,PROACTIVE (Forward Shortfall)
2019-07-04,M01AB,5.33,2.97,4.38,11.54,8.57,12.4,25.54,47.02,45.62,0,0,INCREASE REPLENISHMENT,1.0,PROACTIVE (Forward Shortfall)
2019-07-05,M01AB,4.33,2.49,4.73,12.22,9.73,12.97,27.16,49.63,40.29,0,0,INCREASE REPLENISHMENT,8.0,PROACTIVE (Forward Shortfall)
2019-07-06,M01AB,4.34,2.61,5.27,12.55,9.94,12.61,28.42,50.26,36.96,0,0,INCREASE REPLENISHMENT,5.0,PROACTIVE (Forward Shortfall)
2019-07-07,M01AB,5.66,2.9,5.34,12.5,9.6,12.4,28.42,49.9,33.62,0,0,INCREASE REPLENISHMENT,4.0,PROACTIVE (Forward Shortfall)
2019-07-08,M01AB,6.0,2.86,5.19,12.3,9.44,12.31,27.88,49.21,35.96,0,0,INCREASE REPLENISHMENT,5.0,PROACTIVE (Forward Shortfall)
2019-07-09,M01AB,2.67,2.53,5.05,12.74,10.21,13.32,28.47,51.54,34.96,0,0,INCREASE REPLENISHMENT,8.0,PROACTIVE (Forward Shortfall)
2019-07-10,M01AB,10.0,2.29,4.96,12.43,10.14,12.94,27.82,50.23,36.29,0,0,INCREASE REPLENISHMENT,1.0,PROACTIVE (Forward Shortfall)
2019-07-11,M01AB,3.33,2.89,5.07,12.39,9.5,12.68,27.89,49.85,31.29,0,0,INCREASE REPLENISHMENT,10.0,PROACTIVE (Forward Shortfall)
2019-07-12,M01AB,11.0,2.32,4.82,12.48,10.16,13.27,27.73,50.71,35.96,0,0,INCREASE REPLENISHMENT,4.0,PROACTIVE (Forward Shortfall)
2019-07-13,M01AB,5.0,2.47,5.55,15.03,12.56,16.42,33.07,61.51,25.96,1,0,INCREASE REPLENISHMENT,22.0,REACTIVE (Below ROP)
2019-07-14,M01AB,6.0,2.69,5.17,14.54,11.85,16.23,31.74,59.85,30.96,1,0,INCREASE REPLENISHMENT,3.0,REACTIVE (Below ROP)
2019-07-15,M01AB,7.33,2.88,5.6,14.94,12.06,16.18,32.98,61.0,28.96,1,0,INCREASE REPLENISHMENT,8.0,REACTIVE (Below ROP)
2019-07-16,M01AB,7.0,3.04,5.59,14.98,11.94,16.26,33.03,61.2,43.63,0,0,INCREASE REPLENISHMENT,7.0,PROACTIVE (Forward Shortfall)
2019-07-17,M01AB,3.99,2.95,5.11,13.39,10.44,14.34,29.67,54.51,39.63,0,0,MAINTAIN REPLENISHMENT,0.0,PIPELINE IN-TRANSIT SUFFICIENT
2019-07-18,M01AB,11.0,2.75,4.79,12.77,10.02,13.82,28.19,52.13,43.64,0,0,INCREASE REPLENISHMENT,2.0,PROACTIVE (Forward Shortfall)
2019-07-19,M01AB,7.33,3.04,5.39,13.8,10.76,14.57,30.74,55.97,39.64,0,0,INCREASE REPLENISHMENT,15.0,PROACTIVE (Forward Shortfall)
2019-07-20,M01AB,4.34,3.4,5.8,13.01,9.61,12.49,29.89,51.52,32.31,0,0,INCREASE REPLENISHMENT,3.0,PROACTIVE (Forward Shortfall)
2019-07-21,M01AB,6.34,3.13,5.53,12.98,9.85,12.9,29.49,51.84,29.97,0,0,INCREASE REPLENISHMENT,4.0,PROACTIVE (Forward Shortfall)
2019-07-22,M01AB,1.0,3.17,5.38,12.79,9.62,12.83,28.97,51.2,38.63,0,0,INCREASE REPLENISHMENT,6.0,PROACTIVE (Forward Shortfall)
2019-07-23,M01AB,1.34,2.79,5.53,14.87,12.08,16.18,32.77,60.79,40.63,0,0,INCREASE REPLENISHMENT,11.0,PROACTIVE (Forward Shortfall)
2019-07-24,M01AB,8.0,2.95,5.42,15.61,12.66,17.65,33.91,64.48,43.29,0,0,INCREASE REPLENISHMENT,5.0,PROACTIVE (Forward Shortfall)
2019-07-25,M01AB,6.0,2.68,5.07,15.54,12.86,18.13,33.34,64.75,41.29,0,0,INCREASE REPLENISHMENT,8.0,PROACTIVE (Forward Shortfall)
2019-07-26,M01AB,12.5,2.76,5.16,13.68,10.92,14.76,30.24,55.8,46.29,0,0,MAINTAIN REPLENISHMENT,0.0,PIPELINE IN-TRANSIT SUFFICIENT
2019-07-27,M01AB,3.34,2.87,5.7,16.97,14.1,19.52,36.62,70.43,38.79,0,0,INCREASE REPLENISHMENT,24.0,PROACTIVE (Forward Shortfall)
2019-07-28,M01AB,4.34,2.51,5.58,17.02,14.51,19.81,36.55,70.87,43.45,0,0,INCREASE REPLENISHMENT,4.0,PROACTIVE (Forward Shortfall)
2019-07-29,M01AB,9.0,2.47,5.22,16.66,14.19,19.81,35.47,69.79,39.11,0,0,INCREASE REPLENISHMENT,3.0,PROACTIVE (Forward Shortfall)
2019-07-30,M01AB,9.5,2.79,5.25,16.06,13.27,18.72,34.47,66.9,54.11,0,0,INCREASE REPLENISHMENT,6.0,PROACTIVE (Forward Shortfall)
2019-07-31,M01AB,0.0,3.19,5.43,14.86,11.67,16.33,32.62,60.91,48.61,0,0,INCREASE REPLENISHMENT,4.0,PROACTIVE (Forward Shortfall)
2019-08-01,M01AB,8.67,3.06,4.7,16.6,13.54,20.61,34.71,70.41,51.61,0,0,INCREASE REPLENISHMENT,9.0,PROACTIVE (Forward Shortfall)
2019-08-02,M01AB,5.0,1.23,4.96,17.05,15.82,20.94,35.82,72.09,48.94,0,0,INCREASE REPLENISHMENT,11.0,PROACTIVE (Forward Shortfall)
2019-08-03,M01AB,5.34,3.36,5.69,15.9,12.54,17.68,34.75,65.38,47.94,0,0,MAINTAIN REPLENISHMENT,0.0,PIPELINE IN-TRANSIT SUFFICIENT
2019-08-04,M01AB,6.5,3.23,5.46,15.33,12.1,17.1,33.48,63.09,51.6,0,0,INCREASE REPLENISHMENT,1.0,PROACTIVE (Forward Shortfall)
2019-08-05,M01AB,4.0,2.86,5.37,15.07,12.21,16.8,32.91,62.01,56.1,0,0,INCREASE REPLENISHMENT,5.0,PROACTIVE (Forward Shortfall)
2019-08-06,M01AB,10.0,3.2,5.48,14.83,11.63,16.19,32.63,60.68,52.1,0,0,INCREASE REPLENISHMENT,3.0,PROACTIVE (Forward Shortfall)
2019-08-07,M01AB,6.0,2.23,5.03,14.63,12.4,16.63,31.72,60.52,43.1,0,0,INCREASE REPLENISHMENT,10.0,PROACTIVE (Forward Shortfall)
2019-08-08,M01AB,7.66,2.61,4.89,11.85,9.24,12.06,26.73,47.61,42.1,0,0,MAINTAIN REPLENISHMENT,0.0,PIPELINE IN-TRANSIT SUFFICIENT
2019-08-09,M01AB,3.0,3.16,5.06,12.72,9.56,13.27,28.45,51.43,37.44,0,0,INCREASE REPLENISHMENT,4.0,PROACTIVE (Forward Shortfall)
2019-08-10,M01AB,3.33,3.44,5.74,13.16,9.72,12.85,30.07,52.33,44.44,0,0,INCREASE REPLENISHMENT,4.0,PROACTIVE (Forward Shortfall)
2019-08-11,M01AB,7.0,3.26,5.41,13.33,10.07,13.72,29.95,53.71,41.11,0,0,INCREASE REPLENISHMENT,5.0,PROACTIVE (Forward Shortfall)
2019-08-12,M01AB,8.33,3.44,5.68,13.68,10.24,13.86,30.9,54.9,38.11,0,0,INCREASE REPLENISHMENT,8.0,PROACTIVE (Forward Shortfall)
2019-08-13,M01AB,8.0,3.48,5.37,13.37,9.89,13.86,29.97,53.97,33.78,0,0,INCREASE REPLENISHMENT,8.0,PROACTIVE (Forward Shortfall)
2019-08-14,M01AB,4.34,2.87,5.01,12.14,9.27,12.35,27.38,48.77,30.78,0,0,INCREASE REPLENISHMENT,2.0,PROACTIVE (Forward Shortfall)
2019-08-15,M01AB,8.67,3.29,5.23,12.61,9.32,12.78,28.47,50.61,34.44,0,0,INCREASE REPLENISHMENT,7.0,PROACTIVE (Forward Shortfall)
2019-08-16,M01AB,3.33,3.42,5.07,12.81,9.39,13.41,28.62,51.84,33.77,0,0,INCREASE REPLENISHMENT,10.0,PROACTIVE (Forward Shortfall)
2019-08-17,M01AB,7.67,3.42,5.64,13.22,9.8,13.13,30.05,52.79,32.44,0,0,INCREASE REPLENISHMENT,4.0,PROACTIVE (Forward Shortfall)
2019-08-18,M01AB,4.84,3.67,5.7,12.88,9.21,12.44,29.54,51.08,31.77,0,0,INCREASE REPLENISHMENT,6.0,PROACTIVE (Forward Shortfall)
2019-08-19,M01AB,3.68,2.99,5.44,12.58,9.59,12.37,28.69,50.11,36.93,0,0,INCREASE REPLENISHMENT,4.0,PROACTIVE (Forward Shortfall)
2019-08-20,M01AB,2.0,2.87,5.31,12.54,9.67,12.52,28.45,50.14,37.25,0,0,INCREASE REPLENISHMENT,3.0,PROACTIVE (Forward Shortfall)
2019-08-21,M01AB,4.34,2.42,5.1,12.69,10.27,13.15,28.45,51.22,41.25,0,0,INCREASE REPLENISHMENT,3.0,PROACTIVE (Forward Shortfall)
2019-08-22,M01AB,5.34,2.55,5.0,12.6,10.05,13.16,28.16,50.96,40.91,0,0,INCREASE REPLENISHMENT,5.0,PROACTIVE (Forward Shortfall)
2019-08-23,M01AB,9.67,2.81,5.18,11.61,8.8,11.14,26.68,45.97,38.57,0,0,MAINTAIN REPLENISHMENT,0.0,PIPELINE IN-TRANSIT SUFFICIENT
2019-08-24,M01AB,13.84,3.17,5.84,13.8,10.63,13.79,31.31,55.19,31.9,0,0,INCREASE REPLENISHMENT,19.0,PROACTIVE (Forward Shortfall)
2019-08-25,M01AB,3.0,3.41,5.65,17.18,13.77,19.97,36.92,71.51,23.06,1,0,INCREASE REPLENISHMENT,30.0,REACTIVE (Below ROP)
2019-08-26,M01AB,2.67,3.27,5.84,17.75,14.48,20.63,38.15,73.88,20.06,1,0,INCREASE REPLENISHMENT,5.0,REACTIVE (Below ROP)
2019-08-27,M01AB,2.34,2.73,5.35,17.51,14.78,21.06,37.11,73.59,36.39,1,0,INCREASE REPLENISHMENT,3.0,REACTIVE (Below ROP)
2019-08-28,M01AB,3.33,2.64,5.06,17.11,14.47,20.87,36.05,72.2,64.05,0,0,INCREASE REPLENISHMENT,1.0,PROACTIVE (Forward Shortfall)
2019-08-29,M01AB,9.0,3.02,5.14,17.37,14.35,21.18,36.6,73.29,65.72,0,0,INCREASE REPLENISHMENT,4.0,PROACTIVE (Forward Shortfall)
2019-08-30,M01AB,6.34,3.01,5.18,17.77,14.76,21.81,37.35,75.12,59.72,0,0,INCREASE REPLENISHMENT,11.0,PROACTIVE (Forward Shortfall)
2019-08-31,M01AB,4.68,3.2,5.95,17.97,14.77,20.82,38.67,74.73,54.38,0,0,INCREASE REPLENISHMENT,6.0,PROACTIVE (Forward Shortfall)
2019-09-01,M01AB,2.0,2.53,5.38,13.03,10.5,13.25,29.39,52.34,53.7,0,1,MAINTAIN REPLENISHMENT,0.0,PIPELINE IN-TRANSIT SUFFICIENT
2019-09-02,M01AB,5.33,2.7,5.33,13.28,10.58,13.77,29.76,53.61,62.7,0,1,REDUCE REPLENISHMENT,0.0,OVERSTOCKED
2019-09-03,M01AB,9.36,2.7,5.1,12.83,10.13,13.39,28.69,51.88,63.37,0,1,REDUCE REPLENISHMENT,0.0,OVERSTOCKED
2019-09-04,M01AB,2.0,2.77,5.09,13.48,10.71,14.53,29.8,54.97,54.01,0,0,INCREASE REPLENISHMENT,1.0,PROACTIVE (Forward Shortfall)
2019-09-05,M01AB,7.0,2.75,4.99,13.92,11.17,15.47,30.44,57.23,52.01,0,0,INCREASE REPLENISHMENT,5.0,PROACTIVE (Forward Shortfall)
2019-09-06,M01AB,1.6800000000000002,2.86,5.14,13.35,10.49,14.22,29.64,54.27,45.01,0,0,INCREASE REPLENISHMENT,4.0,PROACTIVE (Forward Shortfall)
2019-09-07,M01AB,8.33,3.2,5.45,14.24,11.04,15.22,31.57,57.94,44.33,0,0,INCREASE REPLENISHMENT,5.0,PROACTIVE (Forward Shortfall)
2019-09-08,M01AB,7.01,3.14,5.63,15.19,12.05,16.56,33.45,62.13,41.0,0,0,INCREASE REPLENISHMENT,13.0,PROACTIVE (Forward Shortfall)
2019-09-09,M01AB,1.1800000000000002,2.45,5.14,14.11,11.66,15.54,30.96,57.87,37.99,0,0,INCREASE REPLENISHMENT,2.0,PROACTIVE (Forward Shortfall)
2019-09-10,M01AB,8.66,2.78,5.29,15.38,12.6,17.48,33.35,63.62,41.81,0,0,INCREASE REPLENISHMENT,7.0,PROACTIVE (Forward Shortfall)
2019-09-11,M01AB,2.67,2.6,5.16,14.95,12.35,16.96,32.44,61.81,46.15,0,0,INCREASE REPLENISHMENT,7.0,PROACTIVE (Forward Shortfall)
2019-09-12,M01AB,2.33,2.49,4.69,14.25,11.76,16.56,30.63,59.31,45.48,0,0,MAINTAIN REPLENISHMENT,0.0,PIPELINE IN-TRANSIT SUFFICIENT
2019-09-13,M01AB,6.34,2.83,4.73,14.41,11.58,16.77,30.96,60.0,50.15,0,0,INCREASE REPLENISHMENT,3.0,PROACTIVE (Forward Shortfall)
2019-09-14,M01AB,8.99,3.57,5.75,14.94,11.37,15.92,33.17,60.74,50.81,0,0,INCREASE REPLENISHMENT,7.0,PROACTIVE (Forward Shortfall)
2019-09-15,M01AB,5.34,3.16,5.38,14.84,11.68,16.39,32.53,60.91,41.82,0,0,INCREASE REPLENISHMENT,10.0,PROACTIVE (Forward Shortfall)
2019-09-16,M01AB,9.33,2.53,4.97,14.23,11.7,16.04,30.95,58.73,39.48,0,0,INCREASE REPLENISHMENT,3.0,PROACTIVE (Forward Shortfall)
2019-09-17,M01AB,4.5,2.9,5.06,13.9,11.0,15.31,30.49,57.01,37.15,0,0,INCREASE REPLENISHMENT,7.0,PROACTIVE (Forward Shortfall)
2019-09-18,M01AB,6.33,2.43,4.91,13.39,10.96,14.69,29.42,54.86,42.65,0,0,INCREASE REPLENISHMENT,3.0,PROACTIVE (Forward Shortfall)
2019-09-19,M01AB,7.33,3.13,4.74,12.46,9.33,13.37,27.59,50.75,39.32,0,0,INCREASE REPLENISHMENT,2.0,PROACTIVE (Forward Shortfall)
2019-09-20,M01AB,5.34,2.65,4.84,12.49,9.84,13.25,27.77,50.72,38.99,0,0,INCREASE REPLENISHMENT,7.0,PROACTIVE (Forward Shortfall)
2019-09-21,M01AB,10.68,2.94,5.71,14.3,11.36,14.88,32.01,57.78,36.65,0,0,INCREASE REPLENISHMENT,13.0,PROACTIVE (Forward Shortfall)
2019-09-22,M01AB,3.33,3.36,5.43,12.75,9.39,12.68,28.97,50.93,27.97,1,0,INCREASE REPLENISHMENT,3.0,REACTIVE (Below ROP)
2019-09-23,M01AB,5.34,2.84,5.32,13.44,10.6,14.06,30.02,54.38,31.64,0,0,INCREASE REPLENISHMENT,7.0,PROACTIVE (Forward Shortfall)
2019-09-24,M01AB,2.0,2.95,5.31,12.85,9.9,13.06,28.99,51.61,39.3,0,0,INCREASE REPLENISHMENT,3.0,PROACTIVE (Forward Shortfall)
2019-09-25,M01AB,6.0,2.18,5.07,13.62,11.44,14.81,30.02,55.67,40.3,0,0,INCREASE REPLENISHMENT,6.0,PROACTIVE (Forward Shortfall)
2019-09-26,M01AB,5.5,2.6,4.78,13.31,10.71,14.77,29.11,54.7,41.3,0,0,INCREASE REPLENISHMENT,5.0,PROACTIVE (Forward Shortfall)
2019-09-27,M01AB,4.66,2.44,4.98,13.29,10.85,14.39,29.33,54.26,38.8,0,0,INCREASE REPLENISHMENT,5.0,PROACTIVE (Forward Shortfall)
2019-09-28,M01AB,7.0,3.07,5.59,13.94,10.87,14.46,31.23,56.28,40.14,0,0,INCREASE REPLENISHMENT,7.0,PROACTIVE (Forward Shortfall)
2019-09-29,M01AB,3.51,2.88,5.35,12.22,9.34,11.9,27.95,48.56,38.14,0,0,MAINTAIN REPLENISHMENT,0.0,PIPELINE IN-TRANSIT SUFFICIENT
2019-09-30,M01AB,2.0,2.99,5.61,11.48,8.49,10.17,27.0,44.61,39.63,0,0,MAINTAIN REPLENISHMENT,0.0,PIPELINE IN-TRANSIT SUFFICIENT
2019-10-01,M01AB,11.34,2.96,5.15,11.7,8.74,11.34,26.79,46.44,44.63,0,0,INCREASE REPLENISHMENT,2.0,PROACTIVE (Forward Shortfall)
2019-10-02,M01AB,5.18,2.31,5.23,14.17,11.86,15.48,31.17,57.99,33.29,0,0,INCREASE REPLENISHMENT,23.0,PROACTIVE (Forward Shortfall)
2019-10-03,M01AB,5.0,2.4,4.98,13.92,11.52,15.48,30.42,57.24,28.11,1,0,INCREASE REPLENISHMENT,5.0,REACTIVE (Below ROP)
2019-10-04,M01AB,7.34,2.25,5.13,14.09,11.84,15.52,30.91,57.79,25.11,1,0,INCREASE REPLENISHMENT,5.0,REACTIVE (Below ROP)
2019-10-05,M01AB,3.84,3.55,5.85,14.92,11.37,15.71,33.26,60.47,40.77,0,0,INCREASE REPLENISHMENT,10.0,PROACTIVE (Forward Shortfall)
2019-10-06,M01AB,4.0,2.8,5.34,14.51,11.71,15.88,31.9,59.41,41.93,0,0,INCREASE REPLENISHMENT,3.0,PROACTIVE (Forward Shortfall)
2019-10-07,M01AB,7.34,1.97,5.14,14.2,12.23,15.69,31.11,58.29,42.93,0,0,INCREASE REPLENISHMENT,3.0,PROACTIVE (Forward Shortfall)
2019-10-08,M01AB,0.33,2.88,5.39,13.55,10.67,14.13,30.3,54.78,45.59,0,0,MAINTAIN REPLENISHMENT,0.0,HEALTHY ZONE
2020-01-01,M01AB,,2.45,4.97,8.84,6.39,6.7,21.61,33.22,48.26,0,1,REDUCE REPLENISHMENT,0.0,OVERSTOCKED
2020-01-02,M01AB,,2.44,4.97,8.2,5.76,5.59,20.5,30.19,46.29,0,1,REDUCE REPLENISHMENT,0.0,OVERSTOCKED
2020-01-03,M01AB,,2.6,5.38,7.98,5.38,4.5,20.64,28.44,41.32,0,1,MAINTAIN REPLENISHMENT,0.0,PIPELINE IN-TRANSIT SUFFICIENT
2020-01-04,M01AB,,3.17,5.59,8.62,5.45,5.25,22.02,31.11,35.94,0,1,MAINTAIN REPLENISHMENT,0.0,PIPELINE IN-TRANSIT SUFFICIENT
2020-01-05,M01AB,,2.98,5.51,8.61,5.63,5.37,21.9,31.2,30.35,0,0,INCREASE REPLENISHMENT,1.0,PROACTIVE (Forward Shortfall)
2020-01-06,M01AB,,2.69,5.41,8.16,5.47,4.76,20.99,29.24,24.84,0,0,INCREASE REPLENISHMENT,4.0,PROACTIVE (Forward Shortfall)
2020-01-07,M01AB,,2.59,6.12,8.75,6.16,4.56,22.92,30.81,19.43,1,0,INCREASE REPLENISHMENT,7.0,REACTIVE (Below ROP)
2020-01-08,M01AB,,2.7,5.57,9.0,6.3,5.94,22.65,32.94,14.31,1,0,INCREASE REPLENISHMENT,8.0,REACTIVE (Below ROP)
2020-01-09,M01AB,,2.59,5.45,8.45,5.86,5.2,21.55,30.55,12.74,1,0,INCREASE REPLENISHMENT,3.0,REACTIVE (Below ROP)
2020-01-10,M01AB,,2.76,5.54,8.33,5.57,4.83,21.45,29.82,14.29,1,0,INCREASE REPLENISHMENT,5.0,REACTIVE (Below ROP)
2020-01-11,M01AB,,2.72,5.0,9.19,6.47,7.26,22.26,34.83,16.75,1,0,INCREASE REPLENISHMENT,11.0,REACTIVE (Below ROP)
2020-01-12,M01AB,,2.39,5.7,9.23,6.84,6.11,23.21,33.8,14.75,1,0,INCREASE REPLENISHMENT,4.0,REACTIVE (Below ROP)
2020-01-13,M01AB,,2.36,6.09,8.93,6.57,4.92,23.19,31.71,14.05,1,0,INCREASE REPLENISHMENT,3.0,REACTIVE (Below ROP)
2020-01-14,M01AB,,2.4,5.64,9.36,6.96,6.44,23.36,34.52,18.96,1,0,INCREASE REPLENISHMENT,9.0,REACTIVE (Below ROP)
2020-01-15,M01AB,,2.65,5.51,8.45,5.8,5.09,21.62,30.44,17.32,1,0,INCREASE REPLENISHMENT,2.0,REACTIVE (Below ROP)
2020-01-16,M01AB,,2.23,5.34,8.16,5.93,4.88,20.9,29.36,14.81,1,0,INCREASE REPLENISHMENT,4.0,REACTIVE (Below ROP)
2020-01-17,M01AB,,2.15,5.35,8.16,6.01,4.87,20.92,29.35,18.47,1,0,INCREASE REPLENISHMENT,5.0,REACTIVE (Below ROP)
2020-01-18,M01AB,,2.01,5.8,8.87,6.86,5.32,22.72,31.93,15.12,1,0,INCREASE REPLENISHMENT,8.0,REACTIVE (Below ROP)
2020-01-19,M01AB,,2.35,5.96,8.84,6.49,4.99,22.87,31.51,13.32,1,0,INCREASE REPLENISHMENT,6.0,REACTIVE (Below ROP)
2020-01-20,M01AB,,2.44,5.59,8.47,6.03,4.99,21.76,30.4,12.36,1,0,INCREASE REPLENISHMENT,5.0,REACTIVE (Below ROP)
2020-01-21,M01AB,,2.13,5.47,8.66,6.53,5.53,21.94,31.51,14.77,1,0,INCREASE REPLENISHMENT,6.0,REACTIVE (Below ROP)
2020-01-22,M01AB,,2.42,5.82,8.7,6.28,4.99,22.45,31.09,15.3,1,0,INCREASE REPLENISHMENT,5.0,REACTIVE (Below ROP)
2020-01-23,M01AB,,2.08,5.24,8.17,6.09,5.07,20.79,29.58,14.48,1,0,INCREASE REPLENISHMENT,5.0,REACTIVE (Below ROP)
2020-01-24,M01AB,,2.58,5.56,8.25,5.67,4.66,21.34,29.41,15.24,1,0,INCREASE REPLENISHMENT,5.0,REACTIVE (Below ROP)
2020-01-25,M01AB,,2.73,5.87,8.98,6.25,5.39,23.0,32.33,14.68,1,0,INCREASE REPLENISHMENT,8.0,REACTIVE (Below ROP)
2020-01-26,M01AB,,2.33,5.94,8.9,6.57,5.13,22.95,31.83,13.81,1,0,INCREASE REPLENISHMENT,6.0,REACTIVE (Below ROP)
2020-01-27,M01AB,,2.48,5.47,9.18,6.7,6.43,22.84,33.97,12.87,1,0,INCREASE REPLENISHMENT,8.0,REACTIVE (Below ROP)
2020-01-28,M01AB,,2.05,5.4,8.77,6.72,5.84,22.04,32.15,15.4,1,0,INCREASE REPLENISHMENT,3.0,REACTIVE (Below ROP)
2020-01-29,M01AB,,2.47,5.51,10.01,7.54,7.79,24.32,37.82,16.0,1,0,INCREASE REPLENISHMENT,11.0,REACTIVE (Below ROP)
2020-01-30,M01AB,,2.52,5.43,9.74,7.22,7.47,23.76,36.69,18.49,1,0,INCREASE REPLENISHMENT,5.0,REACTIVE (Below ROP)
2020-01-31,M01AB,,2.11,5.35,9.77,7.66,7.66,23.71,36.97,16.06,1,0,INCREASE REPLENISHMENT,5.0,REACTIVE (Below ROP)
2020-02-01,M01AB,,2.74,6.0,10.04,7.3,7.0,25.0,37.12,21.71,1,0,INCREASE REPLENISHMENT,6.0,REACTIVE (Below ROP)
2020-02-02,M01AB,,2.32,6.69,10.0,7.68,5.73,25.8,35.73,20.71,1,0,INCREASE REPLENISHMENT,5.0,REACTIVE (Below ROP)
2020-02-03,M01AB,,1.9,5.65,10.16,8.26,7.81,24.76,38.29,19.02,1,0,INCREASE REPLENISHMENT,9.0,REACTIVE (Below ROP)
2020-02-04,M01AB,,1.94,5.67,10.06,8.12,7.6,24.61,37.78,19.37,1,0,INCREASE REPLENISHMENT,5.0,REACTIVE (Below ROP)
2020-02-05,M01AB,,1.95,5.58,10.02,8.07,7.69,24.43,37.75,18.7,1,0,INCREASE REPLENISHMENT,6.0,REACTIVE (Below ROP)
2020-02-06,M01AB,,1.92,5.53,9.66,7.74,7.15,23.74,36.13,22.12,1,0,INCREASE REPLENISHMENT,4.0,REACTIVE (Below ROP)
2020-02-07,M01AB,,1.94,5.13,9.74,7.8,7.98,23.37,37.2,21.59,1,0,INCREASE REPLENISHMENT,6.0,REACTIVE (Below ROP)
2020-02-08,M01AB,,2.35,6.11,9.89,7.54,6.55,24.88,36.22,22.46,1,0,INCREASE REPLENISHMENT,4.0,REACTIVE (Below ROP)
2020-02-09,M01AB,,2.23,5.97,9.87,7.64,6.75,24.66,36.36,20.35,1,0,INCREASE REPLENISHMENT,7.0,REACTIVE (Below ROP)
2020-02-10,M01AB,,1.97,5.34,10.18,8.21,8.38,24.4,38.92,20.38,1,0,INCREASE REPLENISHMENT,8.0,REACTIVE (Below ROP)
2020-02-11,M01AB,,1.95,5.4,9.99,8.04,7.95,24.15,37.92,19.04,1,0,INCREASE REPLENISHMENT,4.0,REACTIVE (Below ROP)
2020-02-12,M01AB,,1.93,5.28,9.83,7.9,7.88,23.72,37.37,20.64,1,0,INCREASE REPLENISHMENT,5.0,REACTIVE (Below ROP)
2020-02-13,M01AB,,1.94,5.12,9.61,7.67,7.78,23.14,36.61,23.36,0,0,INCREASE REPLENISHMENT,5.0,PROACTIVE (Forward Shortfall)
2020-02-14,M01AB,,1.95,5.5,9.75,7.8,7.36,23.86,36.61,22.24,1,0,INCREASE REPLENISHMENT,5.0,REACTIVE (Below ROP)
2020-02-15,M01AB,,2.21,5.95,9.91,7.7,6.86,24.71,36.59,21.74,1,0,INCREASE REPLENISHMENT,5.0,REACTIVE (Below ROP)
2020-02-16,M01AB,,2.27,5.99,9.87,7.6,6.72,24.69,36.33,20.79,1,0,INCREASE REPLENISHMENT,6.0,REACTIVE (Below ROP)
2020-02-17,M01AB,,2.51,5.35,10.01,7.5,8.07,24.12,38.1,19.8,1,0,INCREASE REPLENISHMENT,8.0,REACTIVE (Below ROP)
2020-02-18,M01AB,,2.51,5.35,10.04,7.53,8.12,24.17,38.24,19.45,1,0,INCREASE REPLENISHMENT,5.0,REACTIVE (Below ROP)
2020-02-19,M01AB,,2.48,5.4,10.11,7.63,8.16,24.36,38.49,20.1,1,0,INCREASE REPLENISHMENT,6.0,REACTIVE (Below ROP)
2020-02-20,M01AB,,2.44,5.08,9.62,7.18,7.86,23.1,36.72,22.7,1,0,INCREASE REPLENISHMENT,4.0,REACTIVE (Below ROP)
2020-02-21,M01AB,,2.13,5.1,9.65,7.52,7.88,23.18,36.83,22.62,1,0,INCREASE REPLENISHMENT,5.0,REACTIVE (Below ROP)
2020-02-22,M01AB,,2.26,5.96,10.02,7.76,7.03,24.91,37.09,23.52,1,0,INCREASE REPLENISHMENT,5.0,REACTIVE (Below ROP)
2020-02-23,M01AB,,2.73,5.97,9.87,7.14,6.75,24.66,36.36,21.56,1,0,INCREASE REPLENISHMENT,5.0,REACTIVE (Below ROP)
2020-02-24,M01AB,,2.46,5.49,10.19,7.73,8.14,24.61,38.71,20.59,1,0,INCREASE REPLENISHMENT,9.0,REACTIVE (Below ROP)
2020-02-25,M01AB,,2.51,5.26,10.12,7.61,8.42,24.2,38.78,20.1,1,0,INCREASE REPLENISHMENT,5.0,REACTIVE (Below ROP)
2020-02-26,M01AB,,2.44,5.15,9.85,7.41,8.14,23.59,37.69,19.84,1,0,INCREASE REPLENISHMENT,4.0,REACTIVE (Below ROP)
2020-02-27,M01AB,,2.46,5.06,9.62,7.16,7.9,23.08,36.76,23.69,0,0,INCREASE REPLENISHMENT,5.0,PROACTIVE (Forward Shortfall)
2020-02-28,M01AB,,3.05,5.83,9.83,6.78,6.93,24.42,36.42,23.63,1,0,INCREASE REPLENISHMENT,4.0,REACTIVE (Below ROP)
2020-02-29,M01AB,,2.24,6.01,9.89,7.65,6.72,24.75,36.39,21.8,1,0,INCREASE REPLENISHMENT,6.0,REACTIVE (Below ROP)
2020-03-01,M01AB,,3.28,5.66,10.02,6.74,7.55,24.53,37.61,20.79,1,0,INCREASE REPLENISHMENT,7.0,REACTIVE (Below ROP)
2020-03-02,M01AB,,2.49,5.35,10.25,7.76,8.49,24.54,39.24,19.13,1,0,INCREASE REPLENISHMENT,8.0,REACTIVE (Below ROP)
2020-03-03,M01AB,,2.54,5.34,9.82,7.28,7.76,23.78,37.22,19.78,1,0,INCREASE REPLENISHMENT,3.0,REACTIVE (Below ROP)
2020-03-04,M01AB,,2.52,5.3,9.77,7.25,7.74,23.64,37.05,21.44,1,0,INCREASE REPLENISHMENT,5.0,REACTIVE (Below ROP)
2020-03-05,M01AB,,2.48,5.21,9.56,7.08,7.53,23.16,36.21,24.14,0,0,INCREASE REPLENISHMENT,5.0,PROACTIVE (Forward Shortfall)
2020-03-06,M01AB,,2.5,5.32,9.78,7.28,7.72,23.68,37.06,21.93,1,0,INCREASE REPLENISHMENT,6.0,REACTIVE (Below ROP)
2020-03-07,M01AB,,2.76,6.08,9.9,7.14,6.62,24.86,36.32,21.61,1,0,INCREASE REPLENISHMENT,4.0,REACTIVE (Below ROP)
2020-03-08,M01AB,,2.79,6.38,10.01,7.22,6.29,25.43,36.32,20.53,1,0,INCREASE REPLENISHMENT,6.0,REACTIVE (Below ROP)
2020-03-09,M01AB,,2.09,5.26,10.16,8.07,8.49,24.27,38.97,20.15,1,0,INCREASE REPLENISHMENT,9.0,REACTIVE (Below ROP)
2020-03-10,M01AB,,2.5,5.54,10.04,7.54,7.79,24.41,37.91,18.89,1,0,INCREASE REPLENISHMENT,5.0,REACTIVE (Below ROP)
2020-03-11,M01AB,,2.52,5.8,9.83,7.31,6.98,24.38,36.47,19.35,1,0,INCREASE REPLENISHMENT,4.0,REACTIVE (Below ROP)
2020-03-12,M01AB,,2.78,5.83,9.61,6.83,6.55,24.04,35.38,22.55,1,0,INCREASE REPLENISHMENT,4.0,REACTIVE (Below ROP)
2020-03-13,M01AB,,2.52,5.17,9.76,7.24,7.95,23.46,37.23,21.72,1,0,INCREASE REPLENISHMENT,8.0,REACTIVE (Below ROP)
2020-03-14,M01AB,,2.75,6.1,10.08,7.33,6.89,25.19,37.13,20.55,1,0,INCREASE REPLENISHMENT,5.0,REACTIVE (Below ROP)
2020-03-15,M01AB,,2.75,5.85,9.87,7.12,6.96,24.51,36.57,18.45,1,0,INCREASE REPLENISHMENT,6.0,REACTIVE (Below ROP)
2020-03-16,M01AB,,2.53,5.12,10.1,7.57,8.63,23.99,38.93,20.6,1,0,INCREASE REPLENISHMENT,8.0,REACTIVE (Below ROP)
2020-03-17,M01AB,,2.51,5.17,10.07,7.56,8.49,24.0,38.7,20.48,1,0,INCREASE REPLENISHMENT,5.0,REACTIVE (Below ROP)
2020-03-18,M01AB,,2.57,5.27,9.93,7.36,8.07,23.88,37.86,21.31,1,0,INCREASE REPLENISHMENT,4.0,REACTIVE (Below ROP)
2020-03-19,M01AB,,2.1,4.97,9.6,7.5,8.02,22.93,36.82,24.04,0,0,INCREASE REPLENISHMENT,4.0,PROACTIVE (Forward Shortfall)
2020-03-20,M01AB,,2.51,5.13,9.66,7.15,7.85,23.24,36.83,24.07,0,0,INCREASE REPLENISHMENT,5.0,PROACTIVE (Forward Shortfall)
2020-03-21,M01AB,,2.73,6.01,10.23,7.5,7.31,25.34,38.0,22.94,1,0,INCREASE REPLENISHMENT,7.0,REACTIVE (Below ROP)
2020-03-22,M01AB,,2.77,5.81,9.77,7.0,6.86,24.29,36.17,20.93,1,0,INCREASE REPLENISHMENT,4.0,REACTIVE (Below ROP)
2020-03-23,M01AB,,2.49,5.34,10.26,7.77,8.52,24.54,39.3,20.12,1,0,INCREASE REPLENISHMENT,9.0,REACTIVE (Below ROP)
2020-03-24,M01AB,,2.56,5.15,10.06,7.5,8.5,23.95,38.68,21.78,1,0,INCREASE REPLENISHMENT,4.0,REACTIVE (Below ROP)
2020-03-25,M01AB,,2.51,5.82,9.9,7.39,7.07,24.53,36.77,20.63,1,0,INCREASE REPLENISHMENT,4.0,REACTIVE (Below ROP)
2020-03-26,M01AB,,2.58,5.14,9.48,6.9,7.52,22.94,35.96,23.81,0,0,INCREASE REPLENISHMENT,5.0,PROACTIVE (Forward Shortfall)
2020-03-27,M01AB,,2.55,5.15,9.66,7.11,7.81,23.26,36.79,22.67,1,0,INCREASE REPLENISHMENT,6.0,REACTIVE (Below ROP)
2020-03-28,M01AB,,2.66,5.79,9.91,7.25,7.14,24.51,36.87,21.52,1,0,INCREASE REPLENISHMENT,5.0,REACTIVE (Below ROP)
2020-03-29,M01AB,,2.75,5.83,9.87,7.12,7.0,24.49,36.61,20.73,1,0,INCREASE REPLENISHMENT,5.0,REACTIVE (Below ROP)
2020-03-30,M01AB,,2.55,5.11,9.88,7.33,8.26,23.59,37.9,20.9,1,0,INCREASE REPLENISHMENT,7.0,REACTIVE (Below ROP)
2020-03-31,M01AB,,2.4,5.19,9.9,7.5,8.16,23.73,37.86,20.79,1,0,INCREASE REPLENISHMENT,6.0,REACTIVE (Below ROP)
2020-04-01,M01AB,,2.55,5.26,9.79,7.24,7.85,23.63,37.22,20.6,1,0,INCREASE REPLENISHMENT,4.0,REACTIVE (Below ROP)
2020-04-02,M01AB,,2.65,5.06,9.59,6.94,7.85,23.03,36.62,22.34,1,0,INCREASE REPLENISHMENT,5.0,REACTIVE (Below ROP)
2020-04-03,M01AB,,2.56,5.16,9.61,7.05,7.71,23.19,36.54,23.28,0,0,INCREASE REPLENISHMENT,5.0,PROACTIVE (Forward Shortfall)
2020-04-04,M01AB,,2.68,6.01,9.83,7.15,6.62,24.65,36.11,22.12,1,0,INCREASE REPLENISHMENT,4.0,REACTIVE (Below ROP)
2020-04-05,M01AB,,2.75,5.81,9.83,7.08,6.96,24.39,36.45,21.11,1,0,INCREASE REPLENISHMENT,7.0,REACTIVE (Below ROP)
2020-04-06,M01AB,,2.5,5.15,10.14,7.64,8.64,24.09,39.06,20.3,1,0,INCREASE REPLENISHMENT,8.0,REACTIVE (Below ROP)
2020-04-07,M01AB,,2.55,5.18,10.12,7.57,8.56,24.1,38.92,19.15,1,0,INCREASE REPLENISHMENT,5.0,REACTIVE (Below ROP)
2020-04-08,M01AB,,2.54,5.29,9.9,7.36,7.98,23.85,37.68,20.97,1,0,INCREASE REPLENISHMENT,4.0,REACTIVE (Below ROP)
2020-04-09,M01AB,,2.49,5.16,9.63,7.14,7.74,23.22,36.63,23.68,0,0,INCREASE REPLENISHMENT,4.0,PROACTIVE (Forward Shortfall)
2020-04-10,M01AB,,2.54,5.16,9.7,7.16,7.86,23.34,36.96,23.52,0,0,INCREASE REPLENISHMENT,6.0,PROACTIVE (Forward Shortfall)
2020-04-11,M01AB,,2.75,5.8,9.96,7.21,7.21,24.61,37.09,22.36,1,0,INCREASE REPLENISHMENT,5.0,REACTIVE (Below ROP)
2020-04-12,M01AB,,2.75,5.85,9.88,7.13,6.98,24.53,36.62,20.56,1,0,INCREASE REPLENISHMENT,6.0,REACTIVE (Below ROP)
2020-04-13,M01AB,,2.52,5.14,10.12,7.6,8.63,24.05,38.99,20.71,1,0,INCREASE REPLENISHMENT,8.0,REACTIVE (Below ROP)
2020-04-14,M01AB,,2.54,5.3,10.05,7.51,8.23,24.13,38.38,20.57,1,0,INCREASE REPLENISHMENT,4.0,REACTIVE (Below ROP)
2020-04-15,M01AB,,2.55,5.09,9.92,7.37,8.37,23.64,38.13,21.27,1,0,INCREASE REPLENISHMENT,5.0,REACTIVE (Below ROP)
2020-04-16,M01AB,,2.56,5.16,9.69,7.13,7.85,23.33,36.92,24.18,0,0,INCREASE REPLENISHMENT,4.0,PROACTIVE (Forward Shortfall)
2020-04-17,M01AB,,2.55,5.16,9.76,7.21,7.97,23.45,37.25,23.02,1,0,INCREASE REPLENISHMENT,6.0,REACTIVE (Below ROP)
2020-04-18,M01AB,,2.77,6.08,9.95,7.18,6.7,24.94,36.55,22.86,1,0,INCREASE REPLENISHMENT,4.0,REACTIVE (Below ROP)
2020-04-19,M01AB,,2.75,5.85,9.95,7.2,7.1,24.65,36.95,20.78,1,0,INCREASE REPLENISHMENT,7.0,REACTIVE (Below ROP)
2020-04-20,M01AB,,2.56,5.16,10.25,7.69,8.82,24.3,39.57,20.93,1,0,INCREASE REPLENISHMENT,8.0,REACTIVE (Below ROP)
2020-04-21,M01AB,,2.56,5.45,10.18,7.62,8.19,24.54,38.73,19.77,1,0,INCREASE REPLENISHMENT,4.0,REACTIVE (Below ROP)
2020-04-22,M01AB,,2.54,5.43,9.93,7.39,7.79,24.08,37.58,21.32,1,0,INCREASE REPLENISHMENT,5.0,REACTIVE (Below ROP)
2020-04-23,M01AB,,2.56,5.48,9.79,7.23,7.47,23.91,36.84,23.89,1,0,INCREASE REPLENISHMENT,4.0,REACTIVE (Below ROP)
2020-04-24,M01AB,,2.09,5.24,9.92,7.83,8.11,23.83,37.87,22.41,1,0,INCREASE REPLENISHMENT,7.0,REACTIVE (Below ROP)
2020-04-25,M01AB,,2.73,6.39,10.05,7.32,6.34,25.51,36.49,22.17,1,0,INCREASE REPLENISHMENT,4.0,REACTIVE (Below ROP)
2020-04-26,M01AB,,2.72,6.23,9.92,7.2,6.39,25.08,36.15,19.78,1,0,INCREASE REPLENISHMENT,6.0,REACTIVE (Below ROP)
2020-04-27,M01AB,,2.55,5.44,10.08,7.53,8.04,24.36,38.28,20.55,1,0,INCREASE REPLENISHMENT,8.0,REACTIVE (Below ROP)
2020-04-28,M01AB,,2.55,5.44,10.08,7.53,8.04,24.36,38.28,19.11,1,0,INCREASE REPLENISHMENT,6.0,REACTIVE (Below ROP)
2020-04-29,M01AB,,2.55,5.34,9.86,7.31,7.83,23.85,37.41,19.67,1,0,INCREASE REPLENISHMENT,4.0,REACTIVE (Below ROP)
2020-04-30,M01AB,,2.55,5.3,9.6,7.05,7.45,23.35,36.25,22.33,1,0,INCREASE REPLENISHMENT,4.0,REACTIVE (Below ROP)
2020-05-01,M01AB,,2.5,5.13,9.75,7.25,8.0,23.39,37.25,23.03,1,0,INCREASE REPLENISHMENT,7.0,REACTIVE (Below ROP)
2020-05-02,M01AB,,2.73,6.08,9.91,7.18,6.63,24.87,36.36,21.9,1,0,INCREASE REPLENISHMENT,4.0,REACTIVE (Below ROP)
2020-05-03,M01AB,,2.73,6.0,9.85,7.12,6.67,24.67,36.22,19.82,1,0,INCREASE REPLENISHMENT,6.0,REACTIVE (Below ROP)
2020-05-04,M01AB,,2.57,5.36,10.17,7.6,8.33,24.41,38.84,20.82,1,0,INCREASE REPLENISHMENT,9.0,REACTIVE (Below ROP)
2020-05-05,M01AB,,2.57,5.4,10.18,7.61,8.28,24.48,38.82,19.46,1,0,INCREASE REPLENISHMENT,5.0,REACTIVE (Below ROP)
2020-05-06,M01AB,,2.57,5.34,9.9,7.33,7.9,23.92,37.6,20.06,1,0,INCREASE REPLENISHMENT,4.0,REACTIVE (Below ROP)
2020-05-07,M01AB,,2.57,5.21,9.63,7.06,7.66,23.29,36.55,23.72,0,0,INCREASE REPLENISHMENT,4.0,PROACTIVE (Forward Shortfall)
2020-05-08,M01AB,,2.5,5.14,9.74,7.24,7.97,23.39,37.19,23.51,0,0,INCREASE REPLENISHMENT,6.0,PROACTIVE (Forward Shortfall)
2020-05-09,M01AB,,2.76,5.95,9.86,7.1,6.77,24.62,36.35,22.37,1,0,INCREASE REPLENISHMENT,4.0,REACTIVE (Below ROP)
2020-05-10,M01AB,,2.73,5.9,9.86,7.13,6.86,24.56,36.44,20.42,1,0,INCREASE REPLENISHMENT,7.0,REACTIVE (Below ROP)
2020-05-11,M01AB,,2.57,5.28,10.14,7.57,8.42,24.26,38.84,20.52,1,0,INCREASE REPLENISHMENT,8.0,REACTIVE (Below ROP)
2020-05-12,M01AB,,2.56,5.36,10.02,7.46,8.07,24.15,38.13,19.24,1,0,INCREASE REPLENISHMENT,4.0,REACTIVE (Below ROP)
2020-05-13,M01AB,,2.57,5.35,9.9,7.33,7.88,23.93,37.58,20.88,1,0,INCREASE REPLENISHMENT,5.0,REACTIVE (Below ROP)
2020-05-14,M01AB,,2.58,5.14,9.69,7.11,7.88,23.3,36.95,23.53,0,0,INCREASE REPLENISHMENT,5.0,PROACTIVE (Forward Shortfall)
2020-05-15,M01AB,,2.08,5.14,9.78,7.7,8.04,23.46,37.38,22.39,1,0,INCREASE REPLENISHMENT,5.0,REACTIVE (Below ROP)
2020-05-16,M01AB,,2.75,6.0,10.0,7.25,6.93,24.93,36.93,22.25,1,0,INCREASE REPLENISHMENT,5.0,REACTIVE (Below ROP)
2020-05-17,M01AB,,2.74,5.92,9.89,7.15,6.88,24.64,36.55,21.25,1,0,INCREASE REPLENISHMENT,6.0,REACTIVE (Below ROP)
2020-05-18,M01AB,,2.56,5.36,10.18,7.62,8.35,24.43,38.89,20.33,1,0,INCREASE REPLENISHMENT,8.0,REACTIVE (Below ROP)
2020-05-19,M01AB,,2.55,5.41,10.01,7.46,7.97,24.2,38.0,19.97,1,0,INCREASE REPLENISHMENT,5.0,REACTIVE (Below ROP)
2020-05-20,M01AB,,2.55,5.33,9.95,7.4,8.0,23.99,37.85,20.56,1,0,INCREASE REPLENISHMENT,5.0,REACTIVE (Below ROP)
2020-05-21,M01AB,,2.55,5.27,9.66,7.11,7.6,23.41,36.58,23.23,1,0,INCREASE REPLENISHMENT,4.0,REACTIVE (Below ROP)
2020-05-22,M01AB,,2.08,5.4,9.79,7.71,7.6,23.8,36.97,22.96,1,0,INCREASE REPLENISHMENT,6.0,REACTIVE (Below ROP)
2020-05-23,M01AB,,2.28,5.99,9.98,7.7,6.91,24.88,36.85,22.56,1,0,INCREASE REPLENISHMENT,5.0,REACTIVE (Below ROP)
2020-05-24,M01AB,,2.75,5.95,10.01,7.26,7.03,24.88,37.06,20.57,1,0,INCREASE REPLENISHMENT,6.0,REACTIVE (Below ROP)
2020-05-25,M01AB,,2.57,5.64,10.21,7.64,7.92,24.84,38.55,20.62,1,0,INCREASE REPLENISHMENT,7.0,REACTIVE (Below ROP)
2020-05-26,M01AB,,2.56,5.63,10.09,7.53,7.72,24.61,37.99,19.98,1,0,INCREASE REPLENISHMENT,6.0,REACTIVE (Below ROP)
2020-05-27,M01AB,,2.56,5.65,10.02,7.46,7.57,24.52,37.63,20.35,1,0,INCREASE REPLENISHMENT,5.0,REACTIVE (Below ROP)
2020-05-28,M01AB,,2.09,6.15,9.78,7.69,6.29,24.74,35.63,21.7,1,0,INCREASE REPLENISHMENT,3.0,REACTIVE (Below ROP)
2020-05-29,M01AB,,2.52,5.64,9.81,7.29,7.22,24.14,36.65,21.55,1,0,INCREASE REPLENISHMENT,8.0,REACTIVE (Below ROP)
2020-05-30,M01AB,,2.78,6.11,10.37,7.59,7.38,25.71,38.49,20.91,1,0,INCREASE REPLENISHMENT,7.0,REACTIVE (Below ROP)
2020-05-31,M01AB,,2.74,5.92,9.99,7.25,7.05,24.81,37.02,17.8,1,0,INCREASE REPLENISHMENT,5.0,REACTIVE (Below ROP)
2020-06-01,M01AB,,2.53,5.66,10.24,7.71,7.93,24.91,38.65,19.88,1,0,INCREASE REPLENISHMENT,7.0,REACTIVE (Below ROP)
2020-06-02,M01AB,,2.51,5.63,10.21,7.7,7.93,24.82,38.56,21.22,1,0,INCREASE REPLENISHMENT,6.0,REACTIVE (Below ROP)
2020-06-03,M01AB,,2.55,5.59,10.0,7.45,7.64,24.41,37.64,20.59,1,0,INCREASE REPLENISHMENT,5.0,REACTIVE (Below ROP)
2020-06-04,M01AB,,2.52,5.45,9.77,7.25,7.48,23.83,36.79,22.0,1,0,INCREASE REPLENISHMENT,4.0,REACTIVE (Below ROP)
2020-06-05,M01AB,,2.48,5.45,9.85,7.37,7.62,23.97,37.17,22.55,1,0,INCREASE REPLENISHMENT,6.0,REACTIVE (Below ROP)
2020-06-06,M01AB,,2.71,6.04,10.04,7.33,6.93,25.05,37.05,22.1,1,0,INCREASE REPLENISHMENT,5.0,REACTIVE (Below ROP)
2020-06-07,M01AB,,2.76,5.94,10.04,7.28,7.1,24.92,37.22,20.06,1,0,INCREASE REPLENISHMENT,7.0,REACTIVE (Below ROP)
2020-06-08,M01AB,,2.53,5.57,10.22,7.69,8.05,24.76,38.71,20.12,1,0,INCREASE REPLENISHMENT,7.0,REACTIVE (Below ROP)
2020-06-09,M01AB,,2.53,5.59,10.12,7.59,7.85,24.62,38.21,19.55,1,0,INCREASE REPLENISHMENT,5.0,REACTIVE (Below ROP)
2020-06-10,M01AB,,2.54,5.72,10.12,7.58,7.62,24.78,37.98,20.96,1,0,INCREASE REPLENISHMENT,6.0,REACTIVE (Below ROP)
2020-06-11,M01AB,,2.53,5.44,9.73,7.2,7.43,23.75,36.62,22.24,1,0,INCREASE REPLENISHMENT,4.0,REACTIVE (Below ROP)
2020-06-12,M01AB,,2.48,5.44,9.92,7.44,7.76,24.08,37.52,21.8,1,0,INCREASE REPLENISHMENT,6.0,REACTIVE (Below ROP)
2020-06-13,M01AB,,2.68,5.96,10.0,7.32,7.0,24.88,37.0,22.36,1,0,INCREASE REPLENISHMENT,5.0,REACTIVE (Below ROP)
2020-06-14,M01AB,,2.73,5.96,10.0,7.27,7.0,24.88,37.0,20.4,1,0,INCREASE REPLENISHMENT,6.0,REACTIVE (Below ROP)
2020-06-15,M01AB,,2.53,5.57,10.17,7.64,7.97,24.68,38.48,20.44,1,0,INCREASE REPLENISHMENT,8.0,REACTIVE (Below ROP)
2020-06-16,M01AB,,2.53,5.59,10.09,7.56,7.79,24.56,38.06,19.87,1,0,INCREASE REPLENISHMENT,5.0,REACTIVE (Below ROP)
2020-06-17,M01AB,,2.54,5.58,10.01,7.47,7.67,24.41,37.7,20.28,1,0,INCREASE REPLENISHMENT,5.0,REACTIVE (Below ROP)
2020-06-18,M01AB,,2.5,5.42,9.75,7.25,7.5,23.76,36.75,22.7,1,0,INCREASE REPLENISHMENT,5.0,REACTIVE (Below ROP)
2020-06-19,M01AB,,1.99,5.53,9.89,7.9,7.55,24.14,37.22,22.28,1,0,INCREASE REPLENISHMENT,5.0,REACTIVE (Below ROP)
2020-06-20,M01AB,,2.77,6.04,10.03,7.26,6.91,25.03,37.0,21.75,1,0,INCREASE REPLENISHMENT,6.0,REACTIVE (Below ROP)
2020-06-21,M01AB,,2.7,5.97,9.99,7.29,6.96,24.87,36.93,20.71,1,0,INCREASE REPLENISHMENT,6.0,REACTIVE (Below ROP)
2020-06-22,M01AB,,2.49,5.56,10.27,7.78,8.16,24.84,38.97,19.74,1,0,INCREASE REPLENISHMENT,8.0,REACTIVE (Below ROP)
2020-06-23,M01AB,,2.48,5.58,10.14,7.66,7.9,24.64,38.32,20.18,1,0,INCREASE REPLENISHMENT,5.0,REACTIVE (Below ROP)
2020-06-24,M01AB,,2.49,5.71,10.1,7.61,7.6,24.73,37.9,20.6,1,0,INCREASE REPLENISHMENT,5.0,REACTIVE (Below ROP)
2020-06-25,M01AB,,2.48,5.43,9.77,7.29,7.52,23.81,36.83,22.89,1,0,INCREASE REPLENISHMENT,4.0,REACTIVE (Below ROP)
2020-06-26,M01AB,,2.47,5.43,9.87,7.4,7.69,23.98,37.3,22.46,1,0,INCREASE REPLENISHMENT,6.0,REACTIVE (Below ROP)
2020-06-27,M01AB,,2.73,5.89,9.98,7.25,7.08,24.75,37.02,22.03,1,0,INCREASE REPLENISHMENT,5.0,REACTIVE (Below ROP)
2020-06-28,M01AB,,2.66,6.03,9.98,7.32,6.84,24.93,36.78,20.14,1,0,INCREASE REPLENISHMENT,6.0,REACTIVE (Below ROP)
2020-06-29,M01AB,,2.45,5.56,10.21,7.76,8.05,24.73,38.68,20.11,1,0,INCREASE REPLENISHMENT,8.0,REACTIVE (Below ROP)
2020-06-30,M01AB,,2.45,5.57,10.18,7.73,7.98,24.69,38.52,19.55,1,0,INCREASE REPLENISHMENT,5.0,REACTIVE (Below ROP)
2020-07-01,M01AB,,2.47,5.57,10.06,7.59,7.78,24.49,37.96,19.98,1,0,INCREASE REPLENISHMENT,5.0,REACTIVE (Below ROP)
2020-07-02,M01AB,,2.47,5.43,9.83,7.36,7.62,23.91,37.11,22.41,1,0,INCREASE REPLENISHMENT,5.0,REACTIVE (Below ROP)
2020-07-03,M01AB,,2.42,5.55,9.9,7.48,7.53,24.18,37.23,21.98,1,0,INCREASE REPLENISHMENT,6.0,REACTIVE (Below ROP)
2020-07-04,M01AB,,2.74,5.97,10.03,7.29,7.03,24.94,37.12,21.43,1,0,INCREASE REPLENISHMENT,5.0,REACTIVE (Below ROP)
2020-07-05,M01AB,,2.65,5.97,10.0,7.35,6.98,24.89,36.98,20.46,1,0,INCREASE REPLENISHMENT,6.0,REACTIVE (Below ROP)
2020-07-06,M01AB,,2.47,5.58,10.25,7.78,8.09,24.83,38.84,20.49,1,0,INCREASE REPLENISHMENT,8.0,REACTIVE (Below ROP)
2020-07-07,M01AB,,2.47,5.58,10.15,7.68,7.92,24.66,38.37,19.91,1,0,INCREASE REPLENISHMENT,5.0,REACTIVE (Below ROP)
2020-07-08,M01AB,,2.48,5.57,10.06,7.58,7.78,24.49,37.96,20.33,1,0,INCREASE REPLENISHMENT,5.0,REACTIVE (Below ROP)
2020-07-09,M01AB,,2.49,5.42,9.8,7.31,7.59,23.85,36.99,22.76,1,0,INCREASE REPLENISHMENT,5.0,REACTIVE (Below ROP)
2020-07-10,M01AB,,3.38,6.09,9.93,6.55,6.65,24.92,36.44,22.34,1,0,INCREASE REPLENISHMENT,5.0,REACTIVE (Below ROP)
2020-07-11,M01AB,,2.75,6.04,10.08,7.33,7.0,25.12,37.24,21.25,1,0,INCREASE REPLENISHMENT,6.0,REACTIVE (Below ROP)
2020-07-12,M01AB,,2.7,5.98,10.34,7.64,7.55,25.49,38.57,20.21,1,0,INCREASE REPLENISHMENT,8.0,REACTIVE (Below ROP)
2020-07-13,M01AB,,2.48,5.52,10.32,7.84,8.31,24.87,39.27,19.23,1,0,INCREASE REPLENISHMENT,7.0,REACTIVE (Below ROP)
2020-07-14,M01AB,,2.53,5.61,10.27,7.74,8.07,24.9,38.88,19.71,1,0,INCREASE REPLENISHMENT,5.0,REACTIVE (Below ROP)
2020-07-15,M01AB,,2.54,5.72,10.17,7.63,7.71,24.87,38.22,22.1,1,0,INCREASE REPLENISHMENT,5.0,REACTIVE (Below ROP)
2020-07-16,M01AB,,2.53,5.38,9.84,7.31,7.72,23.86,37.24,23.38,1,0,INCREASE REPLENISHMENT,4.0,REACTIVE (Below ROP)
2020-07-17,M01AB,,2.42,5.57,10.0,7.58,7.67,24.38,37.67,23.0,1,0,INCREASE REPLENISHMENT,6.0,REACTIVE (Below ROP)
2020-07-18,M01AB,,2.7,5.9,9.98,7.28,7.07,24.77,37.01,22.43,1,0,INCREASE REPLENISHMENT,5.0,REACTIVE (Below ROP)
2020-07-19,M01AB,,2.69,5.97,10.01,7.32,7.0,24.91,37.03,20.53,1,0,INCREASE REPLENISHMENT,6.0,REACTIVE (Below ROP)
2020-07-20,M01AB,,3.12,5.47,10.23,7.11,8.24,24.65,38.93,20.56,1,0,INCREASE REPLENISHMENT,8.0,REACTIVE (Below ROP)
2020-07-21,M01AB,,2.52,5.5,10.14,7.62,8.04,24.54,38.46,20.09,1,0,INCREASE REPLENISHMENT,5.0,REACTIVE (Below ROP)
2020-07-22,M01AB,,2.53,5.51,10.03,7.5,7.83,24.36,37.92,20.59,1,0,INCREASE REPLENISHMENT,5.0,REACTIVE (Below ROP)
2020-07-23,M01AB,,2.54,5.38,9.84,7.3,7.72,23.86,37.24,23.08,1,0,INCREASE REPLENISHMENT,5.0,REACTIVE (Below ROP)
2020-07-24,M01AB,,2.01,5.38,9.92,7.91,7.86,24.0,37.62,22.7,1,0,INCREASE REPLENISHMENT,5.0,REACTIVE (Below ROP)
2020-07-25,M01AB,,2.72,5.9,10.01,7.29,7.12,24.82,37.15,22.32,1,0,INCREASE REPLENISHMENT,5.0,REACTIVE (Below ROP)
2020-07-26,M01AB,,2.74,5.94,10.0,7.26,7.03,24.85,37.03,21.42,1,0,INCREASE REPLENISHMENT,6.0,REACTIVE (Below ROP)
2020-07-27,M01AB,,2.54,5.58,10.22,7.68,8.04,24.78,38.7,20.48,1,0,INCREASE REPLENISHMENT,8.0,REACTIVE (Below ROP)
2020-07-28,M01AB,,2.53,5.54,10.11,7.58,7.92,24.54,38.25,19.9,1,0,INCREASE REPLENISHMENT,5.0,REACTIVE (Below ROP)
2020-07-29,M01AB,,2.54,5.54,10.04,7.5,7.79,24.41,37.91,20.36,1,0,INCREASE REPLENISHMENT,5.0,REACTIVE (Below ROP)
2020-07-30,M01AB,,2.55,5.59,9.85,7.3,7.38,24.15,36.93,22.82,1,0,INCREASE REPLENISHMENT,5.0,REACTIVE (Below ROP)
2020-07-31,M01AB,,2.47,5.39,9.9,7.43,7.81,23.98,37.51,22.23,1,0,INCREASE REPLENISHMENT,6.0,REACTIVE (Below ROP)
2020-08-01,M01AB,,2.71,5.9,10.0,7.29,7.1,24.8,37.1,21.84,1,0,INCREASE REPLENISHMENT,5.0,REACTIVE (Below ROP)
2020-08-02,M01AB,,2.72,5.91,9.97,7.25,7.03,24.76,36.94,20.94,1,0,INCREASE REPLENISHMENT,5.0,REACTIVE (Below ROP)
2020-08-03,M01AB,,2.53,5.54,10.19,7.66,8.05,24.67,38.62,21.03,1,0,INCREASE REPLENISHMENT,8.0,REACTIVE (Below ROP)
2020-08-04,M01AB,,2.53,5.53,10.12,7.59,7.95,24.54,38.31,20.49,1,0,INCREASE REPLENISHMENT,5.0,REACTIVE (Below ROP)
2020-08-05,M01AB,,2.54,5.57,10.09,7.55,7.83,24.54,38.1,19.96,1,0,INCREASE REPLENISHMENT,6.0,REACTIVE (Below ROP)
2020-08-06,M01AB,,2.52,5.4,9.82,7.3,7.66,23.86,37.12,22.39,1,0,INCREASE REPLENISHMENT,4.0,REACTIVE (Below ROP)
2020-08-07,M01AB,,2.5,5.4,9.89,7.39,7.78,23.98,37.45,21.99,1,0,INCREASE REPLENISHMENT,6.0,REACTIVE (Below ROP)
2020-08-08,M01AB,,2.72,5.97,10.04,7.32,7.05,24.96,37.17,22.59,1,0,INCREASE REPLENISHMENT,5.0,REACTIVE (Below ROP)
2020-08-09,M01AB,,2.71,5.96,10.04,7.33,7.07,24.95,37.19,20.62,1,0,INCREASE REPLENISHMENT,6.0,REACTIVE (Below ROP)
2020-08-10,M01AB,,2.53,5.58,10.21,7.68,8.02,24.76,38.65,20.66,1,0,INCREASE REPLENISHMENT,7.0,REACTIVE (Below ROP)
2020-08-11,M01AB,,2.53,5.54,10.13,7.6,7.95,24.57,38.34,20.08,1,0,INCREASE REPLENISHMENT,6.0,REACTIVE (Below ROP)
2020-08-12,M01AB,,2.53,5.53,10.03,7.5,7.79,24.38,37.88,20.54,1,0,INCREASE REPLENISHMENT,5.0,REACTIVE (Below ROP)
2020-08-13,M01AB,,2.54,5.6,9.84,7.3,7.34,24.14,36.86,22.01,1,0,INCREASE REPLENISHMENT,4.0,REACTIVE (Below ROP)
2020-08-14,M01AB,,2.45,5.41,9.91,7.46,7.79,24.02,37.52,22.41,1,0,INCREASE REPLENISHMENT,7.0,REACTIVE (Below ROP)
2020-08-15,M01AB,,2.72,5.91,10.0,7.28,7.08,24.81,37.08,22.0,1,0,INCREASE REPLENISHMENT,5.0,REACTIVE (Below ROP)
2020-08-16,M01AB,,2.69,5.93,10.11,7.42,7.24,25.03,37.57,20.09,1,0,INCREASE REPLENISHMENT,6.0,REACTIVE (Below ROP)
2020-08-17,M01AB,,2.52,5.59,10.2,7.68,7.98,24.75,38.58,21.16,1,0,INCREASE REPLENISHMENT,7.0,REACTIVE (Below ROP)
2020-08-18,M01AB,,2.53,5.55,10.11,7.58,7.9,24.55,38.23,20.57,1,0,INCREASE REPLENISHMENT,5.0,REACTIVE (Below ROP)
2020-08-19,M01AB,,2.54,5.55,10.02,7.48,7.74,24.39,37.8,21.02,1,0,INCREASE REPLENISHMENT,5.0,REACTIVE (Below ROP)
2020-08-20,M01AB,,2.53,5.41,9.82,7.29,7.64,23.87,37.1,22.47,1,0,INCREASE REPLENISHMENT,5.0,REACTIVE (Below ROP)
2020-08-21,M01AB,,2.51,5.41,9.88,7.37,7.74,23.97,37.38,22.06,1,0,INCREASE REPLENISHMENT,6.0,REACTIVE (Below ROP)
2020-08-22,M01AB,,2.72,5.68,9.99,7.27,7.47,24.51,37.44,21.65,1,0,INCREASE REPLENISHMENT,5.0,REACTIVE (Below ROP)
2020-08-23,M01AB,,2.69,5.71,10.01,7.32,7.45,24.58,37.48,20.97,1,0,INCREASE REPLENISHMENT,6.0,REACTIVE (Below ROP)
2020-08-24,M01AB,,2.48,5.55,10.21,7.73,8.07,24.72,38.7,21.26,1,0,INCREASE REPLENISHMENT,7.0,REACTIVE (Below ROP)
2020-08-25,M01AB,,2.59,5.53,10.15,7.56,8.0,24.59,38.45,20.71,1,0,INCREASE REPLENISHMENT,5.0,REACTIVE (Below ROP)
2020-08-26,M01AB,,2.45,5.58,10.08,7.63,7.79,24.53,38.03,21.18,1,0,INCREASE REPLENISHMENT,5.0,REACTIVE (Below ROP)
2020-08-27,M01AB,,2.5,5.41,9.8,7.3,7.6,23.83,37.0,22.6,1,0,INCREASE REPLENISHMENT,5.0,REACTIVE (Below ROP)
2020-08-28,M01AB,,2.45,5.59,9.91,7.46,7.48,24.25,37.21,22.19,1,0,INCREASE REPLENISHMENT,6.0,REACTIVE (Below ROP)
2020-08-29,M01AB,,2.71,5.71,9.99,7.28,7.41,24.54,37.38,21.6,1,0,INCREASE REPLENISHMENT,5.0,REACTIVE (Below ROP)
2020-08-30,M01AB,,2.69,5.72,10.01,7.32,7.43,24.59,37.46,20.89,1,0,INCREASE REPLENISHMENT,6.0,REACTIVE (Below ROP)
2020-08-31,M01AB,,2.48,5.59,10.26,7.78,8.09,24.86,38.87,21.17,1,0,INCREASE REPLENISHMENT,7.0,REACTIVE (Below ROP)
2020-09-01,M01AB,,2.47,5.43,10.16,7.69,8.19,24.48,38.67,20.58,1,0,INCREASE REPLENISHMENT,6.0,REACTIVE (Below ROP)
2020-09-02,M01AB,,2.45,5.57,10.32,7.87,8.23,24.94,39.19,21.15,1,0,INCREASE REPLENISHMENT,6.0,REACTIVE (Below ROP)
2020-09-03,M01AB,,2.49,5.42,9.84,7.35,7.66,23.92,37.18,22.58,1,0,INCREASE REPLENISHMENT,3.0,REACTIVE (Below ROP)
2020-09-04,M01AB,,1.96,5.42,9.91,7.95,7.78,24.04,37.51,23.16,1,0,INCREASE REPLENISHMENT,6.0,REACTIVE (Below ROP)
2020-09-05,M01AB,,2.7,5.7,10.02,7.32,7.48,24.58,37.54,23.74,1,0,INCREASE REPLENISHMENT,5.0,REACTIVE (Below ROP)
2020-09-06,M01AB,,2.68,5.68,9.96,7.28,7.41,24.45,37.29,21.04,1,0,INCREASE REPLENISHMENT,6.0,REACTIVE (Below ROP)
2020-09-07,M01AB,,2.47,5.43,10.29,7.82,8.42,24.71,39.29,21.36,1,0,INCREASE REPLENISHMENT,7.0,REACTIVE (Below ROP)
2020-09-08,M01AB,,2.48,5.47,10.21,7.73,8.21,24.62,38.84,20.93,1,0,INCREASE REPLENISHMENT,5.0,REACTIVE (Below ROP)
2020-09-09,M01AB,,2.48,5.41,10.01,7.53,7.97,24.2,38.0,21.46,1,0,INCREASE REPLENISHMENT,5.0,REACTIVE (Below ROP)
2020-09-10,M01AB,,2.48,5.29,9.82,7.34,7.85,23.72,37.31,23.05,1,0,INCREASE REPLENISHMENT,5.0,REACTIVE (Below ROP)
2020-09-11,M01AB,,2.48,5.3,9.85,7.37,7.88,23.78,37.43,22.76,1,0,INCREASE REPLENISHMENT,5.0,REACTIVE (Below ROP)
2020-09-12,M01AB,,2.69,5.71,9.94,7.25,7.33,24.46,37.15,22.46,1,0,INCREASE REPLENISHMENT,5.0,REACTIVE (Below ROP)
2020-09-13,M01AB,,2.69,5.71,9.92,7.23,7.29,24.42,37.05,21.75,1,0,INCREASE REPLENISHMENT,6.0,REACTIVE (Below ROP)
2020-09-14,M01AB,,2.49,5.41,10.18,7.69,8.26,24.49,38.8,21.04,1,0,INCREASE REPLENISHMENT,7.0,REACTIVE (Below ROP)
2020-09-15,M01AB,,2.48,5.42,10.35,7.87,8.54,24.8,39.59,20.63,1,0,INCREASE REPLENISHMENT,6.0,REACTIVE (Below ROP)
2020-09-16,M01AB,,2.48,5.4,9.98,7.5,7.93,24.13,37.87,21.21,1,0,INCREASE REPLENISHMENT,4.0,REACTIVE (Below ROP)
2020-09-17,M01AB,,2.48,5.27,9.77,7.29,7.79,23.6,37.1,22.81,1,0,INCREASE REPLENISHMENT,5.0,REACTIVE (Below ROP)
2020-09-18,M01AB,,2.42,5.42,9.87,7.45,7.71,23.97,37.32,23.54,1,0,INCREASE REPLENISHMENT,5.0,REACTIVE (Below ROP)
2020-09-19,M01AB,,2.68,5.64,9.93,7.25,7.43,24.35,37.22,22.12,1,0,INCREASE REPLENISHMENT,6.0,REACTIVE (Below ROP)
2020-09-20,M01AB,,2.22,5.64,9.95,7.73,7.47,24.39,37.32,21.48,1,0,INCREASE REPLENISHMENT,5.0,REACTIVE (Below ROP)
2020-09-21,M01AB,,2.46,5.45,10.06,7.6,7.98,24.33,38.16,20.84,1,0,INCREASE REPLENISHMENT,7.0,REACTIVE (Below ROP)
2020-09-22,M01AB,,2.46,5.39,10.01,7.55,8.0,24.17,38.03,21.39,1,0,INCREASE REPLENISHMENT,5.0,REACTIVE (Below ROP)
2020-09-23,M01AB,,2.47,5.34,9.97,7.5,8.02,24.04,37.93,21.0,1,0,INCREASE REPLENISHMENT,5.0,REACTIVE (Below ROP)
2020-09-24,M01AB,,2.47,5.24,9.74,7.27,7.79,23.51,37.01,22.66,1,0,INCREASE REPLENISHMENT,5.0,REACTIVE (Below ROP)
2020-09-25,M01AB,,2.47,5.25,9.83,7.36,7.93,23.68,37.42,22.42,1,0,INCREASE REPLENISHMENT,5.0,REACTIVE (Below ROP)
2020-09-26,M01AB,,2.67,5.62,9.98,7.31,7.55,24.41,37.49,22.17,1,0,INCREASE REPLENISHMENT,6.0,REACTIVE (Below ROP)
2020-09-27,M01AB,,2.68,5.62,9.97,7.29,7.53,24.39,37.44,21.55,1,0,INCREASE REPLENISHMENT,5.0,REACTIVE (Below ROP)
2020-09-28,M01AB,,2.48,5.46,10.11,7.63,8.05,24.43,38.38,20.93,1,0,INCREASE REPLENISHMENT,7.0,REACTIVE (Below ROP)
2020-09-29,M01AB,,2.47,5.54,9.98,7.51,7.69,24.31,37.63,21.47,1,0,INCREASE REPLENISHMENT,5.0,REACTIVE (Below ROP)
2020-09-30,M01AB,,2.47,5.68,9.95,7.48,7.4,24.44,37.25,20.93,1,0,INCREASE REPLENISHMENT,5.0,REACTIVE (Below ROP)
2020-10-01,M01AB,,2.44,5.47,10.0,7.56,7.85,24.26,37.85,22.25,1,0,INCREASE REPLENISHMENT,6.0,REACTIVE (Below ROP)
2020-10-02,M01AB,,2.44,5.27,9.96,7.52,8.12,23.93,38.0,21.78,1,0,INCREASE REPLENISHMENT,6.0,REACTIVE (Below ROP)
2020-10-03,M01AB,,2.6,6.06,10.09,7.49,6.98,25.16,37.25,21.51,1,0,INCREASE REPLENISHMENT,4.0,REACTIVE (Below ROP)
2020-10-04,M01AB,,2.65,5.66,9.93,7.28,7.4,24.38,37.19,21.45,1,0,INCREASE REPLENISHMENT,6.0,REACTIVE (Below ROP)
2020-10-05,M01AB,,2.46,5.45,10.18,7.72,8.19,24.54,38.73,21.79,1,0,INCREASE REPLENISHMENT,7.0,REACTIVE (Below ROP)
2020-10-06,M01AB,,2.45,5.45,10.04,7.59,7.95,24.3,38.07,20.34,1,0,INCREASE REPLENISHMENT,5.0,REACTIVE (Below ROP)
2020-10-07,M01AB,,2.46,5.44,10.0,7.54,7.9,24.22,37.9,20.89,1,0,INCREASE REPLENISHMENT,6.0,REACTIVE (Below ROP)
2020-10-08,M01AB,,2.4,5.26,9.73,7.33,7.74,23.52,36.93,22.45,1,0,INCREASE REPLENISHMENT,4.0,REACTIVE (Below ROP)
2020-10-09,M01AB,,2.37,5.42,9.95,7.58,7.85,24.11,37.7,22.19,1,0,INCREASE REPLENISHMENT,6.0,REACTIVE (Below ROP)
2020-10-10,M01AB,,2.66,5.77,9.92,7.26,7.19,24.5,36.95,22.77,1,0,INCREASE REPLENISHMENT,5.0,REACTIVE (Below ROP)
2020-10-11,M01AB,,2.68,5.65,9.96,7.28,7.47,24.42,37.35,21.0,1,0,INCREASE REPLENISHMENT,6.0,REACTIVE (Below ROP)
2020-10-12,M01AB,,2.45,5.45,10.12,7.67,8.09,24.44,38.45,21.35,1,0,INCREASE REPLENISHMENT,7.0,REACTIVE (Below ROP)
2020-10-13,M01AB,,1.99,5.55,9.94,7.95,7.6,24.25,37.42,20.9,1,0,INCREASE REPLENISHMENT,4.0,REACTIVE (Below ROP)
2020-10-14,M01AB,,1.99,5.41,9.95,7.96,7.86,24.09,37.71,21.35,1,0,INCREASE REPLENISHMENT,6.0,REACTIVE (Below ROP)
2020-10-15,M01AB,,2.47,5.41,9.73,7.26,7.48,23.71,36.67,22.94,1,0,INCREASE REPLENISHMENT,4.0,REACTIVE (Below ROP)
2020-10-16,M01AB,,2.45,5.31,9.8,7.35,7.78,23.71,37.18,21.53,1,0,INCREASE REPLENISHMENT,6.0,REACTIVE (Below ROP)
2020-10-17,M01AB,,2.65,6.09,10.04,7.39,6.84,25.11,36.96,22.22,1,0,INCREASE REPLENISHMENT,5.0,REACTIVE (Below ROP)
2020-10-18,M01AB,,2.66,5.71,9.96,7.3,7.36,24.49,37.24,20.13,1,0,INCREASE REPLENISHMENT,7.0,REACTIVE (Below ROP)
2020-10-19,M01AB,,2.46,5.41,10.2,7.74,8.3,24.53,38.9,20.42,1,0,INCREASE REPLENISHMENT,7.0,REACTIVE (Below ROP)
2020-10-20,M01AB,,2.47,5.45,10.12,7.65,8.09,24.44,38.45,20.01,1,0,INCREASE REPLENISHMENT,5.0,REACTIVE (Below ROP)
2020-10-21,M01AB,,2.47,5.55,10.07,7.6,7.83,24.48,38.04,21.56,1,0,INCREASE REPLENISHMENT,5.0,REACTIVE (Below ROP)
2020-10-22,M01AB,,3.31,6.02,9.72,6.41,6.41,24.47,35.57,23.01,1,0,INCREASE REPLENISHMENT,3.0,REACTIVE (Below ROP)
2020-10-23,M01AB,,2.47,5.4,9.81,7.34,7.64,23.84,37.07,21.99,1,0,INCREASE REPLENISHMENT,8.0,REACTIVE (Below ROP)
2020-10-24,M01AB,,2.67,5.7,10.23,7.56,7.85,24.95,38.54,21.59,1,0,INCREASE REPLENISHMENT,6.0,REACTIVE (Below ROP)
2020-10-25,M01AB,,2.67,5.66,9.92,7.25,7.38,24.36,37.14,18.89,1,0,INCREASE REPLENISHMENT,5.0,REACTIVE (Below ROP)
2020-10-26,M01AB,,2.46,5.46,10.08,7.62,8.0,24.38,38.24,21.23,1,0,INCREASE REPLENISHMENT,7.0,REACTIVE (Below ROP)
2020-10-27,M01AB,,2.46,5.43,9.91,7.45,7.76,24.05,37.49,21.77,1,0,INCREASE REPLENISHMENT,4.0,REACTIVE (Below ROP)
2020-10-28,M01AB,,2.48,5.55,10.19,7.71,8.04,24.69,38.61,21.34,1,0,INCREASE REPLENISHMENT,7.0,REACTIVE (Below ROP)
2020-10-29,M01AB,,2.45,5.33,9.72,7.27,7.6,23.59,36.76,22.79,1,0,INCREASE REPLENISHMENT,3.0,REACTIVE (Below ROP)
2020-10-30,M01AB,,2.48,5.4,9.79,7.31,7.6,23.8,36.97,21.46,1,0,INCREASE REPLENISHMENT,6.0,REACTIVE (Below ROP)
2020-10-31,M01AB,,2.66,5.72,9.97,7.31,7.36,24.52,37.27,23.06,1,0,INCREASE REPLENISHMENT,6.0,REACTIVE (Below ROP)
2020-11-01,M01AB,,2.64,5.73,9.94,7.3,7.29,24.48,37.11,20.34,1,0,INCREASE REPLENISHMENT,5.0,REACTIVE (Below ROP)
2020-11-02,M01AB,,2.41,5.46,10.1,7.69,8.04,24.42,38.34,20.61,1,0,INCREASE REPLENISHMENT,7.0,REACTIVE (Below ROP)
2020-11-03,M01AB,,2.43,5.42,10.11,7.68,8.12,24.38,38.45,21.15,1,0,INCREASE REPLENISHMENT,6.0,REACTIVE (Below ROP)
2020-11-04,M01AB,,2.44,5.55,10.07,7.63,7.83,24.48,38.04,20.73,1,0,INCREASE REPLENISHMENT,5.0,REACTIVE (Below ROP)
2020-11-05,M01AB,,2.41,5.29,9.74,7.33,7.71,23.58,36.93,22.18,1,0,INCREASE REPLENISHMENT,4.0,REACTIVE (Below ROP)
2020-11-06,M01AB,,2.42,5.4,9.83,7.41,7.67,23.87,37.16,22.89,1,0,INCREASE REPLENISHMENT,6.0,REACTIVE (Below ROP)
2020-11-07,M01AB,,2.64,5.7,9.91,7.27,7.29,24.39,37.02,22.49,1,0,INCREASE REPLENISHMENT,5.0,REACTIVE (Below ROP)
2020-11-08,M01AB,,2.65,5.7,9.92,7.27,7.31,24.41,37.07,20.79,1,0,INCREASE REPLENISHMENT,6.0,REACTIVE (Below ROP)
2020-11-09,M01AB,,2.41,5.43,10.08,7.67,8.05,24.34,38.29,21.09,1,0,INCREASE REPLENISHMENT,7.0,REACTIVE (Below ROP)
2020-11-10,M01AB,,2.41,5.43,10.02,7.61,7.95,24.24,38.01,20.66,1,0,INCREASE REPLENISHMENT,5.0,REACTIVE (Below ROP)
2020-11-11,M01AB,,2.42,5.43,9.94,7.52,7.81,24.1,37.63,21.23,1,0,INCREASE REPLENISHMENT,5.0,REACTIVE (Below ROP)
2020-11-12,M01AB,,2.42,5.28,9.72,7.3,7.69,23.53,36.85,22.8,1,0,INCREASE REPLENISHMENT,5.0,REACTIVE (Below ROP)
2020-11-13,M01AB,,2.42,5.28,9.81,7.39,7.85,23.69,37.28,22.52,1,0,INCREASE REPLENISHMENT,5.0,REACTIVE (Below ROP)
2020-11-14,M01AB,,2.65,6.05,9.9,7.25,6.67,24.82,36.37,22.24,1,0,INCREASE REPLENISHMENT,5.0,REACTIVE (Below ROP)
2020-11-15,M01AB,,2.6,5.95,10.03,7.43,7.07,24.92,37.16,21.19,1,0,INCREASE REPLENISHMENT,6.0,REACTIVE (Below ROP)
2020-11-16,M01AB,,2.42,5.44,10.21,7.79,8.26,24.58,38.89,20.24,1,0,INCREASE REPLENISHMENT,8.0,REACTIVE (Below ROP)
2020-11-17,M01AB,,2.41,5.44,10.07,7.66,8.02,24.34,38.23,19.8,1,0,INCREASE REPLENISHMENT,5.0,REACTIVE (Below ROP)
2020-11-18,M01AB,,2.41,5.42,9.93,7.52,7.81,24.07,37.6,20.36,1,0,INCREASE REPLENISHMENT,5.0,REACTIVE (Below ROP)
2020-11-19,M01AB,,2.4,5.29,9.72,7.32,7.67,23.54,36.83,22.94,1,0,INCREASE REPLENISHMENT,4.0,REACTIVE (Below ROP)
2020-11-20,M01AB,,2.43,5.4,9.83,7.4,7.67,23.87,37.16,22.65,1,0,INCREASE REPLENISHMENT,6.0,REACTIVE (Below ROP)
2020-11-21,M01AB,,2.62,5.93,9.86,7.24,6.81,24.6,36.39,22.25,1,0,INCREASE REPLENISHMENT,5.0,REACTIVE (Below ROP)
2020-11-22,M01AB,,2.64,5.94,9.94,7.3,6.93,24.75,36.75,20.32,1,0,INCREASE REPLENISHMENT,6.0,REACTIVE (Below ROP)
2020-11-23,M01AB,,2.41,5.4,10.15,7.74,8.23,24.43,38.68,20.38,1,0,INCREASE REPLENISHMENT,8.0,REACTIVE (Below ROP)
2020-11-24,M01AB,,2.41,5.38,10.08,7.67,8.14,24.28,38.38,19.98,1,0,INCREASE REPLENISHMENT,5.0,REACTIVE (Below ROP)
2020-11-25,M01AB,,2.43,5.54,10.04,7.61,7.79,24.41,37.91,20.6,1,0,INCREASE REPLENISHMENT,5.0,REACTIVE (Below ROP)
2020-11-26,M01AB,,2.4,5.26,9.75,7.35,7.78,23.56,37.03,23.06,1,0,INCREASE REPLENISHMENT,4.0,REACTIVE (Below ROP)
2020-11-27,M01AB,,2.42,5.3,9.8,7.38,7.79,23.69,37.19,22.8,1,0,INCREASE REPLENISHMENT,6.0,REACTIVE (Below ROP)
2020-11-28,M01AB,,2.17,5.98,9.92,7.75,6.82,24.76,36.58,22.5,1,0,INCREASE REPLENISHMENT,5.0,REACTIVE (Below ROP)
2020-11-29,M01AB,,2.64,5.91,9.93,7.29,6.96,24.69,36.75,20.52,1,0,INCREASE REPLENISHMENT,6.0,REACTIVE (Below ROP)
2020-11-30,M01AB,,2.42,5.44,10.12,7.7,8.11,24.43,38.47,20.61,1,0,INCREASE REPLENISHMENT,7.0,REACTIVE (Below ROP)
2020-12-01,M01AB,,1.93,5.5,10.07,8.14,7.92,24.42,38.13,20.17,1,0,INCREASE REPLENISHMENT,5.0,REACTIVE (Below ROP)
2020-12-02,M01AB,,2.42,5.54,10.05,7.63,7.81,24.43,37.96,20.67,1,0,INCREASE REPLENISHMENT,6.0,REACTIVE (Below ROP)
2020-12-03,M01AB,,2.39,5.28,9.73,7.34,7.71,23.55,36.9,22.13,1,0,INCREASE REPLENISHMENT,4.0,REACTIVE (Below ROP)
2020-12-04,M01AB,,2.4,5.26,9.8,7.4,7.86,23.64,37.26,21.85,1,0,INCREASE REPLENISHMENT,6.0,REACTIVE (Below ROP)
2020-12-05,M01AB,,2.62,5.92,9.88,7.26,6.86,24.62,36.5,22.59,1,0,INCREASE REPLENISHMENT,4.0,REACTIVE (Below ROP)
2020-12-06,M01AB,,2.63,5.91,9.92,7.29,6.95,24.68,36.71,20.67,1,0,INCREASE REPLENISHMENT,7.0,REACTIVE (Below ROP)
2020-12-07,M01AB,,2.41,5.41,10.14,7.73,8.19,24.42,38.61,20.76,1,0,INCREASE REPLENISHMENT,7.0,REACTIVE (Below ROP)
2020-12-08,M01AB,,2.41,5.41,10.16,7.75,8.23,24.46,38.71,19.35,1,0,INCREASE REPLENISHMENT,6.0,REACTIVE (Below ROP)
2020-12-09,M01AB,,2.41,5.42,9.9,7.49,7.76,24.02,37.46,20.94,1,0,INCREASE REPLENISHMENT,4.0,REACTIVE (Below ROP)
2020-12-10,M01AB,,2.39,5.32,9.71,7.32,7.6,23.56,36.73,22.52,1,0,INCREASE REPLENISHMENT,5.0,REACTIVE (Below ROP)
2020-12-11,M01AB,,2.42,5.4,9.79,7.37,7.6,23.8,36.97,23.2,1,0,INCREASE REPLENISHMENT,5.0,REACTIVE (Below ROP)
2020-12-12,M01AB,,2.62,5.93,9.89,7.27,6.86,24.65,36.53,21.8,1,0,INCREASE REPLENISHMENT,5.0,REACTIVE (Below ROP)
2020-12-13,M01AB,,2.63,5.95,9.94,7.31,6.91,24.76,36.73,20.87,1,0,INCREASE REPLENISHMENT,6.0,REACTIVE (Below ROP)
2020-12-14,M01AB,,2.39,5.45,10.12,7.73,8.09,24.44,38.45,19.92,1,0,INCREASE REPLENISHMENT,8.0,REACTIVE (Below ROP)
2020-12-15,M01AB,,2.4,5.49,10.1,7.7,7.98,24.45,38.28,19.47,1,0,INCREASE REPLENISHMENT,5.0,REACTIVE (Below ROP)
2020-12-16,M01AB,,2.41,5.5,9.95,7.54,7.71,24.21,37.56,19.98,1,0,INCREASE REPLENISHMENT,5.0,REACTIVE (Below ROP)
2020-12-17,M01AB,,2.27,5.51,9.87,7.6,7.55,24.08,37.16,22.48,1,0,INCREASE REPLENISHMENT,5.0,REACTIVE (Below ROP)
2020-12-18,M01AB,,2.27,5.52,9.88,7.61,7.55,24.11,37.19,21.97,1,0,INCREASE REPLENISHMENT,6.0,REACTIVE (Below ROP)
2020-12-19,M01AB,,3.02,6.0,9.98,6.96,6.89,24.89,36.83,21.45,1,0,INCREASE REPLENISHMENT,5.0,REACTIVE (Below ROP)
2020-12-20,M01AB,,2.99,6.05,9.99,7.0,6.82,24.97,36.79,20.45,1,0,INCREASE REPLENISHMENT,6.0,REACTIVE (Below ROP)
2020-12-21,M01AB,,2.35,5.88,10.28,7.93,7.62,25.26,38.46,20.4,1,0,INCREASE REPLENISHMENT,8.0,REACTIVE (Below ROP)
2020-12-22,M01AB,,2.29,5.9,10.23,7.94,7.5,25.2,38.19,19.52,1,0,INCREASE REPLENISHMENT,5.0,REACTIVE (Below ROP)
2020-12-23,M01AB,,2.3,6.13,10.29,7.99,7.21,25.6,38.08,19.62,1,0,INCREASE REPLENISHMENT,6.0,REACTIVE (Below ROP)
2020-12-24,M01AB,,2.29,5.78,9.97,7.68,7.26,24.6,37.17,21.49,1,0,INCREASE REPLENISHMENT,5.0,REACTIVE (Below ROP)
2020-12-25,M01AB,,2.5,5.75,10.08,7.58,7.5,24.75,37.74,20.71,1,0,INCREASE REPLENISHMENT,7.0,REACTIVE (Below ROP)
2020-12-26,M01AB,,2.77,6.23,10.18,7.41,6.84,25.53,37.38,20.96,1,0,INCREASE REPLENISHMENT,5.0,REACTIVE (Below ROP)
2020-12-27,M01AB,,2.73,6.03,10.23,7.5,7.27,25.36,37.96,19.73,1,0,INCREASE REPLENISHMENT,7.0,REACTIVE (Below ROP)
2020-12-28,M01AB,,2.5,6.08,10.59,8.09,7.81,26.05,39.58,20.7,1,0,INCREASE REPLENISHMENT,7.0,REACTIVE (Below ROP)
2020-12-29,M01AB,,2.85,6.48,10.57,7.72,7.08,26.52,38.79,19.62,1,0,INCREASE REPLENISHMENT,6.0,REACTIVE (Below ROP)
2020-12-30,M01AB,,1.83,4.12,10.45,8.62,10.96,23.32,42.31,20.14,1,0,INCREASE REPLENISHMENT,10.0,REACTIVE (Below ROP)
2020-12-31,M01AB,,2.81,6.32,9.97,7.16,6.32,25.28,36.23,23.02,1,0,MAINTAIN REPLENISHMENT,0.0,PIPELINE IN-TRANSIT SUFFICIENT
2019-01-01,M01AE,0.0,0.0,2.92,9.08,9.08,10.67,19.43,37.91,37.91,0,0,MAINTAIN REPLENISHMENT,0.0,PIPELINE IN-TRANSIT SUFFICIENT
2019-01-02,M01AE,4.397,0.87,3.07,10.2,9.33,12.35,21.56,42.95,37.91,0,0,INCREASE REPLENISHMENT,6.0,PROACTIVE (Forward Shortfall)
2019-01-03,M01AE,4.836,1.27,2.94,9.28,8.01,10.98,19.8,38.82,33.51,0,0,MAINTAIN REPLENISHMENT,0.0,PIPELINE IN-TRANSIT SUFFICIENT
2019-01-04,M01AE,3.67,1.27,3.07,9.24,7.97,10.69,19.9,38.41,28.68,0,0,INCREASE REPLENISHMENT,4.0,PROACTIVE (Forward Shortfall)
2019-01-05,M01AE,3.69,2.09,3.69,9.79,7.7,10.57,21.64,39.94,31.01,0,0,INCREASE REPLENISHMENT,5.0,PROACTIVE (Forward Shortfall)
2019-01-06,M01AE,10.01,1.72,3.67,9.66,7.94,10.37,21.38,39.35,27.32,0,0,INCREASE REPLENISHMENT,4.0,PROACTIVE (Forward Shortfall)
2019-01-07,M01AE,0.0,0.0,3.11,10.5,10.5,12.8,22.13,44.3,21.31,1,0,INCREASE REPLENISHMENT,14.0,REACTIVE (Below ROP)
2019-01-08,M01AE,3.3200000000000003,1.08,2.99,11.27,10.19,14.34,23.31,48.15,26.31,0,0,INCREASE REPLENISHMENT,4.0,PROACTIVE (Forward Shortfall)
2019-01-09,M01AE,1.33,1.46,3.15,10.6,9.14,12.9,22.35,44.7,26.99,0,0,MAINTAIN REPLENISHMENT,0.0,PIPELINE IN-TRANSIT SUFFICIENT
2019-01-10,M01AE,3.58,1.41,3.02,10.87,9.46,13.6,22.66,46.21,39.66,0,0,INCREASE REPLENISHMENT,3.0,PROACTIVE (Forward Shortfall)
2019-01-11,M01AE,7.34,1.46,3.16,10.94,9.48,13.48,22.96,46.3,40.08,0,0,INCREASE REPLENISHMENT,4.0,PROACTIVE (Forward Shortfall)
2019-01-12,M01AE,7.02,1.81,3.79,12.17,10.36,14.51,25.88,51.02,32.74,0,0,INCREASE REPLENISHMENT,12.0,PROACTIVE (Forward Shortfall)
2019-01-13,M01AE,5.814,1.87,3.78,12.46,10.59,15.03,26.37,52.41,28.72,0,0,INCREASE REPLENISHMENT,8.0,PROACTIVE (Forward Shortfall)
2019-01-14,M01AE,9.7,1.6,3.22,10.34,8.74,12.33,21.99,43.35,26.9,0,0,MAINTAIN REPLENISHMENT,0.0,PIPELINE IN-TRANSIT SUFFICIENT
2019-01-15,M01AE,4.33,1.15,3.11,10.34,9.19,12.52,21.85,43.54,29.2,0,0,INCREASE REPLENISHMENT,7.0,PROACTIVE (Forward Shortfall)
2019-01-16,M01AE,5.066,1.28,3.29,10.32,9.04,12.18,22.05,43.14,32.87,0,0,INCREASE REPLENISHMENT,4.0,PROACTIVE (Forward Shortfall)
2019-01-17,M01AE,3.68,1.78,3.17,8.85,7.07,9.84,19.35,36.39,27.81,0,0,MAINTAIN REPLENISHMENT,0.0,PIPELINE IN-TRANSIT SUFFICIENT
2019-01-18,M01AE,6.439,1.84,3.33,8.95,7.11,9.73,19.72,36.58,31.13,0,0,INCREASE REPLENISHMENT,2.0,PROACTIVE (Forward Shortfall)
2019-01-19,M01AE,8.391,2.86,4.01,9.51,6.65,9.53,21.56,38.06,28.69,0,0,INCREASE REPLENISHMENT,8.0,PROACTIVE (Forward Shortfall)
2019-01-20,M01AE,14.463,2.66,4.03,9.88,7.22,10.13,22.22,39.77,20.3,1,0,INCREASE REPLENISHMENT,10.0,REACTIVE (Below ROP)
2019-01-21,M01AE,5.825,0.98,3.45,12.51,11.53,15.69,26.04,53.22,7.83,1,0,INCREASE REPLENISHMENT,28.0,REACTIVE (Below ROP)
2019-01-22,M01AE,7.0760000000000005,0.74,3.36,12.21,11.47,15.33,25.41,51.96,10.01,1,0,INCREASE REPLENISHMENT,4.0,REACTIVE (Below ROP)
2019-01-23,M01AE,8.463000000000001,1.41,3.56,12.06,10.65,14.72,25.4,50.9,12.93,1,0,INCREASE REPLENISHMENT,6.0,REACTIVE (Below ROP)
2019-01-24,M01AE,4.495,0.86,3.45,11.7,10.84,14.29,24.64,49.39,32.47,0,0,INCREASE REPLENISHMENT,7.0,PROACTIVE (Forward Shortfall)
2019-01-25,M01AE,7.18,0.99,3.63,11.58,10.59,13.77,24.66,48.51,31.98,0,0,INCREASE REPLENISHMENT,4.0,PROACTIVE (Forward Shortfall)
2019-01-26,M01AE,8.459,1.02,4.37,12.23,11.21,13.61,26.72,50.3,30.8,0,0,INCREASE REPLENISHMENT,9.0,PROACTIVE (Forward Shortfall)
2019-01-27,M01AE,11.745,0.9,4.39,12.25,11.35,13.61,26.78,50.36,29.34,0,0,INCREASE REPLENISHMENT,9.0,PROACTIVE (Forward Shortfall)
2019-01-28,M01AE,7.109,0.57,3.78,9.89,9.32,10.58,21.92,40.25,21.59,1,0,INCREASE REPLENISHMENT,1.0,REACTIVE (Below ROP)
2019-01-29,M01AE,5.0,0.35,3.67,9.55,9.2,10.18,21.19,38.83,23.48,0,0,INCREASE REPLENISHMENT,6.0,PROACTIVE (Forward Shortfall)
2019-01-30,M01AE,5.713,0.82,3.89,10.25,9.43,11.02,22.69,41.77,27.48,0,0,INCREASE REPLENISHMENT,8.0,PROACTIVE (Forward Shortfall)
2019-01-31,M01AE,11.505,0.81,3.76,10.19,9.38,11.14,22.42,41.71,22.77,0,0,INCREASE REPLENISHMENT,5.0,PROACTIVE (Forward Shortfall)
2019-02-01,M01AE,1.726,0.44,3.94,10.74,10.3,11.78,23.6,44.0,17.26,1,0,INCREASE REPLENISHMENT,14.0,REACTIVE (Below ROP)
2019-02-02,M01AE,12.706,0.79,4.71,13.4,12.61,15.05,29.18,55.25,23.54,1,0,INCREASE REPLENISHMENT,13.0,REACTIVE (Below ROP)
2019-02-03,M01AE,9.812,0.62,4.7,14.48,13.86,16.94,31.04,60.38,15.83,1,0,INCREASE REPLENISHMENT,18.0,REACTIVE (Below ROP)
2019-02-04,M01AE,6.68,0.26,4.02,13.32,13.06,16.11,28.17,56.07,20.02,1,0,INCREASE REPLENISHMENT,6.0,REACTIVE (Below ROP)
2019-02-05,M01AE,10.386,0.47,3.88,13.21,12.74,16.16,27.8,55.79,26.34,1,0,INCREASE REPLENISHMENT,6.0,REACTIVE (Below ROP)
2019-02-06,M01AE,4.178,0.78,4.08,13.27,12.49,15.92,28.16,55.73,33.95,0,0,INCREASE REPLENISHMENT,10.0,PROACTIVE (Forward Shortfall)
2019-02-07,M01AE,5.132,0.48,3.9,13.52,13.04,16.66,28.36,57.22,35.78,0,0,INCREASE REPLENISHMENT,6.0,PROACTIVE (Forward Shortfall)
2019-02-08,M01AE,6.373,1.28,4.05,13.34,12.06,16.09,28.24,56.11,36.64,0,0,INCREASE REPLENISHMENT,4.0,PROACTIVE (Forward Shortfall)
2019-02-09,M01AE,7.383,0.92,4.79,12.52,11.6,13.39,27.76,50.95,40.27,0,0,INCREASE REPLENISHMENT,1.0,PROACTIVE (Forward Shortfall)
2019-02-10,M01AE,7.119,0.79,4.73,10.8,10.01,10.51,24.7,42.91,38.89,0,0,MAINTAIN REPLENISHMENT,0.0,PIPELINE IN-TRANSIT SUFFICIENT
2019-02-11,M01AE,7.469,0.89,4.01,10.46,9.57,11.17,23.2,42.55,35.77,0,0,INCREASE REPLENISHMENT,6.0,PROACTIVE (Forward Shortfall)
2019-02-12,M01AE,3.34,0.85,3.83,9.29,8.44,9.46,20.95,37.33,29.3,0,0,INCREASE REPLENISHMENT,3.0,PROACTIVE (Forward Shortfall)
2019-02-13,M01AE,4.01,0.94,3.98,8.79,7.85,8.33,20.27,34.7,25.96,0,0,MAINTAIN REPLENISHMENT,0.0,PIPELINE IN-TRANSIT SUFFICIENT
2019-02-14,M01AE,6.517,0.84,3.77,10.41,9.57,11.5,22.81,42.73,27.95,0,0,INCREASE REPLENISHMENT,12.0,PROACTIVE (Forward Shortfall)
2019-02-15,M01AE,5.0,0.99,3.88,8.73,7.74,8.4,20.04,34.59,24.43,0,0,MAINTAIN REPLENISHMENT,0.0,PIPELINE IN-TRANSIT SUFFICIENT
2019-02-16,M01AE,6.0200000000000005,0.96,4.56,9.47,8.51,8.5,22.18,36.91,19.43,1,0,INCREASE REPLENISHMENT,6.0,REACTIVE (Below ROP)
2019-02-17,M01AE,4.416,0.87,4.48,9.12,8.25,8.04,21.48,35.4,25.41,0,0,INCREASE REPLENISHMENT,4.0,PROACTIVE (Forward Shortfall)
2019-02-18,M01AE,2.076,1.04,3.76,9.24,8.2,9.49,20.77,37.21,21.0,0,0,INCREASE REPLENISHMENT,7.0,PROACTIVE (Forward Shortfall)
2019-02-19,M01AE,4.33,1.04,3.57,8.14,7.1,7.92,18.63,32.34,24.92,0,0,MAINTAIN REPLENISHMENT,0.0,PIPELINE IN-TRANSIT SUFFICIENT
2019-02-20,M01AE,4.779,1.39,3.7,9.05,7.66,9.27,20.37,36.42,24.59,0,0,INCREASE REPLENISHMENT,5.0,PROACTIVE (Forward Shortfall)
2019-02-21,M01AE,5.0,1.0,3.49,7.85,6.85,7.55,18.02,31.1,26.81,0,0,MAINTAIN REPLENISHMENT,0.0,PIPELINE IN-TRANSIT SUFFICIENT
2019-02-22,M01AE,2.0,1.07,3.59,9.11,8.04,9.56,20.33,36.89,21.81,0,0,INCREASE REPLENISHMENT,11.0,PROACTIVE (Forward Shortfall)
2019-02-23,M01AE,2.4400000000000004,1.23,4.22,9.44,8.21,9.04,21.7,37.36,24.81,0,0,INCREASE REPLENISHMENT,2.0,PROACTIVE (Forward Shortfall)
2019-02-24,M01AE,4.01,1.02,4.15,8.54,7.52,7.6,20.05,33.22,22.37,0,0,MAINTAIN REPLENISHMENT,0.0,PIPELINE IN-TRANSIT SUFFICIENT
2019-02-25,M01AE,1.423,1.15,3.48,9.01,7.86,9.58,20.02,36.61,29.36,0,0,INCREASE REPLENISHMENT,6.0,PROACTIVE (Forward Shortfall)
2019-02-26,M01AE,3.83,1.09,3.32,7.7,6.61,7.59,17.55,30.69,29.94,0,0,MAINTAIN REPLENISHMENT,0.0,PIPELINE IN-TRANSIT SUFFICIENT
2019-02-27,M01AE,0.67,1.08,3.45,9.4,8.32,10.31,20.66,38.51,26.11,0,0,INCREASE REPLENISHMENT,7.0,PROACTIVE (Forward Shortfall)
2019-02-28,M01AE,3.33,1.29,3.27,9.01,7.72,9.94,19.75,36.97,31.44,0,0,MAINTAIN REPLENISHMENT,0.0,PIPELINE IN-TRANSIT SUFFICIENT
2019-03-01,M01AE,3.821,1.77,3.38,9.07,7.3,9.86,20.0,37.07,28.11,0,0,INCREASE REPLENISHMENT,2.0,PROACTIVE (Forward Shortfall)
2019-03-02,M01AE,1.33,1.87,4.0,9.55,7.68,9.61,21.61,38.26,31.29,0,0,INCREASE REPLENISHMENT,5.0,PROACTIVE (Forward Shortfall)
2019-03-03,M01AE,4.01,2.1,3.95,8.75,6.65,8.31,20.16,34.56,29.96,0,0,MAINTAIN REPLENISHMENT,0.0,PIPELINE IN-TRANSIT SUFFICIENT
2019-03-04,M01AE,2.67,1.54,3.33,9.65,8.11,10.95,20.94,39.9,27.95,0,0,INCREASE REPLENISHMENT,7.0,PROACTIVE (Forward Shortfall)
2019-03-05,M01AE,2.33,1.68,3.19,8.78,7.1,9.68,19.25,36.02,30.28,0,0,MAINTAIN REPLENISHMENT,0.0,PIPELINE IN-TRANSIT SUFFICIENT
2019-03-06,M01AE,1.396,1.5,3.33,8.28,6.78,8.57,18.56,33.41,27.95,0,0,MAINTAIN REPLENISHMENT,0.0,PIPELINE IN-TRANSIT SUFFICIENT
2019-03-07,M01AE,2.076,1.49,3.17,8.06,6.57,8.47,17.98,32.65,33.55,0,1,MAINTAIN REPLENISHMENT,0.0,PIPELINE IN-TRANSIT SUFFICIENT
2019-03-08,M01AE,3.34,1.46,3.3,7.44,5.98,7.17,17.07,29.49,31.48,0,1,MAINTAIN REPLENISHMENT,0.0,PIPELINE IN-TRANSIT SUFFICIENT
2019-03-09,M01AE,1.6700000000000002,1.95,3.92,8.94,6.99,8.69,20.45,35.51,28.14,0,0,INCREASE REPLENISHMENT,8.0,PROACTIVE (Forward Shortfall)
2019-03-10,M01AE,3.087,1.81,3.89,8.5,6.69,7.98,19.65,33.48,26.47,0,0,MAINTAIN REPLENISHMENT,0.0,PIPELINE IN-TRANSIT SUFFICIENT
2019-03-11,M01AE,3.67,1.0,3.28,8.9,7.9,9.73,19.57,36.43,23.38,0,0,INCREASE REPLENISHMENT,6.0,PROACTIVE (Forward Shortfall)
2019-03-12,M01AE,3.373,1.18,3.14,8.28,7.1,8.9,18.32,33.74,27.71,0,0,INCREASE REPLENISHMENT,1.0,PROACTIVE (Forward Shortfall)
2019-03-13,M01AE,4.34,1.19,3.29,8.35,7.16,8.76,18.63,33.81,24.34,0,0,INCREASE REPLENISHMENT,3.0,PROACTIVE (Forward Shortfall)
2019-03-14,M01AE,5.67,1.15,3.13,8.53,7.38,9.35,18.74,34.94,26.0,0,0,INCREASE REPLENISHMENT,5.0,PROACTIVE (Forward Shortfall)
2019-03-15,M01AE,1.34,0.93,3.24,7.6,6.67,7.55,17.27,30.35,21.33,0,0,INCREASE REPLENISHMENT,2.0,PROACTIVE (Forward Shortfall)
2019-03-16,M01AE,0.8370000000000001,1.79,3.85,8.34,6.55,7.78,19.33,32.8,22.99,0,0,INCREASE REPLENISHMENT,3.0,PROACTIVE (Forward Shortfall)
2019-03-17,M01AE,3.723,1.57,3.8,8.64,7.07,8.38,19.78,34.3,27.15,0,0,INCREASE REPLENISHMENT,3.0,PROACTIVE (Forward Shortfall)
2019-03-18,M01AE,0.8350000000000001,0.85,3.19,8.05,7.2,8.42,17.99,32.57,25.43,0,0,INCREASE REPLENISHMENT,2.0,PROACTIVE (Forward Shortfall)
2019-03-19,M01AE,3.33,1.05,3.04,8.33,7.28,9.16,18.28,34.15,27.59,0,0,INCREASE REPLENISHMENT,2.0,PROACTIVE (Forward Shortfall)
2019-03-20,M01AE,2.0,0.95,3.16,8.45,7.5,9.16,18.64,34.51,27.26,0,0,INCREASE REPLENISHMENT,4.0,PROACTIVE (Forward Shortfall)
2019-03-21,M01AE,1.423,1.02,2.99,8.08,7.06,8.82,17.79,33.06,27.26,0,0,MAINTAIN REPLENISHMENT,0.0,PIPELINE IN-TRANSIT SUFFICIENT
2019-03-22,M01AE,7.043,0.93,3.08,6.91,5.98,6.63,15.87,27.36,27.84,0,1,MAINTAIN REPLENISHMENT,0.0,PIPELINE IN-TRANSIT SUFFICIENT
2019-03-23,M01AE,3.3600000000000003,1.53,3.64,9.57,8.04,10.27,21.19,38.98,24.79,0,0,INCREASE REPLENISHMENT,15.0,PROACTIVE (Forward Shortfall)
2019-03-24,M01AE,2.67,1.44,3.57,9.17,7.73,9.7,20.41,37.21,21.43,0,0,INCREASE REPLENISHMENT,1.0,PROACTIVE (Forward Shortfall)
2019-03-25,M01AE,4.523,1.18,2.97,8.54,7.36,9.65,18.56,35.27,18.76,0,0,INCREASE REPLENISHMENT,1.0,PROACTIVE (Forward Shortfall)
2019-03-26,M01AE,5.51,1.25,2.81,8.12,6.87,9.2,17.63,33.56,29.24,0,0,INCREASE REPLENISHMENT,3.0,PROACTIVE (Forward Shortfall)
2019-03-27,M01AE,7.769,1.09,2.91,8.44,7.35,9.58,18.31,34.9,24.73,0,0,INCREASE REPLENISHMENT,7.0,PROACTIVE (Forward Shortfall)
2019-03-28,M01AE,6.430000000000001,1.11,2.74,8.87,7.76,10.62,18.84,37.23,17.96,1,0,INCREASE REPLENISHMENT,10.0,REACTIVE (Below ROP)
2019-03-29,M01AE,4.298,1.56,2.81,8.25,6.69,9.42,17.85,34.17,14.53,1,0,INCREASE REPLENISHMENT,3.0,REACTIVE (Below ROP)
2019-03-30,M01AE,10.68,2.05,3.33,8.37,6.32,8.73,18.72,33.84,17.23,1,0,INCREASE REPLENISHMENT,4.0,REACTIVE (Below ROP)
2019-03-31,M01AE,4.564,1.19,3.26,10.03,8.84,11.73,21.51,41.82,16.55,1,0,INCREASE REPLENISHMENT,19.0,REACTIVE (Below ROP)
2019-04-01,M01AE,1.703,0.8,2.71,8.83,8.03,10.6,18.73,37.09,14.99,1,0,MAINTAIN REPLENISHMENT,0.0,PIPELINE IN-TRANSIT SUFFICIENT
2019-04-02,M01AE,1.33,1.55,2.56,9.76,8.21,12.47,20.15,41.75,17.29,1,0,INCREASE REPLENISHMENT,6.0,REACTIVE (Below ROP)
2019-04-03,M01AE,5.099,1.37,2.66,10.82,9.45,14.13,22.11,46.59,34.96,0,0,INCREASE REPLENISHMENT,6.0,PROACTIVE (Forward Shortfall)
2019-04-04,M01AE,2.226,1.43,2.51,10.29,8.86,13.48,21.01,44.35,29.86,0,0,INCREASE REPLENISHMENT,3.0,PROACTIVE (Forward Shortfall)
2019-04-05,M01AE,4.198,1.44,2.59,10.48,9.04,13.67,21.44,45.11,33.63,0,0,INCREASE REPLENISHMENT,3.0,PROACTIVE (Forward Shortfall)
2019-04-06,M01AE,6.01,1.2,3.1,10.99,9.79,13.67,22.97,46.64,35.43,0,0,MAINTAIN REPLENISHMENT,0.0,HEALTHY ZONE
2019-04-07,M01AE,5.119,1.8,3.05,8.2,6.4,8.92,18.07,33.52,32.42,0,0,MAINTAIN REPLENISHMENT,0.0,PIPELINE IN-TRANSIT SUFFICIENT
2019-04-08,M01AE,4.3500000000000005,1.16,2.54,7.85,6.69,9.2,16.82,32.75,30.31,0,0,INCREASE REPLENISHMENT,3.0,PROACTIVE (Forward Shortfall)
2019-04-09,M01AE,2.0,1.67,2.43,7.75,6.08,9.21,16.5,32.46,25.96,0,0,INCREASE REPLENISHMENT,4.0,PROACTIVE (Forward Shortfall)
2019-04-10,M01AE,2.7460000000000004,1.59,2.55,9.03,7.44,11.22,18.87,38.31,23.96,0,0,INCREASE REPLENISHMENT,8.0,PROACTIVE (Forward Shortfall)
2019-04-11,M01AE,6.156000000000001,2.12,2.42,8.84,6.72,11.12,18.38,37.64,24.21,0,0,INCREASE REPLENISHMENT,2.0,PROACTIVE (Forward Shortfall)
2019-04-12,M01AE,4.373,2.16,2.54,7.76,5.6,9.04,16.66,32.32,22.05,0,0,INCREASE REPLENISHMENT,1.0,PROACTIVE (Forward Shortfall)
2019-04-13,M01AE,4.134,1.98,3.07,9.24,7.26,10.69,19.9,38.41,25.68,0,0,INCREASE REPLENISHMENT,10.0,PROACTIVE (Forward Shortfall)
2019-04-14,M01AE,4.406,2.0,3.06,8.33,6.33,9.13,18.31,34.12,23.55,0,0,MAINTAIN REPLENISHMENT,0.0,PIPELINE IN-TRANSIT SUFFICIENT
2019-04-15,M01AE,6.0,1.57,2.57,8.45,6.88,10.18,17.89,35.53,20.14,0,0,INCREASE REPLENISHMENT,6.0,PROACTIVE (Forward Shortfall)
2019-04-16,M01AE,2.67,1.69,2.48,7.71,6.02,9.06,16.5,32.19,24.14,0,0,INCREASE REPLENISHMENT,3.0,PROACTIVE (Forward Shortfall)
2019-04-17,M01AE,4.0,1.78,2.64,7.98,6.2,9.25,17.17,33.19,21.47,0,0,INCREASE REPLENISHMENT,3.0,PROACTIVE (Forward Shortfall)
2019-04-18,M01AE,0.0,1.62,2.53,8.01,6.39,9.49,17.08,33.52,23.47,0,0,INCREASE REPLENISHMENT,5.0,PROACTIVE (Forward Shortfall)
2019-04-19,M01AE,2.743,2.12,2.67,9.1,6.98,11.14,19.15,38.44,26.47,0,0,INCREASE REPLENISHMENT,4.0,PROACTIVE (Forward Shortfall)
2019-04-20,M01AE,3.769,2.44,3.25,8.5,6.06,9.09,18.84,34.59,26.73,0,0,MAINTAIN REPLENISHMENT,0.0,PIPELINE IN-TRANSIT SUFFICIENT
2019-04-21,M01AE,4.845,2.04,3.25,8.48,6.44,9.06,18.81,34.5,27.96,0,0,INCREASE REPLENISHMENT,3.0,PROACTIVE (Forward Shortfall)
2019-04-22,M01AE,1.66,1.86,2.77,8.36,6.5,9.68,17.99,34.76,27.11,0,0,INCREASE REPLENISHMENT,5.0,PROACTIVE (Forward Shortfall)
2019-04-23,M01AE,0.34,2.1,2.68,7.74,5.64,8.76,16.8,31.98,25.45,0,0,MAINTAIN REPLENISHMENT,0.0,PIPELINE IN-TRANSIT SUFFICIENT
2019-04-24,M01AE,4.747,1.59,2.85,8.98,7.39,10.62,19.17,37.56,28.11,0,0,INCREASE REPLENISHMENT,5.0,PROACTIVE (Forward Shortfall)
2019-04-25,M01AE,3.59,1.6,2.75,9.2,7.6,11.17,19.42,38.77,28.37,0,0,INCREASE REPLENISHMENT,6.0,PROACTIVE (Forward Shortfall)
2019-04-26,M01AE,1.6800000000000002,1.88,2.9,8.21,6.33,9.2,17.9,33.83,24.78,0,0,MAINTAIN REPLENISHMENT,0.0,PIPELINE IN-TRANSIT SUFFICIENT
2019-04-27,M01AE,2.4970000000000003,2.23,3.51,9.08,6.85,9.65,20.18,36.89,28.1,0,0,INCREASE REPLENISHMENT,3.0,PROACTIVE (Forward Shortfall)
2019-04-28,M01AE,0.0,1.82,3.52,8.41,6.59,8.47,19.03,33.7,31.6,0,0,MAINTAIN REPLENISHMENT,0.0,PIPELINE IN-TRANSIT SUFFICIENT
2019-04-29,M01AE,6.367,0.84,2.99,8.29,7.45,9.18,18.15,34.05,31.6,0,0,MAINTAIN REPLENISHMENT,0.0,PIPELINE IN-TRANSIT SUFFICIENT
2019-04-30,M01AE,1.407,0.95,2.89,9.04,8.09,10.65,19.32,37.77,28.23,0,0,INCREASE REPLENISHMENT,10.0,PROACTIVE (Forward Shortfall)
2019-05-01,M01AE,4.02,1.36,3.06,8.9,7.54,10.12,19.3,36.82,26.83,0,0,MAINTAIN REPLENISHMENT,0.0,PIPELINE IN-TRANSIT SUFFICIENT
2019-05-02,M01AE,5.429,1.04,2.94,8.6,7.56,9.8,18.62,35.6,22.81,0,0,INCREASE REPLENISHMENT,3.0,PROACTIVE (Forward Shortfall)
2019-05-03,M01AE,2.34,1.47,3.08,9.18,7.71,10.57,19.81,38.11,27.38,0,0,INCREASE REPLENISHMENT,8.0,PROACTIVE (Forward Shortfall)
2019-05-04,M01AE,5.43,2.17,3.7,9.7,7.53,10.39,21.49,39.49,25.04,0,0,INCREASE REPLENISHMENT,4.0,PROACTIVE (Forward Shortfall)
2019-05-05,M01AE,2.42,1.56,3.68,9.94,8.38,10.84,21.88,40.66,22.61,0,0,INCREASE REPLENISHMENT,7.0,PROACTIVE (Forward Shortfall)
2019-05-06,M01AE,0.066,1.42,3.12,8.41,6.99,9.16,18.52,34.39,28.19,0,0,MAINTAIN REPLENISHMENT,0.0,PIPELINE IN-TRANSIT SUFFICIENT
2019-05-07,M01AE,5.519,1.07,3.0,8.56,7.49,9.63,18.63,35.31,32.12,0,0,MAINTAIN REPLENISHMENT,0.0,PIPELINE IN-TRANSIT SUFFICIENT
2019-05-08,M01AE,4.033,1.07,3.15,8.81,7.74,9.8,19.25,36.23,33.6,0,0,INCREASE REPLENISHMENT,3.0,PROACTIVE (Forward Shortfall)
2019-05-09,M01AE,2.33,1.29,3.0,8.67,7.38,9.82,18.82,35.83,29.57,0,0,INCREASE REPLENISHMENT,4.0,PROACTIVE (Forward Shortfall)
2019-05-10,M01AE,1.34,1.75,3.12,8.53,6.78,9.37,18.73,34.96,27.24,0,0,INCREASE REPLENISHMENT,1.0,PROACTIVE (Forward Shortfall)
2019-05-11,M01AE,5.0,2.17,3.72,9.34,7.17,9.73,20.89,37.75,28.9,0,0,INCREASE REPLENISHMENT,4.0,PROACTIVE (Forward Shortfall)
2019-05-12,M01AE,1.6800000000000002,2.21,3.69,9.15,6.94,9.46,20.53,36.91,27.9,0,0,INCREASE REPLENISHMENT,5.0,PROACTIVE (Forward Shortfall)
2019-05-13,M01AE,4.527,1.19,3.1,8.67,7.48,9.65,18.95,35.66,27.22,0,0,MAINTAIN REPLENISHMENT,0.0,PIPELINE IN-TRANSIT SUFFICIENT
2019-05-14,M01AE,4.363,0.97,2.96,8.17,7.2,9.02,17.9,33.53,26.69,0,0,INCREASE REPLENISHMENT,2.0,PROACTIVE (Forward Shortfall)
2019-05-15,M01AE,1.066,1.1,3.09,8.23,7.13,8.9,18.17,33.59,27.33,0,0,INCREASE REPLENISHMENT,5.0,PROACTIVE (Forward Shortfall)
2019-05-16,M01AE,1.0670000000000002,1.15,2.94,7.78,6.63,8.38,17.2,31.72,26.26,0,0,MAINTAIN REPLENISHMENT,0.0,PIPELINE IN-TRANSIT SUFFICIENT
2019-05-17,M01AE,1.66,1.05,3.04,8.16,7.11,8.87,17.99,33.35,27.2,0,0,INCREASE REPLENISHMENT,2.0,PROACTIVE (Forward Shortfall)
2019-05-18,M01AE,0.34,1.65,3.62,8.66,7.01,8.73,19.59,34.71,30.54,0,0,INCREASE REPLENISHMENT,3.0,PROACTIVE (Forward Shortfall)
2019-05-19,M01AE,5.0,1.44,3.57,8.4,6.96,8.37,19.08,33.57,30.2,0,0,MAINTAIN REPLENISHMENT,0.0,PIPELINE IN-TRANSIT SUFFICIENT
2019-05-20,M01AE,6.396000000000001,0.92,2.99,8.43,7.51,9.42,18.39,34.71,27.2,0,0,INCREASE REPLENISHMENT,5.0,PROACTIVE (Forward Shortfall)
2019-05-21,M01AE,4.0,1.22,2.85,9.08,7.86,10.79,19.34,38.03,23.8,0,0,INCREASE REPLENISHMENT,10.0,PROACTIVE (Forward Shortfall)
2019-05-22,M01AE,2.836,1.34,2.97,9.13,7.79,10.67,19.58,38.06,19.8,0,0,INCREASE REPLENISHMENT,4.0,PROACTIVE (Forward Shortfall)
2019-05-23,M01AE,3.34,1.14,2.81,8.72,7.58,10.24,18.67,36.4,21.96,0,0,INCREASE REPLENISHMENT,1.0,PROACTIVE (Forward Shortfall)
2019-05-24,M01AE,3.703,1.2,2.91,8.46,7.26,9.61,18.34,34.99,28.62,0,0,INCREASE REPLENISHMENT,2.0,PROACTIVE (Forward Shortfall)
2019-05-25,M01AE,3.34,1.7,3.47,8.73,7.03,9.11,19.52,35.3,28.92,0,0,INCREASE REPLENISHMENT,4.0,PROACTIVE (Forward Shortfall)
2019-05-26,M01AE,5.3100000000000005,1.8,3.42,7.37,5.57,6.84,17.1,28.95,26.58,0,0,MAINTAIN REPLENISHMENT,0.0,PIPELINE IN-TRANSIT SUFFICIENT
2019-05-27,M01AE,0.67,1.02,2.86,8.23,7.21,9.3,17.88,33.99,23.27,0,0,INCREASE REPLENISHMENT,7.0,PROACTIVE (Forward Shortfall)
2019-05-28,M01AE,3.99,1.28,2.72,7.4,6.12,8.11,16.27,30.31,26.6,0,0,MAINTAIN REPLENISHMENT,0.0,PIPELINE IN-TRANSIT SUFFICIENT
2019-05-29,M01AE,2.34,1.18,2.85,7.15,5.97,7.45,16.0,28.9,22.61,0,0,MAINTAIN REPLENISHMENT,0.0,PIPELINE IN-TRANSIT SUFFICIENT
2019-05-30,M01AE,0.34,1.08,2.7,7.95,6.87,9.09,17.19,32.94,27.27,0,0,INCREASE REPLENISHMENT,6.0,PROACTIVE (Forward Shortfall)
2019-05-31,M01AE,3.363,1.1,2.8,7.91,6.81,8.85,17.25,32.58,26.93,0,0,MAINTAIN REPLENISHMENT,0.0,PIPELINE IN-TRANSIT SUFFICIENT
2019-06-01,M01AE,1.34,1.6,3.34,8.41,6.81,8.78,18.8,34.01,23.57,0,0,INCREASE REPLENISHMENT,5.0,PROACTIVE (Forward Shortfall)
2019-06-02,M01AE,2.66,1.53,3.3,8.47,6.94,8.95,18.85,34.36,28.23,0,0,INCREASE REPLENISHMENT,2.0,PROACTIVE (Forward Shortfall)
2019-06-03,M01AE,2.505,0.99,2.76,7.0,6.01,7.34,15.62,28.34,25.57,0,0,MAINTAIN REPLENISHMENT,0.0,PIPELINE IN-TRANSIT SUFFICIENT
2019-06-04,M01AE,2.823,1.21,2.64,7.22,6.01,7.93,15.85,29.59,28.06,0,0,MAINTAIN REPLENISHMENT,0.0,PIPELINE IN-TRANSIT SUFFICIENT
2019-06-05,M01AE,1.77,1.06,2.77,7.34,6.28,7.92,16.23,29.94,27.24,0,0,INCREASE REPLENISHMENT,3.0,PROACTIVE (Forward Shortfall)
2019-06-06,M01AE,2.076,0.97,2.63,6.7,5.73,7.05,14.94,27.15,25.47,0,0,MAINTAIN REPLENISHMENT,0.0,PIPELINE IN-TRANSIT SUFFICIENT
2019-06-07,M01AE,2.67,1.11,2.73,6.97,5.86,7.34,15.53,28.25,23.39,0,0,INCREASE REPLENISHMENT,2.0,PROACTIVE (Forward Shortfall)
2019-06-08,M01AE,3.66,1.41,3.28,7.3,5.89,6.96,16.8,28.86,23.72,0,0,INCREASE REPLENISHMENT,4.0,PROACTIVE (Forward Shortfall)
2019-06-09,M01AE,1.033,1.56,3.25,6.51,4.95,5.65,15.4,25.18,20.06,0,0,MAINTAIN REPLENISHMENT,0.0,PIPELINE IN-TRANSIT SUFFICIENT
2019-06-10,M01AE,1.34,1.02,2.73,6.12,5.1,5.87,14.06,24.23,21.03,0,0,MAINTAIN REPLENISHMENT,0.0,PIPELINE IN-TRANSIT SUFFICIENT
2019-06-11,M01AE,3.33,1.16,2.62,6.21,5.05,6.22,14.08,24.85,23.69,0,0,INCREASE REPLENISHMENT,2.0,PROACTIVE (Forward Shortfall)
2019-06-12,M01AE,3.406,1.19,2.76,6.78,5.59,6.96,15.24,27.3,20.36,0,0,INCREASE REPLENISHMENT,5.0,PROACTIVE (Forward Shortfall)
2019-06-13,M01AE,3.0200000000000005,1.26,2.63,6.7,5.44,7.05,14.94,27.15,16.95,0,0,INCREASE REPLENISHMENT,4.0,PROACTIVE (Forward Shortfall)
2019-06-14,M01AE,3.35,1.18,2.75,6.86,5.68,7.12,15.37,27.7,15.93,0,0,INCREASE REPLENISHMENT,3.0,PROACTIVE (Forward Shortfall)
2019-06-15,M01AE,3.463,1.42,3.31,6.97,5.55,6.34,16.27,27.25,17.58,0,0,INCREASE REPLENISHMENT,3.0,PROACTIVE (Forward Shortfall)
2019-06-16,M01AE,5.3500000000000005,1.67,3.3,8.08,6.41,8.28,18.18,32.52,18.12,1,0,INCREASE REPLENISHMENT,9.0,REACTIVE (Below ROP)
2019-06-17,M01AE,4.66,1.02,2.79,7.01,5.99,7.31,15.68,28.34,15.77,0,0,INCREASE REPLENISHMENT,1.0,PROACTIVE (Forward Shortfall)
2019-06-18,M01AE,4.21,1.28,2.68,5.9,4.62,5.58,13.62,23.28,14.11,0,0,MAINTAIN REPLENISHMENT,0.0,PIPELINE IN-TRANSIT SUFFICIENT
2019-06-19,M01AE,3.033,1.29,2.84,6.03,4.74,5.53,14.05,23.62,18.9,0,0,INCREASE REPLENISHMENT,4.0,PROACTIVE (Forward Shortfall)
2019-06-20,M01AE,4.363,1.47,2.72,6.0,4.53,5.68,13.84,23.68,16.87,0,0,INCREASE REPLENISHMENT,3.0,PROACTIVE (Forward Shortfall)
2019-06-21,M01AE,2.33,1.28,2.85,5.99,4.71,5.44,13.99,23.41,12.51,1,0,INCREASE REPLENISHMENT,4.0,REACTIVE (Below ROP)
2019-06-22,M01AE,4.0,1.6,3.44,7.01,5.41,6.18,16.5,27.21,14.18,1,0,INCREASE REPLENISHMENT,7.0,REACTIVE (Below ROP)
2019-06-23,M01AE,4.792,1.84,3.44,6.96,5.12,6.1,16.42,26.98,13.18,1,0,INCREASE REPLENISHMENT,3.0,REACTIVE (Below ROP)
2019-06-24,M01AE,4.68,1.07,2.91,6.22,5.15,5.73,14.46,24.39,12.38,1,0,INCREASE REPLENISHMENT,3.0,REACTIVE (Below ROP)
2019-06-25,M01AE,2.638,1.51,2.81,6.13,4.62,5.75,14.18,24.14,14.7,0,0,INCREASE REPLENISHMENT,4.0,PROACTIVE (Forward Shortfall)
2019-06-26,M01AE,3.44,1.26,2.97,6.5,5.24,6.11,15.02,25.61,15.07,0,0,INCREASE REPLENISHMENT,4.0,PROACTIVE (Forward Shortfall)
2019-06-27,M01AE,6.33,1.14,2.85,6.31,5.17,5.99,14.54,24.92,14.63,0,0,INCREASE REPLENISHMENT,3.0,PROACTIVE (Forward Shortfall)
2019-06-28,M01AE,1.4960000000000002,1.26,2.99,7.26,6.0,7.4,16.37,29.18,12.3,1,0,INCREASE REPLENISHMENT,10.0,REACTIVE (Below ROP)
2019-06-29,M01AE,5.7,1.67,3.61,8.26,6.59,8.05,18.88,32.83,14.8,1,0,INCREASE REPLENISHMENT,6.0,REACTIVE (Below ROP)
2019-06-30,M01AE,6.159,1.22,3.6,8.53,7.31,8.54,19.34,34.13,12.1,1,0,INCREASE REPLENISHMENT,7.0,REACTIVE (Below ROP)
2019-07-01,M01AE,2.0,0.92,3.05,8.29,7.37,9.08,18.23,33.95,15.94,1,0,INCREASE REPLENISHMENT,6.0,REACTIVE (Below ROP)
2019-07-02,M01AE,3.012,1.12,2.94,8.55,7.43,9.72,18.54,35.37,19.94,0,0,INCREASE REPLENISHMENT,3.0,PROACTIVE (Forward Shortfall)
2019-07-03,M01AE,2.849,0.9,3.1,8.64,7.74,9.6,18.9,35.52,23.93,0,0,INCREASE REPLENISHMENT,3.0,PROACTIVE (Forward Shortfall)
2019-07-04,M01AE,1.67,1.12,2.96,8.59,7.47,9.75,18.63,35.52,27.08,0,0,INCREASE REPLENISHMENT,3.0,PROACTIVE (Forward Shortfall)
2019-07-05,M01AE,3.08,1.25,3.09,8.41,7.16,9.21,18.48,34.44,28.41,0,0,INCREASE REPLENISHMENT,1.0,PROACTIVE (Forward Shortfall)
2019-07-06,M01AE,1.703,1.7,3.7,8.7,7.0,8.66,19.76,34.76,28.33,0,0,INCREASE REPLENISHMENT,3.0,PROACTIVE (Forward Shortfall)
2019-07-07,M01AE,6.463,1.72,3.68,8.28,6.56,7.97,19.01,32.81,29.63,0,0,MAINTAIN REPLENISHMENT,0.0,PIPELINE IN-TRANSIT SUFFICIENT
2019-07-08,M01AE,4.373,0.98,3.1,7.92,6.94,8.35,17.65,32.11,24.16,0,0,INCREASE REPLENISHMENT,5.0,PROACTIVE (Forward Shortfall)
2019-07-09,M01AE,2.7030000000000003,1.22,2.97,8.14,6.92,8.95,17.86,33.37,22.79,0,0,INCREASE REPLENISHMENT,6.0,PROACTIVE (Forward Shortfall)
2019-07-10,M01AE,5.67,1.0,3.11,7.99,6.99,8.45,17.78,32.42,20.09,0,0,INCREASE REPLENISHMENT,2.0,PROACTIVE (Forward Shortfall)
2019-07-11,M01AE,4.726,1.04,2.96,8.94,7.9,10.36,19.24,37.18,19.42,0,0,INCREASE REPLENISHMENT,10.0,PROACTIVE (Forward Shortfall)
2019-07-12,M01AE,5.09,1.11,3.07,7.96,6.85,8.47,17.68,32.35,20.69,0,0,MAINTAIN REPLENISHMENT,0.0,PIPELINE IN-TRANSIT SUFFICIENT
2019-07-13,M01AE,3.417,1.4,3.66,8.48,7.08,8.35,19.33,33.79,17.6,1,0,INCREASE REPLENISHMENT,7.0,REACTIVE (Below ROP)
2019-07-14,M01AE,5.34,1.69,3.61,8.58,6.89,8.61,19.44,34.35,24.18,0,0,INCREASE REPLENISHMENT,4.0,PROACTIVE (Forward Shortfall)
2019-07-15,M01AE,1.6700000000000002,1.07,3.02,7.95,6.88,8.54,17.6,32.39,18.84,0,0,INCREASE REPLENISHMENT,3.0,PROACTIVE (Forward Shortfall)
2019-07-16,M01AE,3.34,1.3,2.88,7.77,6.47,8.47,17.11,31.78,24.17,0,0,INCREASE REPLENISHMENT,1.0,PROACTIVE (Forward Shortfall)
2019-07-17,M01AE,0.157,1.1,3.0,8.09,6.99,8.82,17.82,33.09,24.83,0,0,INCREASE REPLENISHMENT,5.0,PROACTIVE (Forward Shortfall)
2019-07-18,M01AE,3.33,1.08,2.84,8.17,7.09,9.23,17.75,33.74,27.68,0,0,INCREASE REPLENISHMENT,1.0,PROACTIVE (Forward Shortfall)
2019-07-19,M01AE,5.34,1.04,2.94,8.25,7.21,9.2,18.02,33.95,25.35,0,0,INCREASE REPLENISHMENT,3.0,PROACTIVE (Forward Shortfall)
2019-07-20,M01AE,4.449,1.58,3.49,8.72,7.14,9.06,19.53,35.22,25.01,0,0,INCREASE REPLENISHMENT,7.0,PROACTIVE (Forward Shortfall)
2019-07-21,M01AE,0.363,1.57,3.44,8.78,7.21,9.25,19.57,35.59,21.56,0,0,INCREASE REPLENISHMENT,5.0,PROACTIVE (Forward Shortfall)
2019-07-22,M01AE,2.66,0.97,2.87,8.35,7.38,9.49,18.1,34.54,24.2,0,0,MAINTAIN REPLENISHMENT,0.0,PIPELINE IN-TRANSIT SUFFICIENT
2019-07-23,M01AE,0.67,1.11,2.73,8.14,7.03,9.37,17.56,33.79,28.54,0,0,INCREASE REPLENISHMENT,1.0,PROACTIVE (Forward Shortfall)
2019-07-24,M01AE,3.769,1.16,2.85,8.5,7.34,9.79,18.34,35.29,32.87,0,0,INCREASE REPLENISHMENT,2.0,PROACTIVE (Forward Shortfall)
2019-07-25,M01AE,7.0,1.03,2.69,7.91,6.88,9.04,17.11,32.77,29.1,0,0,INCREASE REPLENISHMENT,1.0,PROACTIVE (Forward Shortfall)
2019-07-26,M01AE,4.0,1.45,2.79,9.13,7.68,10.98,19.35,38.37,23.1,0,0,INCREASE REPLENISHMENT,13.0,PROACTIVE (Forward Shortfall)
2019-07-27,M01AE,0.0,1.77,3.33,9.42,7.65,10.55,20.54,38.81,21.1,0,0,INCREASE REPLENISHMENT,4.0,PROACTIVE (Forward Shortfall)
2019-07-28,M01AE,1.34,1.81,3.29,9.83,8.02,11.33,21.2,40.82,22.1,0,0,INCREASE REPLENISHMENT,2.0,PROACTIVE (Forward Shortfall)
2019-07-29,M01AE,4.33,1.19,2.75,9.05,7.86,10.91,19.16,38.06,33.76,0,0,MAINTAIN REPLENISHMENT,0.0,PIPELINE IN-TRANSIT SUFFICIENT
2019-07-30,M01AE,6.187,1.39,2.63,9.06,7.67,11.14,19.03,38.32,33.43,0,0,INCREASE REPLENISHMENT,3.0,PROACTIVE (Forward Shortfall)
2019-07-31,M01AE,2.84,1.37,2.75,9.2,7.83,11.17,19.42,38.77,29.24,0,0,INCREASE REPLENISHMENT,7.0,PROACTIVE (Forward Shortfall)
2019-08-01,M01AE,0.913,1.35,2.62,9.12,7.77,11.26,19.12,38.62,26.4,0,0,INCREASE REPLENISHMENT,3.0,PROACTIVE (Forward Shortfall)
2019-08-02,M01AE,1.6800000000000002,1.47,2.73,8.68,7.21,10.31,18.5,36.35,28.49,0,0,MAINTAIN REPLENISHMENT,0.0,PIPELINE IN-TRANSIT SUFFICIENT
2019-08-03,M01AE,4.68,1.88,3.28,9.09,7.21,10.06,19.9,37.33,33.81,0,0,INCREASE REPLENISHMENT,1.0,PROACTIVE (Forward Shortfall)
2019-08-04,M01AE,2.67,1.79,3.26,8.72,6.93,9.46,19.24,35.62,32.13,0,0,INCREASE REPLENISHMENT,3.0,PROACTIVE (Forward Shortfall)
2019-08-05,M01AE,1.0,1.41,2.75,8.46,7.05,9.89,18.14,35.27,29.46,0,0,INCREASE REPLENISHMENT,2.0,PROACTIVE (Forward Shortfall)
2019-08-06,M01AE,4.67,1.55,2.64,8.06,6.51,9.39,17.31,33.57,29.46,0,0,MAINTAIN REPLENISHMENT,0.0,PIPELINE IN-TRANSIT SUFFICIENT
2019-08-07,M01AE,1.759,1.54,2.79,8.56,7.02,9.99,18.36,35.67,27.79,0,0,INCREASE REPLENISHMENT,6.0,PROACTIVE (Forward Shortfall)
2019-08-08,M01AE,1.01,1.36,2.67,8.64,7.28,10.34,18.35,36.26,28.03,0,0,INCREASE REPLENISHMENT,3.0,PROACTIVE (Forward Shortfall)
2019-08-09,M01AE,3.25,1.43,2.8,7.57,6.14,8.26,16.66,30.97,27.02,0,0,MAINTAIN REPLENISHMENT,0.0,PIPELINE IN-TRANSIT SUFFICIENT
2019-08-10,M01AE,0.68,1.94,3.38,8.29,6.35,8.5,18.64,33.37,29.77,0,0,INCREASE REPLENISHMENT,1.0,PROACTIVE (Forward Shortfall)
2019-08-11,M01AE,6.8500000000000005,1.79,3.38,8.05,6.26,8.09,18.23,32.24,32.09,0,0,MAINTAIN REPLENISHMENT,0.0,PIPELINE IN-TRANSIT SUFFICIENT
2019-08-12,M01AE,4.496,1.32,2.86,8.99,7.67,10.62,19.2,37.59,25.24,0,0,INCREASE REPLENISHMENT,12.0,PROACTIVE (Forward Shortfall)
2019-08-13,M01AE,1.896,1.45,2.76,8.9,7.45,10.63,18.91,37.33,21.74,0,0,INCREASE REPLENISHMENT,4.0,PROACTIVE (Forward Shortfall)
2019-08-14,M01AE,0.67,1.47,2.93,8.83,7.36,10.22,19.01,36.71,19.85,0,0,INCREASE REPLENISHMENT,1.0,PROACTIVE (Forward Shortfall)
2019-08-15,M01AE,1.99,1.53,2.81,8.96,7.43,10.65,19.08,37.53,31.18,0,0,INCREASE REPLENISHMENT,2.0,PROACTIVE (Forward Shortfall)
2019-08-16,M01AE,2.68,1.55,2.95,8.92,7.37,10.34,19.19,37.1,33.19,0,0,INCREASE REPLENISHMENT,1.0,PROACTIVE (Forward Shortfall)
2019-08-17,M01AE,4.531,1.92,3.56,9.52,7.6,10.32,21.0,38.88,31.51,0,0,INCREASE REPLENISHMENT,5.0,PROACTIVE (Forward Shortfall)
2019-08-18,M01AE,2.846,1.94,3.56,9.27,7.33,9.89,20.57,37.7,28.97,0,0,INCREASE REPLENISHMENT,3.0,PROACTIVE (Forward Shortfall)
2019-08-19,M01AE,3.67,1.46,3.02,8.75,7.29,9.92,18.98,36.17,27.13,0,0,INCREASE REPLENISHMENT,2.0,PROACTIVE (Forward Shortfall)
2019-08-20,M01AE,1.32,1.45,2.92,6.94,5.49,6.96,15.72,27.78,28.46,0,1,MAINTAIN REPLENISHMENT,0.0,PIPELINE IN-TRANSIT SUFFICIENT
2019-08-21,M01AE,4.0,1.52,3.09,8.55,7.03,9.46,18.73,35.11,30.14,0,0,INCREASE REPLENISHMENT,3.0,PROACTIVE (Forward Shortfall)
2019-08-22,M01AE,4.0,1.6,2.96,9.36,7.76,11.09,19.97,39.17,28.14,0,0,INCREASE REPLENISHMENT,9.0,PROACTIVE (Forward Shortfall)
2019-08-23,M01AE,5.156,1.47,3.1,8.92,7.45,10.08,19.38,36.84,24.14,0,0,INCREASE REPLENISHMENT,1.0,PROACTIVE (Forward Shortfall)
2019-08-24,M01AE,6.02,1.98,3.72,7.72,5.74,6.93,18.09,30.09,21.98,0,0,MAINTAIN REPLENISHMENT,0.0,PIPELINE IN-TRANSIT SUFFICIENT
2019-08-25,M01AE,3.3500000000000005,1.86,3.71,9.36,7.5,9.79,20.92,37.87,24.96,0,0,INCREASE REPLENISHMENT,12.0,PROACTIVE (Forward Shortfall)
2019-08-26,M01AE,2.373,1.07,3.14,8.92,7.85,10.01,19.43,36.77,22.61,0,0,INCREASE REPLENISHMENT,3.0,PROACTIVE (Forward Shortfall)
2019-08-27,M01AE,2.01,1.16,3.02,8.38,7.22,9.28,18.34,34.42,20.24,0,0,MAINTAIN REPLENISHMENT,0.0,PIPELINE IN-TRANSIT SUFFICIENT
2019-08-28,M01AE,1.427,1.24,3.18,8.67,7.43,9.51,19.05,35.52,30.23,0,0,INCREASE REPLENISHMENT,3.0,PROACTIVE (Forward Shortfall)
2019-08-29,M01AE,1.6800000000000002,1.28,3.04,8.3,7.02,9.11,18.23,34.01,31.8,0,0,MAINTAIN REPLENISHMENT,0.0,PIPELINE IN-TRANSIT SUFFICIENT
2019-08-30,M01AE,1.056,1.49,3.17,8.26,6.77,8.82,18.33,33.6,30.12,0,0,INCREASE REPLENISHMENT,1.0,PROACTIVE (Forward Shortfall)
2019-08-31,M01AE,3.936,1.61,3.78,8.91,7.3,8.89,20.23,35.62,32.07,0,0,INCREASE REPLENISHMENT,3.0,PROACTIVE (Forward Shortfall)
2019-09-01,M01AE,4.36,1.3,3.75,7.72,6.42,6.88,18.13,30.04,28.13,0,0,MAINTAIN REPLENISHMENT,0.0,PIPELINE IN-TRANSIT SUFFICIENT
2019-09-02,M01AE,2.087,1.17,3.17,8.88,7.71,9.89,19.4,36.53,24.77,0,0,INCREASE REPLENISHMENT,9.0,PROACTIVE (Forward Shortfall)
2019-09-03,M01AE,2.35,1.29,3.04,8.56,7.27,9.56,18.68,35.24,25.68,0,0,INCREASE REPLENISHMENT,1.0,PROACTIVE (Forward Shortfall)
2019-09-04,M01AE,0.373,1.3,3.18,8.75,7.45,9.65,19.19,35.9,23.33,0,0,INCREASE REPLENISHMENT,3.0,PROACTIVE (Forward Shortfall)
2019-09-05,M01AE,9.53,1.14,3.03,8.25,7.11,9.04,18.13,33.79,31.96,0,0,MAINTAIN REPLENISHMENT,0.0,PIPELINE IN-TRANSIT SUFFICIENT
2019-09-06,M01AE,2.67,1.59,3.15,10.78,9.19,13.22,22.67,45.56,23.43,0,0,INCREASE REPLENISHMENT,20.0,PROACTIVE (Forward Shortfall)
2019-09-07,M01AE,3.67,2.01,3.76,11.09,9.08,12.7,23.98,45.97,23.76,1,0,INCREASE REPLENISHMENT,3.0,REACTIVE (Below ROP)
2019-09-08,M01AE,6.087000000000001,1.98,3.73,11.05,9.07,12.68,23.87,45.83,20.09,1,0,INCREASE REPLENISHMENT,3.0,REACTIVE (Below ROP)
2019-09-09,M01AE,2.124,1.43,3.14,10.76,9.33,13.2,22.62,45.48,34.0,0,0,INCREASE REPLENISHMENT,6.0,PROACTIVE (Forward Shortfall)
2019-09-10,M01AE,6.68,1.43,3.01,10.62,9.19,13.18,22.21,45.04,34.88,0,0,INCREASE REPLENISHMENT,2.0,PROACTIVE (Forward Shortfall)
2019-09-11,M01AE,5.076,1.49,3.16,10.94,9.45,13.48,22.96,46.3,31.2,0,0,INCREASE REPLENISHMENT,8.0,PROACTIVE (Forward Shortfall)
2019-09-12,M01AE,1.34,1.53,3.01,9.66,8.13,11.52,20.55,40.5,32.12,0,0,MAINTAIN REPLENISHMENT,0.0,PIPELINE IN-TRANSIT SUFFICIENT
2019-09-13,M01AE,3.35,1.55,3.13,8.72,7.17,9.68,19.07,35.84,32.78,0,0,MAINTAIN REPLENISHMENT,0.0,PIPELINE IN-TRANSIT SUFFICIENT
2019-09-14,M01AE,6.397,1.95,3.74,9.22,7.27,9.49,20.71,37.15,37.43,0,1,MAINTAIN REPLENISHMENT,0.0,PIPELINE IN-TRANSIT SUFFICIENT
2019-09-15,M01AE,6.01,1.98,3.71,9.54,7.56,10.1,21.23,38.72,31.04,0,0,INCREASE REPLENISHMENT,8.0,PROACTIVE (Forward Shortfall)
2019-09-16,M01AE,2.316,1.41,3.13,8.94,7.53,10.06,19.45,36.88,25.03,0,0,INCREASE REPLENISHMENT,4.0,PROACTIVE (Forward Shortfall)
2019-09-17,M01AE,3.007,1.44,3.01,8.75,7.31,9.94,18.97,36.19,22.71,0,0,INCREASE REPLENISHMENT,2.0,PROACTIVE (Forward Shortfall)
2019-09-18,M01AE,4.33,1.48,3.16,8.51,7.03,9.27,18.75,34.8,27.7,0,0,INCREASE REPLENISHMENT,2.0,PROACTIVE (Forward Shortfall)
2019-09-19,M01AE,3.34,1.51,3.02,9.07,7.56,10.48,19.54,37.69,27.37,0,0,INCREASE REPLENISHMENT,7.0,PROACTIVE (Forward Shortfall)
2019-09-20,M01AE,3.383,1.5,3.15,8.52,7.02,9.3,18.75,34.86,26.03,0,0,MAINTAIN REPLENISHMENT,0.0,PIPELINE IN-TRANSIT SUFFICIENT
2019-09-21,M01AE,5.68,1.97,3.77,8.92,6.95,8.92,20.23,35.68,24.65,0,0,INCREASE REPLENISHMENT,5.0,PROACTIVE (Forward Shortfall)
2019-09-22,M01AE,3.34,1.88,3.74,8.31,6.43,7.92,19.14,32.85,25.97,0,0,INCREASE REPLENISHMENT,2.0,PROACTIVE (Forward Shortfall)
2019-09-23,M01AE,4.549,1.4,3.17,8.21,6.81,8.73,18.24,33.36,22.63,0,0,INCREASE REPLENISHMENT,4.0,PROACTIVE (Forward Shortfall)
2019-09-24,M01AE,1.34,1.49,3.05,9.67,8.18,11.47,20.62,40.48,23.08,0,0,INCREASE REPLENISHMENT,12.0,PROACTIVE (Forward Shortfall)
2019-09-25,M01AE,3.67,1.44,3.21,8.11,6.67,8.49,18.12,32.82,23.74,0,0,MAINTAIN REPLENISHMENT,0.0,PIPELINE IN-TRANSIT SUFFICIENT
2019-09-26,M01AE,3.033,1.54,3.06,7.21,5.67,7.19,16.37,28.82,24.07,0,0,MAINTAIN REPLENISHMENT,0.0,PIPELINE IN-TRANSIT SUFFICIENT
2019-09-27,M01AE,4.359,1.66,3.2,8.01,6.35,8.33,17.93,32.36,33.04,0,1,MAINTAIN REPLENISHMENT,0.0,PIPELINE IN-TRANSIT SUFFICIENT
2019-09-28,M01AE,1.6800000000000002,1.92,3.82,9.6,7.68,10.01,21.47,38.81,28.68,0,0,INCREASE REPLENISHMENT,11.0,PROACTIVE (Forward Shortfall)
2019-09-29,M01AE,3.867,1.93,3.8,8.47,6.54,8.09,19.49,33.5,27.0,0,0,MAINTAIN REPLENISHMENT,0.0,PIPELINE IN-TRANSIT SUFFICIENT
2019-09-30,M01AE,1.439,1.23,3.21,8.68,7.45,9.47,19.1,35.51,23.13,0,0,INCREASE REPLENISHMENT,2.0,PROACTIVE (Forward Shortfall)
2019-10-01,M01AE,2.406,1.49,3.08,8.3,6.81,9.04,18.28,33.94,32.69,0,0,MAINTAIN REPLENISHMENT,0.0,PIPELINE IN-TRANSIT SUFFICIENT
2019-10-02,M01AE,3.274,1.58,3.23,8.28,6.7,8.75,18.44,33.59,30.29,0,0,INCREASE REPLENISHMENT,2.0,PROACTIVE (Forward Shortfall)
2019-10-03,M01AE,3.0,1.46,3.08,9.27,7.81,10.72,19.96,38.53,29.01,0,0,INCREASE REPLENISHMENT,8.0,PROACTIVE (Forward Shortfall)
2019-10-04,M01AE,5.683,1.42,3.2,8.47,7.05,9.13,18.73,34.54,26.01,0,0,MAINTAIN REPLENISHMENT,0.0,PIPELINE IN-TRANSIT SUFFICIENT
2019-10-05,M01AE,5.01,1.69,3.81,8.73,7.04,8.52,19.95,34.71,22.33,0,0,INCREASE REPLENISHMENT,5.0,PROACTIVE (Forward Shortfall)
2019-10-06,M01AE,11.69,1.73,3.77,8.31,6.58,7.86,19.17,32.79,25.32,0,0,INCREASE REPLENISHMENT,3.0,PROACTIVE (Forward Shortfall)
2019-10-07,M01AE,4.507000000000001,0.87,3.17,11.53,10.66,14.48,23.99,49.07,13.63,1,0,INCREASE REPLENISHMENT,28.0,REACTIVE (Below ROP)
2019-10-08,M01AE,1.73,1.02,3.02,10.8,9.78,13.48,22.54,45.88,14.12,1,0,INCREASE REPLENISHMENT,1.0,REACTIVE (Below ROP)
2020-01-01,M01AE,,1.86,4.43,7.2,5.34,4.8,18.09,26.4,15.39,1,0,MAINTAIN REPLENISHMENT,0.0,PIPELINE IN-TRANSIT SUFFICIENT
2020-01-02,M01AE,,1.78,4.22,6.46,4.68,3.88,16.54,23.26,38.96,0,1,REDUCE REPLENISHMENT,0.0,OVERSTOCKED
2020-01-03,M01AE,,1.93,4.41,6.56,4.63,3.72,16.95,23.4,35.74,0,1,MAINTAIN REPLENISHMENT,0.0,PIPELINE IN-TRANSIT SUFFICIENT
2020-01-04,M01AE,,2.32,5.32,7.35,5.03,3.52,19.48,25.57,31.33,0,1,MAINTAIN REPLENISHMENT,0.0,PIPELINE IN-TRANSIT SUFFICIENT
2020-01-05,M01AE,,2.25,5.23,8.32,6.07,5.35,21.04,30.31,26.01,0,0,INCREASE REPLENISHMENT,5.0,PROACTIVE (Forward Shortfall)
2020-01-06,M01AE,,1.7,3.97,6.32,4.62,4.07,15.98,23.03,20.78,0,0,MAINTAIN REPLENISHMENT,0.0,PIPELINE IN-TRANSIT SUFFICIENT
2020-01-07,M01AE,,1.97,3.9,6.47,4.5,4.45,16.15,23.86,16.81,0,0,INCREASE REPLENISHMENT,3.0,PROACTIVE (Forward Shortfall)
2020-01-08,M01AE,,1.87,4.04,6.06,4.19,3.5,15.62,21.68,17.91,0,0,INCREASE REPLENISHMENT,1.0,PROACTIVE (Forward Shortfall)
2020-01-09,M01AE,,1.86,4.09,6.22,4.36,3.69,15.96,22.35,13.87,1,0,INCREASE REPLENISHMENT,5.0,REACTIVE (Below ROP)
2020-01-10,M01AE,,1.95,4.13,6.43,4.48,3.98,16.37,23.27,12.78,1,0,INCREASE REPLENISHMENT,5.0,REACTIVE (Below ROP)
2020-01-11,M01AE,,2.0,3.85,6.88,4.88,5.25,16.8,25.89,9.65,1,0,INCREASE REPLENISHMENT,7.0,REACTIVE (Below ROP)
2020-01-12,M01AE,,2.2,4.7,7.94,5.74,5.61,19.71,29.43,10.8,1,0,INCREASE REPLENISHMENT,7.0,REACTIVE (Below ROP)
2020-01-13,M01AE,,1.25,3.92,6.25,5.0,4.04,15.8,22.79,11.1,1,0,MAINTAIN REPLENISHMENT,0.0,PIPELINE IN-TRANSIT SUFFICIENT
2020-01-14,M01AE,,1.4,3.9,6.44,5.04,4.4,16.1,23.72,14.18,1,0,INCREASE REPLENISHMENT,3.0,REACTIVE (Below ROP)
2020-01-15,M01AE,,1.62,4.03,6.12,4.5,3.62,15.71,21.98,17.28,0,0,INCREASE REPLENISHMENT,2.0,PROACTIVE (Forward Shortfall)
2020-01-16,M01AE,,1.39,4.01,6.23,4.84,3.85,15.88,22.54,13.25,1,0,INCREASE REPLENISHMENT,5.0,REACTIVE (Below ROP)
2020-01-17,M01AE,,1.37,3.98,6.37,5.0,4.14,16.08,23.25,12.24,1,0,INCREASE REPLENISHMENT,5.0,REACTIVE (Below ROP)
2020-01-18,M01AE,,1.54,4.56,7.16,5.62,4.5,18.18,25.98,10.26,1,0,INCREASE REPLENISHMENT,6.0,REACTIVE (Below ROP)
2020-01-19,M01AE,,1.22,4.88,8.06,6.84,5.51,20.15,29.69,10.7,1,0,INCREASE REPLENISHMENT,8.0,REACTIVE (Below ROP)
2020-01-20,M01AE,,1.13,4.1,6.46,5.33,4.09,16.39,23.47,10.82,1,0,MAINTAIN REPLENISHMENT,0.0,PIPELINE IN-TRANSIT SUFFICIENT
2020-01-21,M01AE,,1.21,4.04,6.35,5.14,4.0,16.12,23.05,12.72,1,0,INCREASE REPLENISHMENT,3.0,REACTIVE (Below ROP)
2020-01-22,M01AE,,1.39,3.99,6.09,4.7,3.64,15.61,21.91,16.68,0,0,INCREASE REPLENISHMENT,3.0,PROACTIVE (Forward Shortfall)
2020-01-23,M01AE,,1.34,3.99,6.18,4.84,3.79,15.76,22.33,12.69,1,0,INCREASE REPLENISHMENT,4.0,REACTIVE (Below ROP)
2020-01-24,M01AE,,1.47,4.0,6.38,4.91,4.12,16.12,23.26,11.7,1,0,INCREASE REPLENISHMENT,5.0,REACTIVE (Below ROP)
2020-01-25,M01AE,,1.66,4.51,7.02,5.36,4.35,17.88,25.41,10.7,1,0,INCREASE REPLENISHMENT,6.0,REACTIVE (Below ROP)
2020-01-26,M01AE,,1.27,4.53,7.71,6.44,5.51,19.1,28.64,10.19,1,0,INCREASE REPLENISHMENT,8.0,REACTIVE (Below ROP)
2020-01-27,M01AE,,1.18,3.74,6.33,5.15,4.49,15.71,23.48,10.66,1,0,MAINTAIN REPLENISHMENT,0.0,PIPELINE IN-TRANSIT SUFFICIENT
2020-01-28,M01AE,,1.57,3.88,6.24,4.67,4.09,15.73,22.81,12.92,1,0,INCREASE REPLENISHMENT,2.0,REACTIVE (Below ROP)
2020-01-29,M01AE,,1.56,3.7,6.28,4.72,4.47,15.57,23.31,17.04,0,0,INCREASE REPLENISHMENT,5.0,PROACTIVE (Forward Shortfall)
2020-01-30,M01AE,,1.52,3.86,6.43,4.91,4.45,16.03,23.74,13.34,1,0,INCREASE REPLENISHMENT,4.0,REACTIVE (Below ROP)
2020-01-31,M01AE,,1.53,3.74,6.83,5.3,5.35,16.57,25.84,11.48,1,0,INCREASE REPLENISHMENT,6.0,REACTIVE (Below ROP)
2020-02-01,M01AE,,1.56,4.49,7.37,5.81,4.99,18.46,27.1,12.74,1,0,INCREASE REPLENISHMENT,5.0,REACTIVE (Below ROP)
2020-02-02,M01AE,,1.52,4.91,7.94,6.42,5.25,19.98,29.07,12.25,1,0,INCREASE REPLENISHMENT,6.0,REACTIVE (Below ROP)
2020-02-03,M01AE,,1.4,3.54,6.3,4.9,4.78,15.4,23.68,13.34,1,0,MAINTAIN REPLENISHMENT,0.0,PIPELINE IN-TRANSIT SUFFICIENT
2020-02-04,M01AE,,1.48,3.64,6.06,4.58,4.19,15.11,22.37,14.8,1,0,INCREASE REPLENISHMENT,2.0,REACTIVE (Below ROP)
2020-02-05,M01AE,,1.58,3.61,6.38,4.8,4.8,15.63,23.94,17.16,0,0,INCREASE REPLENISHMENT,5.0,PROACTIVE (Forward Shortfall)
2020-02-06,M01AE,,1.55,3.67,6.39,4.84,4.71,15.72,23.88,13.55,1,0,INCREASE REPLENISHMENT,4.0,REACTIVE (Below ROP)
2020-02-07,M01AE,,1.56,3.65,6.8,5.24,5.46,16.41,25.86,11.88,1,0,INCREASE REPLENISHMENT,5.0,REACTIVE (Below ROP)
2020-02-08,M01AE,,1.58,4.41,7.54,5.96,5.42,18.65,28.04,13.23,1,0,INCREASE REPLENISHMENT,6.0,REACTIVE (Below ROP)
2020-02-09,M01AE,,1.39,4.7,7.92,6.53,5.58,19.68,29.34,12.82,1,0,INCREASE REPLENISHMENT,6.0,REACTIVE (Below ROP)
2020-02-10,M01AE,,1.34,3.51,6.1,4.76,4.49,15.02,22.79,13.12,1,0,MAINTAIN REPLENISHMENT,0.0,PIPELINE IN-TRANSIT SUFFICIENT
2020-02-11,M01AE,,1.52,3.64,6.18,4.66,4.4,15.32,22.94,15.61,0,0,INCREASE REPLENISHMENT,2.0,PROACTIVE (Forward Shortfall)
2020-02-12,M01AE,,1.58,3.61,6.38,4.8,4.8,15.63,23.94,17.97,0,0,INCREASE REPLENISHMENT,4.0,PROACTIVE (Forward Shortfall)
2020-02-13,M01AE,,1.57,3.64,6.38,4.81,4.75,15.67,23.89,14.36,1,0,INCREASE REPLENISHMENT,4.0,REACTIVE (Below ROP)
2020-02-14,M01AE,,1.54,3.64,6.82,5.28,5.51,16.43,25.97,12.72,1,0,INCREASE REPLENISHMENT,6.0,REACTIVE (Below ROP)
2020-02-15,M01AE,,1.53,4.45,7.52,5.99,5.32,18.67,27.88,13.08,1,0,INCREASE REPLENISHMENT,5.0,REACTIVE (Below ROP)
2020-02-16,M01AE,,1.23,4.81,8.02,6.79,5.56,19.99,29.62,12.63,1,0,INCREASE REPLENISHMENT,6.0,REACTIVE (Below ROP)
2020-02-17,M01AE,,1.37,3.53,6.11,4.74,4.47,15.06,22.8,13.82,1,0,MAINTAIN REPLENISHMENT,0.0,PIPELINE IN-TRANSIT SUFFICIENT
2020-02-18,M01AE,,1.53,3.56,6.1,4.57,4.4,15.08,22.7,15.29,0,0,INCREASE REPLENISHMENT,2.0,PROACTIVE (Forward Shortfall)
2020-02-19,M01AE,,1.57,3.53,6.35,4.78,4.88,15.47,23.93,17.73,0,0,INCREASE REPLENISHMENT,5.0,PROACTIVE (Forward Shortfall)
2020-02-20,M01AE,,1.54,3.56,6.23,4.69,4.62,15.3,23.31,14.2,1,0,INCREASE REPLENISHMENT,3.0,REACTIVE (Below ROP)
2020-02-21,M01AE,,1.48,3.56,6.88,5.4,5.75,16.43,26.39,12.64,1,0,INCREASE REPLENISHMENT,6.0,REACTIVE (Below ROP)
2020-02-22,M01AE,,1.51,3.91,7.22,5.71,5.73,17.46,27.39,14.08,1,0,INCREASE REPLENISHMENT,5.0,REACTIVE (Below ROP)
2020-02-23,M01AE,,1.21,4.54,8.0,6.79,5.99,19.61,29.99,13.17,1,0,INCREASE REPLENISHMENT,6.0,REACTIVE (Below ROP)
2020-02-24,M01AE,,1.19,3.45,6.3,5.11,4.94,15.29,23.84,14.63,1,0,MAINTAIN REPLENISHMENT,0.0,PIPELINE IN-TRANSIT SUFFICIENT
2020-02-25,M01AE,,1.28,3.49,5.95,4.67,4.26,14.73,22.11,16.18,0,0,MAINTAIN REPLENISHMENT,0.0,PIPELINE IN-TRANSIT SUFFICIENT
2020-02-26,M01AE,,1.61,3.51,6.4,4.79,5.01,15.54,24.21,18.69,0,0,INCREASE REPLENISHMENT,6.0,PROACTIVE (Forward Shortfall)
2020-02-27,M01AE,,1.41,3.57,6.36,4.95,4.83,15.54,23.91,15.18,1,0,INCREASE REPLENISHMENT,3.0,REACTIVE (Below ROP)
2020-02-28,M01AE,,1.91,2.96,6.8,4.89,6.65,15.53,27.05,11.61,1,0,INCREASE REPLENISHMENT,7.0,REACTIVE (Below ROP)
2020-02-29,M01AE,,1.49,3.87,7.17,5.68,5.72,17.33,27.23,14.65,1,0,INCREASE REPLENISHMENT,3.0,REACTIVE (Below ROP)
2020-03-01,M01AE,,2.43,4.4,7.9,5.47,6.06,19.26,29.76,13.78,1,0,INCREASE REPLENISHMENT,6.0,REACTIVE (Below ROP)
2020-03-02,M01AE,,1.07,3.47,6.19,5.12,4.71,15.12,23.28,16.38,0,0,MAINTAIN REPLENISHMENT,0.0,PIPELINE IN-TRANSIT SUFFICIENT
2020-03-03,M01AE,,1.2,3.55,6.01,4.81,4.26,14.91,22.29,15.91,0,0,INCREASE REPLENISHMENT,1.0,PROACTIVE (Forward Shortfall)
2020-03-04,M01AE,,1.4,3.55,5.99,4.59,4.23,14.88,22.2,18.36,0,0,INCREASE REPLENISHMENT,3.0,PROACTIVE (Forward Shortfall)
2020-03-05,M01AE,,1.31,3.59,6.1,4.79,4.35,15.12,22.65,14.81,1,0,INCREASE REPLENISHMENT,4.0,REACTIVE (Below ROP)
2020-03-06,M01AE,,1.43,3.6,6.53,5.1,5.07,15.87,24.66,12.22,1,0,INCREASE REPLENISHMENT,6.0,REACTIVE (Below ROP)
2020-03-07,M01AE,,1.47,3.84,7.1,5.63,5.65,17.17,26.95,11.62,1,0,INCREASE REPLENISHMENT,6.0,REACTIVE (Below ROP)
2020-03-08,M01AE,,1.42,4.14,7.89,6.47,6.5,18.92,30.17,11.78,1,0,INCREASE REPLENISHMENT,7.0,REACTIVE (Below ROP)
2020-03-09,M01AE,,1.05,3.3,6.28,5.23,5.16,15.06,24.0,13.64,1,0,MAINTAIN REPLENISHMENT,0.0,PIPELINE IN-TRANSIT SUFFICIENT
2020-03-10,M01AE,,1.19,3.31,6.12,4.93,4.87,14.8,23.23,16.34,0,0,MAINTAIN REPLENISHMENT,0.0,PIPELINE IN-TRANSIT SUFFICIENT
2020-03-11,M01AE,,1.31,3.32,6.27,4.96,5.11,15.07,23.92,20.03,0,0,INCREASE REPLENISHMENT,4.0,PROACTIVE (Forward Shortfall)
2020-03-12,M01AE,,1.73,2.77,6.34,4.61,6.18,14.49,25.2,16.71,0,0,INCREASE REPLENISHMENT,5.0,PROACTIVE (Forward Shortfall)
2020-03-13,M01AE,,1.43,3.48,6.5,5.07,5.23,15.67,24.73,13.94,1,0,INCREASE REPLENISHMENT,2.0,REACTIVE (Below ROP)
2020-03-14,M01AE,,1.43,3.71,7.24,5.81,6.11,17.24,27.83,14.46,1,0,INCREASE REPLENISHMENT,7.0,REACTIVE (Below ROP)
2020-03-15,M01AE,,1.29,4.1,7.62,6.33,6.1,18.4,28.96,15.75,1,0,INCREASE REPLENISHMENT,5.0,REACTIVE (Below ROP)
2020-03-16,M01AE,,1.07,3.48,6.07,5.0,4.49,14.93,22.7,13.65,1,0,MAINTAIN REPLENISHMENT,0.0,PIPELINE IN-TRANSIT SUFFICIENT
2020-03-17,M01AE,,1.16,3.4,6.04,4.88,4.57,14.77,22.69,17.17,0,0,INCREASE REPLENISHMENT,1.0,PROACTIVE (Forward Shortfall)
2020-03-18,M01AE,,1.27,3.43,6.11,4.84,4.64,14.93,22.97,18.77,0,0,INCREASE REPLENISHMENT,4.0,PROACTIVE (Forward Shortfall)
2020-03-19,M01AE,,1.44,3.45,6.18,4.74,4.73,15.08,23.27,15.34,0,0,INCREASE REPLENISHMENT,3.0,PROACTIVE (Forward Shortfall)
2020-03-20,M01AE,,1.43,3.48,6.69,5.26,5.56,16.0,25.63,12.89,1,0,INCREASE REPLENISHMENT,6.0,REACTIVE (Below ROP)
2020-03-21,M01AE,,1.42,3.73,7.47,6.05,6.48,17.67,28.89,13.41,1,0,INCREASE REPLENISHMENT,7.0,REACTIVE (Below ROP)
2020-03-22,M01AE,,1.41,4.0,7.98,6.57,6.89,18.89,30.83,12.68,1,0,INCREASE REPLENISHMENT,6.0,REACTIVE (Below ROP)
2020-03-23,M01AE,,1.02,3.85,6.46,5.44,4.52,16.07,23.9,14.68,1,0,MAINTAIN REPLENISHMENT,0.0,PIPELINE IN-TRANSIT SUFFICIENT
2020-03-24,M01AE,,1.13,3.78,6.27,5.14,4.31,15.65,23.12,17.83,0,0,MAINTAIN REPLENISHMENT,0.0,PIPELINE IN-TRANSIT SUFFICIENT
2020-03-25,M01AE,,1.86,3.33,6.34,4.48,5.21,15.2,24.23,20.05,0,0,INCREASE REPLENISHMENT,5.0,PROACTIVE (Forward Shortfall)
2020-03-26,M01AE,,1.26,3.76,6.45,5.19,4.66,15.94,24.01,16.72,0,0,INCREASE REPLENISHMENT,3.0,PROACTIVE (Forward Shortfall)
2020-03-27,M01AE,,1.35,3.25,6.85,5.5,6.24,15.99,26.79,12.96,1,0,INCREASE REPLENISHMENT,6.0,REACTIVE (Below ROP)
2020-03-28,M01AE,,1.46,3.51,7.39,5.93,6.72,17.25,28.89,14.71,1,0,INCREASE REPLENISHMENT,6.0,REACTIVE (Below ROP)
2020-03-29,M01AE,,1.27,3.99,7.77,6.5,6.55,18.52,29.86,14.2,1,0,INCREASE REPLENISHMENT,4.0,REACTIVE (Below ROP)
2020-03-30,M01AE,,1.02,3.19,6.54,5.52,5.8,15.37,25.42,16.21,0,0,MAINTAIN REPLENISHMENT,0.0,PIPELINE IN-TRANSIT SUFFICIENT
2020-03-31,M01AE,,1.6,2.74,6.14,4.54,5.89,14.11,24.31,19.02,0,0,INCREASE REPLENISHMENT,2.0,PROACTIVE (Forward Shortfall)
2020-04-01,M01AE,,1.21,3.09,6.19,4.98,5.37,14.64,23.94,20.28,0,0,INCREASE REPLENISHMENT,2.0,PROACTIVE (Forward Shortfall)
2020-04-02,M01AE,,1.19,3.15,6.18,4.99,5.25,14.7,23.79,17.19,0,0,INCREASE REPLENISHMENT,3.0,PROACTIVE (Forward Shortfall)
2020-04-03,M01AE,,1.33,3.3,6.64,5.31,5.79,15.69,25.71,16.04,0,0,INCREASE REPLENISHMENT,5.0,PROACTIVE (Forward Shortfall)
2020-04-04,M01AE,,1.33,3.48,7.29,5.96,6.6,17.04,28.47,14.74,1,0,INCREASE REPLENISHMENT,6.0,REACTIVE (Below ROP)
2020-04-05,M01AE,,1.24,3.86,7.97,6.73,7.12,18.7,31.03,14.26,1,0,INCREASE REPLENISHMENT,6.0,REACTIVE (Below ROP)
2020-04-06,M01AE,,1.02,3.82,6.29,5.27,4.28,15.74,23.15,15.4,1,0,MAINTAIN REPLENISHMENT,0.0,PIPELINE IN-TRANSIT SUFFICIENT
2020-04-07,M01AE,,1.33,3.69,6.23,4.9,4.4,15.47,23.09,17.58,0,0,MAINTAIN REPLENISHMENT,0.0,PIPELINE IN-TRANSIT SUFFICIENT
2020-04-08,M01AE,,1.28,3.71,6.18,4.9,4.28,15.41,22.82,19.89,0,0,INCREASE REPLENISHMENT,3.0,PROACTIVE (Forward Shortfall)
2020-04-09,M01AE,,1.28,3.68,6.25,4.97,4.45,15.49,23.2,16.18,0,0,INCREASE REPLENISHMENT,5.0,PROACTIVE (Forward Shortfall)
2020-04-10,M01AE,,1.37,3.57,6.7,5.33,5.42,16.13,25.52,12.5,1,0,INCREASE REPLENISHMENT,6.0,REACTIVE (Below ROP)
2020-04-11,M01AE,,1.41,3.78,7.23,5.82,5.98,17.32,27.67,11.93,1,0,INCREASE REPLENISHMENT,5.0,REACTIVE (Below ROP)
2020-04-12,M01AE,,1.29,3.9,7.91,6.62,6.95,18.65,30.68,13.15,1,0,INCREASE REPLENISHMENT,7.0,REACTIVE (Below ROP)
2020-04-13,M01AE,,1.06,3.5,6.32,5.26,4.88,15.38,23.84,15.25,1,0,MAINTAIN REPLENISHMENT,0.0,PIPELINE IN-TRANSIT SUFFICIENT
2020-04-14,M01AE,,1.12,3.31,6.22,5.1,5.04,14.97,23.7,16.75,0,0,MAINTAIN REPLENISHMENT,0.0,PIPELINE IN-TRANSIT SUFFICIENT
2020-04-15,M01AE,,1.26,3.4,6.23,4.97,4.9,15.1,23.59,20.44,0,0,INCREASE REPLENISHMENT,4.0,PROACTIVE (Forward Shortfall)
2020-04-16,M01AE,,1.26,3.46,6.27,5.01,4.87,15.25,23.68,17.04,0,0,INCREASE REPLENISHMENT,3.0,PROACTIVE (Forward Shortfall)
2020-04-17,M01AE,,1.36,3.57,6.65,5.29,5.33,16.04,25.28,13.58,1,0,INCREASE REPLENISHMENT,5.0,REACTIVE (Below ROP)
2020-04-18,M01AE,,1.44,3.81,7.23,5.79,5.92,17.35,27.61,14.01,1,0,INCREASE REPLENISHMENT,6.0,REACTIVE (Below ROP)
2020-04-19,M01AE,,1.31,4.03,7.88,6.57,6.67,18.76,30.31,13.2,1,0,INCREASE REPLENISHMENT,7.0,REACTIVE (Below ROP)
2020-04-20,M01AE,,1.09,3.5,6.33,5.24,4.9,15.4,23.89,14.17,1,0,MAINTAIN REPLENISHMENT,0.0,PIPELINE IN-TRANSIT SUFFICIENT
2020-04-21,M01AE,,1.21,3.42,6.14,4.93,4.71,14.97,23.13,16.67,0,0,MAINTAIN REPLENISHMENT,0.0,PIPELINE IN-TRANSIT SUFFICIENT
2020-04-22,M01AE,,1.32,3.29,6.27,4.95,5.16,15.03,23.97,20.25,0,0,INCREASE REPLENISHMENT,4.0,PROACTIVE (Forward Shortfall)
2020-04-23,M01AE,,1.32,3.37,6.32,5.0,5.11,15.22,24.07,16.96,0,0,INCREASE REPLENISHMENT,4.0,PROACTIVE (Forward Shortfall)
2020-04-24,M01AE,,1.4,3.53,6.68,5.28,5.46,16.05,25.5,13.59,1,0,INCREASE REPLENISHMENT,4.0,REACTIVE (Below ROP)
2020-04-25,M01AE,,1.41,3.78,7.17,5.76,5.87,17.21,27.38,14.06,1,0,INCREASE REPLENISHMENT,6.0,REACTIVE (Below ROP)
2020-04-26,M01AE,,1.35,4.03,7.94,6.59,6.77,18.86,30.59,14.28,1,0,INCREASE REPLENISHMENT,7.0,REACTIVE (Below ROP)
2020-04-27,M01AE,,1.1,3.51,6.31,5.21,4.85,15.38,23.78,14.25,1,0,MAINTAIN REPLENISHMENT,0.0,PIPELINE IN-TRANSIT SUFFICIENT
2020-04-28,M01AE,,1.23,3.46,6.09,4.86,4.56,14.94,22.83,16.74,0,0,MAINTAIN REPLENISHMENT,0.0,PIPELINE IN-TRANSIT SUFFICIENT
2020-04-29,M01AE,,1.31,3.33,6.28,4.97,5.11,15.1,23.95,20.28,0,0,INCREASE REPLENISHMENT,4.0,PROACTIVE (Forward Shortfall)
2020-04-30,M01AE,,1.33,3.38,6.28,4.95,5.02,15.16,23.86,16.95,0,0,INCREASE REPLENISHMENT,3.0,PROACTIVE (Forward Shortfall)
2020-05-01,M01AE,,1.4,3.53,6.64,5.24,5.39,15.98,25.31,13.57,1,0,INCREASE REPLENISHMENT,5.0,REACTIVE (Below ROP)
2020-05-02,M01AE,,1.45,3.83,7.21,5.76,5.85,17.34,27.48,14.04,1,0,INCREASE REPLENISHMENT,6.0,REACTIVE (Below ROP)
2020-05-03,M01AE,,1.33,4.03,7.91,6.58,6.72,18.81,30.45,13.21,1,0,INCREASE REPLENISHMENT,7.0,REACTIVE (Below ROP)
2020-05-04,M01AE,,1.07,3.51,6.27,5.2,4.78,15.31,23.59,14.18,1,0,MAINTAIN REPLENISHMENT,0.0,PIPELINE IN-TRANSIT SUFFICIENT
2020-05-05,M01AE,,1.2,3.45,6.1,4.9,4.59,14.94,22.89,16.67,0,0,MAINTAIN REPLENISHMENT,0.0,PIPELINE IN-TRANSIT SUFFICIENT
2020-05-06,M01AE,,1.34,3.36,6.27,4.93,5.04,15.12,23.85,20.22,0,0,INCREASE REPLENISHMENT,4.0,PROACTIVE (Forward Shortfall)
2020-05-07,M01AE,,1.34,3.49,6.31,4.97,4.88,15.35,23.81,16.86,0,0,INCREASE REPLENISHMENT,3.0,PROACTIVE (Forward Shortfall)
2020-05-08,M01AE,,1.41,3.52,6.67,5.26,5.46,16.02,25.47,13.37,1,0,INCREASE REPLENISHMENT,6.0,REACTIVE (Below ROP)
2020-05-09,M01AE,,1.47,3.82,7.2,5.73,5.85,17.31,27.45,13.85,1,0,INCREASE REPLENISHMENT,5.0,REACTIVE (Below ROP)
2020-05-10,M01AE,,1.38,4.13,7.91,6.53,6.55,18.94,30.28,13.03,1,0,INCREASE REPLENISHMENT,7.0,REACTIVE (Below ROP)
2020-05-11,M01AE,,1.12,3.49,6.28,5.16,4.83,15.3,23.67,14.9,1,0,MAINTAIN REPLENISHMENT,0.0,PIPELINE IN-TRANSIT SUFFICIENT
2020-05-12,M01AE,,1.24,3.45,6.09,4.85,4.57,14.92,22.84,16.41,0,0,MAINTAIN REPLENISHMENT,0.0,PIPELINE IN-TRANSIT SUFFICIENT
2020-05-13,M01AE,,1.34,3.39,6.29,4.95,5.02,15.19,23.89,19.96,0,0,INCREASE REPLENISHMENT,4.0,PROACTIVE (Forward Shortfall)
2020-05-14,M01AE,,1.34,3.48,6.31,4.97,4.9,15.34,23.83,16.57,0,0,INCREASE REPLENISHMENT,4.0,PROACTIVE (Forward Shortfall)
2020-05-15,M01AE,,1.41,3.5,6.66,5.25,5.47,15.97,25.45,13.09,1,0,INCREASE REPLENISHMENT,5.0,REACTIVE (Below ROP)
2020-05-16,M01AE,,1.46,3.78,7.16,5.7,5.85,17.19,27.33,13.59,1,0,INCREASE REPLENISHMENT,5.0,REACTIVE (Below ROP)
2020-05-17,M01AE,,1.38,4.14,7.91,6.53,6.53,18.95,30.26,13.81,1,0,INCREASE REPLENISHMENT,7.0,REACTIVE (Below ROP)
2020-05-18,M01AE,,1.2,3.5,6.31,5.11,4.87,15.37,23.8,14.67,1,0,MAINTAIN REPLENISHMENT,0.0,PIPELINE IN-TRANSIT SUFFICIENT
2020-05-19,M01AE,,1.3,3.46,6.09,4.79,4.56,14.94,22.83,16.17,0,0,MAINTAIN REPLENISHMENT,0.0,PIPELINE IN-TRANSIT SUFFICIENT
2020-05-20,M01AE,,1.42,3.36,6.28,4.86,5.06,15.14,23.9,19.71,0,0,INCREASE REPLENISHMENT,5.0,PROACTIVE (Forward Shortfall)
2020-05-21,M01AE,,1.39,3.47,6.28,4.89,4.87,15.28,23.71,16.35,0,0,INCREASE REPLENISHMENT,3.0,PROACTIVE (Forward Shortfall)
2020-05-22,M01AE,,1.48,3.46,6.66,5.18,5.54,15.92,25.52,12.88,1,0,INCREASE REPLENISHMENT,5.0,REACTIVE (Below ROP)
2020-05-23,M01AE,,1.52,3.79,7.21,5.69,5.92,17.29,27.55,14.42,1,0,INCREASE REPLENISHMENT,6.0,REACTIVE (Below ROP)
2020-05-24,M01AE,,1.43,4.15,7.85,6.42,6.41,18.86,29.96,13.63,1,0,INCREASE REPLENISHMENT,6.0,REACTIVE (Below ROP)
2020-05-25,M01AE,,1.2,3.45,6.31,5.11,4.95,15.3,23.88,14.48,1,0,MAINTAIN REPLENISHMENT,0.0,PIPELINE IN-TRANSIT SUFFICIENT
2020-05-26,M01AE,,1.33,3.46,6.12,4.79,4.61,14.99,22.97,17.03,0,0,MAINTAIN REPLENISHMENT,0.0,PIPELINE IN-TRANSIT SUFFICIENT
2020-05-27,M01AE,,1.41,3.38,6.28,4.87,5.02,15.16,23.86,19.57,0,0,INCREASE REPLENISHMENT,5.0,PROACTIVE (Forward Shortfall)
2020-05-28,M01AE,,1.41,3.47,6.22,4.81,4.76,15.17,23.42,16.19,0,0,INCREASE REPLENISHMENT,3.0,PROACTIVE (Forward Shortfall)
2020-05-29,M01AE,,1.46,3.51,6.64,5.18,5.42,15.95,25.34,12.72,1,0,INCREASE REPLENISHMENT,5.0,REACTIVE (Below ROP)
2020-05-30,M01AE,,1.51,3.81,7.19,5.68,5.85,17.28,27.42,14.21,1,0,INCREASE REPLENISHMENT,6.0,REACTIVE (Below ROP)
2020-05-31,M01AE,,1.42,4.14,7.84,6.42,6.41,18.83,29.93,13.4,1,0,INCREASE REPLENISHMENT,6.0,REACTIVE (Below ROP)
2020-06-01,M01AE,,1.21,3.49,6.31,5.1,4.88,15.35,23.81,14.26,1,0,MAINTAIN REPLENISHMENT,0.0,PIPELINE IN-TRANSIT SUFFICIENT
2020-06-02,M01AE,,1.33,3.44,6.1,4.77,4.61,14.93,22.91,16.77,0,0,INCREASE REPLENISHMENT,1.0,PROACTIVE (Forward Shortfall)
2020-06-03,M01AE,,1.43,3.36,6.28,4.85,5.06,15.14,23.9,19.33,0,0,INCREASE REPLENISHMENT,4.0,PROACTIVE (Forward Shortfall)
2020-06-04,M01AE,,1.43,3.46,6.31,4.88,4.94,15.32,23.87,15.97,0,0,INCREASE REPLENISHMENT,3.0,PROACTIVE (Forward Shortfall)
2020-06-05,M01AE,,1.48,3.48,6.66,5.18,5.51,15.95,25.49,13.51,1,0,INCREASE REPLENISHMENT,5.0,REACTIVE (Below ROP)
2020-06-06,M01AE,,1.48,3.79,7.25,5.77,5.99,17.36,27.74,14.03,1,0,INCREASE REPLENISHMENT,6.0,REACTIVE (Below ROP)
2020-06-07,M01AE,,1.41,4.41,7.91,6.5,6.06,19.29,29.79,13.24,1,0,INCREASE REPLENISHMENT,6.0,REACTIVE (Below ROP)
2020-06-08,M01AE,,1.19,3.51,6.25,5.06,4.75,15.28,23.5,13.83,1,0,MAINTAIN REPLENISHMENT,0.0,PIPELINE IN-TRANSIT SUFFICIENT
2020-06-09,M01AE,,1.3,3.62,6.03,4.73,4.17,15.03,22.26,16.32,0,0,MAINTAIN REPLENISHMENT,0.0,PIPELINE IN-TRANSIT SUFFICIENT
2020-06-10,M01AE,,1.41,3.52,6.23,4.82,4.69,15.25,23.38,18.7,0,0,INCREASE REPLENISHMENT,5.0,PROACTIVE (Forward Shortfall)
2020-06-11,M01AE,,1.39,3.59,6.29,4.9,4.68,15.45,23.55,15.18,1,0,INCREASE REPLENISHMENT,4.0,REACTIVE (Below ROP)
2020-06-12,M01AE,,1.45,3.59,6.65,5.2,5.3,16.07,25.25,11.59,1,0,INCREASE REPLENISHMENT,5.0,REACTIVE (Below ROP)
2020-06-13,M01AE,,1.49,3.96,7.37,5.88,5.91,17.79,28.02,13.0,1,0,INCREASE REPLENISHMENT,7.0,REACTIVE (Below ROP)
2020-06-14,M01AE,,1.43,4.65,7.93,6.5,5.68,19.63,29.47,13.04,1,0,INCREASE REPLENISHMENT,5.0,REACTIVE (Below ROP)
2020-06-15,M01AE,,1.2,3.51,6.19,4.99,4.64,15.17,23.21,13.39,1,0,MAINTAIN REPLENISHMENT,0.0,PIPELINE IN-TRANSIT SUFFICIENT
2020-06-16,M01AE,,1.31,3.6,6.1,4.79,4.33,15.13,22.63,16.88,0,0,INCREASE REPLENISHMENT,1.0,PROACTIVE (Forward Shortfall)
2020-06-17,M01AE,,1.41,3.52,6.3,4.89,4.82,15.38,23.72,18.28,0,0,INCREASE REPLENISHMENT,5.0,PROACTIVE (Forward Shortfall)
2020-06-18,M01AE,,1.4,3.61,6.33,4.93,4.71,15.54,23.7,14.76,1,0,INCREASE REPLENISHMENT,3.0,REACTIVE (Below ROP)
2020-06-19,M01AE,,1.48,3.59,6.68,5.2,5.35,16.12,25.39,12.15,1,0,INCREASE REPLENISHMENT,6.0,REACTIVE (Below ROP)
2020-06-20,M01AE,,1.5,3.96,7.36,5.86,5.89,17.77,27.97,13.56,1,0,INCREASE REPLENISHMENT,6.0,REACTIVE (Below ROP)
2020-06-21,M01AE,,1.4,4.5,7.94,6.54,5.96,19.46,29.78,12.6,1,0,INCREASE REPLENISHMENT,6.0,REACTIVE (Below ROP)
2020-06-22,M01AE,,1.19,3.49,6.17,4.98,4.64,15.11,23.15,14.1,1,0,MAINTAIN REPLENISHMENT,0.0,PIPELINE IN-TRANSIT SUFFICIENT
2020-06-23,M01AE,,1.28,3.58,6.03,4.75,4.24,14.98,22.33,16.61,0,0,MAINTAIN REPLENISHMENT,0.0,PIPELINE IN-TRANSIT SUFFICIENT
2020-06-24,M01AE,,1.37,3.4,6.26,4.89,4.95,15.15,23.73,19.03,0,0,INCREASE REPLENISHMENT,5.0,PROACTIVE (Forward Shortfall)
2020-06-25,M01AE,,1.42,3.54,6.24,4.82,4.68,15.3,23.4,15.63,0,0,INCREASE REPLENISHMENT,3.0,PROACTIVE (Forward Shortfall)
2020-06-26,M01AE,,1.48,3.55,6.68,5.2,5.42,16.07,25.46,12.09,1,0,INCREASE REPLENISHMENT,6.0,REACTIVE (Below ROP)
2020-06-27,M01AE,,1.51,3.96,7.39,5.88,5.94,17.82,28.11,13.54,1,0,INCREASE REPLENISHMENT,6.0,REACTIVE (Below ROP)
2020-06-28,M01AE,,1.44,4.67,7.97,6.53,5.72,19.73,29.63,12.58,1,0,INCREASE REPLENISHMENT,6.0,REACTIVE (Below ROP)
2020-06-29,M01AE,,1.19,3.46,6.11,4.92,4.59,14.97,22.92,13.91,1,0,MAINTAIN REPLENISHMENT,0.0,PIPELINE IN-TRANSIT SUFFICIENT
2020-06-30,M01AE,,1.33,3.53,6.07,4.74,4.4,14.99,22.61,16.45,0,0,INCREASE REPLENISHMENT,1.0,PROACTIVE (Forward Shortfall)
2020-07-01,M01AE,,1.39,3.48,6.22,4.83,4.75,15.19,23.41,18.92,0,0,INCREASE REPLENISHMENT,4.0,PROACTIVE (Forward Shortfall)
2020-07-02,M01AE,,1.42,3.52,6.3,4.88,4.82,15.38,23.72,15.44,0,0,INCREASE REPLENISHMENT,4.0,PROACTIVE (Forward Shortfall)
2020-07-03,M01AE,,1.49,3.54,6.7,5.21,5.47,16.09,25.57,12.92,1,0,INCREASE REPLENISHMENT,5.0,REACTIVE (Below ROP)
2020-07-04,M01AE,,1.51,3.96,7.4,5.89,5.96,17.84,28.16,13.38,1,0,INCREASE REPLENISHMENT,6.0,REACTIVE (Below ROP)
2020-07-05,M01AE,,1.3,4.57,7.85,6.55,5.68,19.39,29.23,13.42,1,0,INCREASE REPLENISHMENT,5.0,REACTIVE (Below ROP)
2020-07-06,M01AE,,1.2,3.44,6.28,5.08,4.92,15.24,23.76,13.85,1,0,MAINTAIN REPLENISHMENT,0.0,PIPELINE IN-TRANSIT SUFFICIENT
2020-07-07,M01AE,,1.32,3.52,6.18,4.86,4.61,15.17,23.15,16.41,0,0,INCREASE REPLENISHMENT,2.0,PROACTIVE (Forward Shortfall)
2020-07-08,M01AE,,1.4,3.49,6.42,5.02,5.07,15.54,24.33,17.89,0,0,INCREASE REPLENISHMENT,5.0,PROACTIVE (Forward Shortfall)
2020-07-09,M01AE,,1.41,3.53,6.45,5.04,5.06,15.65,24.41,14.4,1,0,INCREASE REPLENISHMENT,4.0,REACTIVE (Below ROP)
2020-07-10,M01AE,,1.88,3.46,6.7,4.82,5.61,15.99,25.71,12.87,1,0,INCREASE REPLENISHMENT,4.0,REACTIVE (Below ROP)
2020-07-11,M01AE,,1.5,3.92,7.4,5.9,6.03,17.79,28.23,14.41,1,0,INCREASE REPLENISHMENT,6.0,REACTIVE (Below ROP)
2020-07-12,M01AE,,1.41,4.21,7.89,6.48,6.37,19.0,30.04,14.49,1,0,INCREASE REPLENISHMENT,6.0,REACTIVE (Below ROP)
2020-07-13,M01AE,,1.18,3.27,6.35,5.17,5.33,15.14,24.38,14.28,1,0,MAINTAIN REPLENISHMENT,0.0,PIPELINE IN-TRANSIT SUFFICIENT
2020-07-14,M01AE,,1.29,3.25,6.2,4.91,5.11,14.86,23.71,17.01,0,0,INCREASE REPLENISHMENT,1.0,PROACTIVE (Forward Shortfall)
2020-07-15,M01AE,,1.39,3.11,6.37,4.98,5.65,14.98,24.76,19.76,0,0,INCREASE REPLENISHMENT,4.0,PROACTIVE (Forward Shortfall)
2020-07-16,M01AE,,1.41,3.45,6.28,4.87,4.9,15.25,23.74,16.65,0,0,INCREASE REPLENISHMENT,3.0,PROACTIVE (Forward Shortfall)
2020-07-17,M01AE,,1.47,3.49,6.58,5.11,5.35,15.82,25.09,14.2,1,0,INCREASE REPLENISHMENT,4.0,REACTIVE (Below ROP)
2020-07-18,M01AE,,1.46,3.83,7.32,5.86,6.04,17.53,28.0,14.71,1,0,INCREASE REPLENISHMENT,7.0,REACTIVE (Below ROP)
2020-07-19,M01AE,,1.42,4.2,7.81,6.39,6.25,18.85,29.68,13.88,1,0,INCREASE REPLENISHMENT,5.0,REACTIVE (Below ROP)
2020-07-20,M01AE,,1.9,3.52,6.24,4.34,4.71,15.27,23.43,13.68,1,0,MAINTAIN REPLENISHMENT,0.0,PIPELINE IN-TRANSIT SUFFICIENT
2020-07-21,M01AE,,1.31,3.41,6.07,4.76,4.61,14.84,22.82,17.16,0,0,INCREASE REPLENISHMENT,1.0,PROACTIVE (Forward Shortfall)
2020-07-22,M01AE,,1.38,3.3,6.24,4.86,5.09,14.99,23.81,18.75,0,0,INCREASE REPLENISHMENT,5.0,PROACTIVE (Forward Shortfall)
2020-07-23,M01AE,,1.41,3.45,6.43,5.02,5.16,15.51,24.45,15.45,1,0,INCREASE REPLENISHMENT,3.0,REACTIVE (Below ROP)
2020-07-24,M01AE,,1.48,3.49,6.72,5.24,5.59,16.06,25.75,13.0,1,0,INCREASE REPLENISHMENT,5.0,REACTIVE (Below ROP)
2020-07-25,M01AE,,1.5,3.79,7.39,5.89,6.24,17.61,28.41,14.51,1,0,INCREASE REPLENISHMENT,6.0,REACTIVE (Below ROP)
2020-07-26,M01AE,,1.44,4.17,7.88,6.44,6.43,18.94,30.07,13.72,1,0,INCREASE REPLENISHMENT,6.0,REACTIVE (Below ROP)
2020-07-27,M01AE,,1.22,3.54,6.44,5.22,5.02,15.64,24.34,14.55,1,0,MAINTAIN REPLENISHMENT,0.0,PIPELINE IN-TRANSIT SUFFICIENT
2020-07-28,M01AE,,1.31,3.45,6.14,4.83,4.66,15.01,23.08,17.01,0,0,INCREASE REPLENISHMENT,1.0,PROACTIVE (Forward Shortfall)
2020-07-29,M01AE,,1.43,3.34,6.42,4.99,5.33,15.35,24.59,19.56,0,0,INCREASE REPLENISHMENT,5.0,PROACTIVE (Forward Shortfall)
2020-07-30,M01AE,,1.42,3.48,6.44,5.02,5.13,15.57,24.45,16.22,0,0,INCREASE REPLENISHMENT,3.0,PROACTIVE (Forward Shortfall)
2020-07-31,M01AE,,1.47,3.51,6.73,5.26,5.58,16.11,25.77,13.74,1,0,INCREASE REPLENISHMENT,5.0,REACTIVE (Below ROP)
2020-08-01,M01AE,,1.48,3.78,7.31,5.83,6.11,17.45,28.04,15.23,1,0,INCREASE REPLENISHMENT,5.0,REACTIVE (Below ROP)
2020-08-02,M01AE,,1.45,4.44,7.89,6.44,5.98,19.3,29.65,14.45,1,0,INCREASE REPLENISHMENT,6.0,REACTIVE (Below ROP)
2020-08-03,M01AE,,1.2,3.5,6.43,5.23,5.07,15.57,24.36,15.01,1,0,MAINTAIN REPLENISHMENT,0.0,PIPELINE IN-TRANSIT SUFFICIENT
2020-08-04,M01AE,,1.33,3.6,6.17,4.84,4.45,15.25,22.96,16.51,0,0,INCREASE REPLENISHMENT,1.0,PROACTIVE (Forward Shortfall)
2020-08-05,M01AE,,1.44,3.56,6.44,5.0,4.99,15.67,24.31,18.91,0,0,INCREASE REPLENISHMENT,5.0,PROACTIVE (Forward Shortfall)
2020-08-06,M01AE,,1.41,3.62,6.43,5.02,4.87,15.73,24.16,15.35,1,0,INCREASE REPLENISHMENT,3.0,REACTIVE (Below ROP)
2020-08-07,M01AE,,1.47,3.59,6.72,5.25,5.42,16.19,25.58,12.73,1,0,INCREASE REPLENISHMENT,5.0,REACTIVE (Below ROP)
2020-08-08,M01AE,,1.49,3.87,7.3,5.81,5.94,17.55,27.84,14.14,1,0,INCREASE REPLENISHMENT,6.0,REACTIVE (Below ROP)
2020-08-09,M01AE,,1.42,4.65,7.81,6.39,5.47,19.42,28.9,13.27,1,0,INCREASE REPLENISHMENT,5.0,REACTIVE (Below ROP)
2020-08-10,M01AE,,1.19,3.49,6.4,5.21,5.04,15.51,24.24,13.62,1,0,MAINTAIN REPLENISHMENT,0.0,PIPELINE IN-TRANSIT SUFFICIENT
2020-08-11,M01AE,,1.34,3.6,6.22,4.88,4.54,15.34,23.2,16.13,0,0,INCREASE REPLENISHMENT,3.0,PROACTIVE (Forward Shortfall)
2020-08-12,M01AE,,1.44,3.56,6.43,4.99,4.97,15.65,24.26,17.53,0,0,INCREASE REPLENISHMENT,4.0,PROACTIVE (Forward Shortfall)
2020-08-13,M01AE,,1.44,3.57,6.44,5.0,4.97,15.68,24.29,13.97,1,0,INCREASE REPLENISHMENT,4.0,REACTIVE (Below ROP)
2020-08-14,M01AE,,1.51,3.59,6.74,5.23,5.46,16.23,25.68,13.4,1,0,INCREASE REPLENISHMENT,5.0,REACTIVE (Below ROP)
2020-08-15,M01AE,,1.52,3.91,7.41,5.89,6.06,17.79,28.29,13.81,1,0,INCREASE REPLENISHMENT,6.0,REACTIVE (Below ROP)
2020-08-16,M01AE,,1.45,4.92,7.85,6.4,5.07,19.83,28.62,13.9,1,0,INCREASE REPLENISHMENT,4.0,REACTIVE (Below ROP)
2020-08-17,M01AE,,1.21,3.45,6.39,5.18,5.09,15.44,24.26,13.98,1,0,INCREASE REPLENISHMENT,1.0,REACTIVE (Below ROP)
2020-08-18,M01AE,,1.32,3.47,6.14,4.82,4.62,15.03,23.04,16.53,0,0,INCREASE REPLENISHMENT,2.0,PROACTIVE (Forward Shortfall)
2020-08-19,M01AE,,1.45,3.46,6.43,4.98,5.14,15.52,24.43,17.06,0,0,INCREASE REPLENISHMENT,5.0,PROACTIVE (Forward Shortfall)
2020-08-20,M01AE,,1.41,3.55,6.45,5.04,5.02,15.67,24.37,14.6,1,0,INCREASE REPLENISHMENT,3.0,REACTIVE (Below ROP)
2020-08-21,M01AE,,1.48,3.47,6.71,5.23,5.61,16.02,25.74,13.05,1,0,INCREASE REPLENISHMENT,5.0,REACTIVE (Below ROP)
2020-08-22,M01AE,,1.53,3.89,7.4,5.87,6.08,17.75,28.28,14.58,1,0,INCREASE REPLENISHMENT,6.0,REACTIVE (Below ROP)
2020-08-23,M01AE,,1.16,4.41,7.79,6.63,5.85,19.08,29.22,13.69,1,0,INCREASE REPLENISHMENT,5.0,REACTIVE (Below ROP)
2020-08-24,M01AE,,1.22,3.47,6.43,5.21,5.13,15.54,24.42,14.28,1,0,MAINTAIN REPLENISHMENT,0.0,PIPELINE IN-TRANSIT SUFFICIENT
2020-08-25,M01AE,,1.34,3.55,6.26,4.92,4.69,15.34,23.47,16.81,0,0,INCREASE REPLENISHMENT,2.0,PROACTIVE (Forward Shortfall)
2020-08-26,M01AE,,1.42,3.44,6.44,5.02,5.2,15.52,24.52,18.26,0,0,INCREASE REPLENISHMENT,5.0,PROACTIVE (Forward Shortfall)
2020-08-27,M01AE,,1.41,3.55,6.42,5.01,4.97,15.62,24.23,14.82,1,0,INCREASE REPLENISHMENT,3.0,REACTIVE (Below ROP)
2020-08-28,M01AE,,1.48,3.54,6.71,5.23,5.49,16.11,25.62,13.27,1,0,INCREASE REPLENISHMENT,5.0,REACTIVE (Below ROP)
2020-08-29,M01AE,,1.49,3.88,7.4,5.91,6.1,17.74,28.3,14.73,1,0,INCREASE REPLENISHMENT,6.0,REACTIVE (Below ROP)
2020-08-30,M01AE,,1.41,4.44,7.88,6.47,5.96,19.28,29.6,13.85,1,0,INCREASE REPLENISHMENT,5.0,REACTIVE (Below ROP)
2020-08-31,M01AE,,1.16,3.42,6.4,5.24,5.16,15.42,24.36,14.41,1,0,MAINTAIN REPLENISHMENT,0.0,PIPELINE IN-TRANSIT SUFFICIENT
2020-09-01,M01AE,,1.26,3.55,6.16,4.9,4.52,15.17,23.0,16.99,0,0,INCREASE REPLENISHMENT,2.0,PROACTIVE (Forward Shortfall)
2020-09-02,M01AE,,1.4,3.48,6.43,5.03,5.11,15.55,24.4,18.44,0,0,INCREASE REPLENISHMENT,4.0,PROACTIVE (Forward Shortfall)
2020-09-03,M01AE,,1.4,3.54,6.45,5.05,5.04,15.66,24.39,14.96,1,0,INCREASE REPLENISHMENT,4.0,REACTIVE (Below ROP)
2020-09-04,M01AE,,1.47,3.53,6.75,5.28,5.58,16.17,25.83,13.42,1,0,INCREASE REPLENISHMENT,5.0,REACTIVE (Below ROP)
2020-09-05,M01AE,,1.49,3.94,7.24,5.75,5.72,17.54,27.44,13.89,1,0,INCREASE REPLENISHMENT,5.0,REACTIVE (Below ROP)
2020-09-06,M01AE,,1.41,4.49,7.86,6.45,5.84,19.31,29.42,13.95,1,0,INCREASE REPLENISHMENT,6.0,REACTIVE (Below ROP)
2020-09-07,M01AE,,1.17,3.45,6.42,5.25,5.14,15.49,24.4,14.46,1,0,MAINTAIN REPLENISHMENT,0.0,PIPELINE IN-TRANSIT SUFFICIENT
2020-09-08,M01AE,,1.28,3.54,6.23,4.95,4.66,15.28,23.35,16.01,0,0,INCREASE REPLENISHMENT,2.0,PROACTIVE (Forward Shortfall)
2020-09-09,M01AE,,1.4,3.48,6.45,5.05,5.14,15.58,24.49,18.47,0,0,INCREASE REPLENISHMENT,5.0,PROACTIVE (Forward Shortfall)
2020-09-10,M01AE,,1.4,3.54,6.46,5.06,5.06,15.68,24.44,14.99,1,0,INCREASE REPLENISHMENT,3.0,REACTIVE (Below ROP)
2020-09-11,M01AE,,1.45,3.54,6.76,5.31,5.58,16.2,25.86,13.45,1,0,INCREASE REPLENISHMENT,5.0,REACTIVE (Below ROP)
2020-09-12,M01AE,,1.48,3.94,7.25,5.77,5.73,17.55,27.48,14.91,1,0,INCREASE REPLENISHMENT,5.0,REACTIVE (Below ROP)
2020-09-13,M01AE,,1.4,4.5,7.9,6.5,5.89,19.39,29.59,13.97,1,0,INCREASE REPLENISHMENT,6.0,REACTIVE (Below ROP)
2020-09-14,M01AE,,1.16,3.47,6.42,5.26,5.11,15.52,24.37,14.47,1,0,MAINTAIN REPLENISHMENT,0.0,PIPELINE IN-TRANSIT SUFFICIENT
2020-09-15,M01AE,,1.3,3.54,6.23,4.93,4.66,15.28,23.35,16.0,0,0,INCREASE REPLENISHMENT,2.0,PROACTIVE (Forward Shortfall)
2020-09-16,M01AE,,1.37,3.47,6.45,5.08,5.16,15.57,24.51,18.46,0,0,INCREASE REPLENISHMENT,5.0,PROACTIVE (Forward Shortfall)
2020-09-17,M01AE,,1.4,3.54,6.46,5.06,5.06,15.68,24.44,14.99,1,0,INCREASE REPLENISHMENT,3.0,REACTIVE (Below ROP)
2020-09-18,M01AE,,1.46,3.54,6.77,5.31,5.59,16.21,25.9,13.45,1,0,INCREASE REPLENISHMENT,5.0,REACTIVE (Below ROP)
2020-09-19,M01AE,,1.49,3.93,7.23,5.74,5.72,17.51,27.41,14.91,1,0,INCREASE REPLENISHMENT,5.0,REACTIVE (Below ROP)
2020-09-20,M01AE,,1.45,4.5,7.9,6.45,5.89,19.39,29.59,13.98,1,0,INCREASE REPLENISHMENT,6.0,REACTIVE (Below ROP)
2020-09-21,M01AE,,1.16,3.47,6.43,5.27,5.13,15.54,24.42,14.48,1,0,MAINTAIN REPLENISHMENT,0.0,PIPELINE IN-TRANSIT SUFFICIENT
2020-09-22,M01AE,,1.3,3.55,6.22,4.92,4.62,15.27,23.28,16.01,0,0,INCREASE REPLENISHMENT,2.0,PROACTIVE (Forward Shortfall)
2020-09-23,M01AE,,1.39,3.44,6.44,5.05,5.2,15.52,24.52,18.46,0,0,INCREASE REPLENISHMENT,5.0,PROACTIVE (Forward Shortfall)
2020-09-24,M01AE,,1.41,3.53,6.46,5.05,5.07,15.66,24.45,15.02,1,0,INCREASE REPLENISHMENT,3.0,REACTIVE (Below ROP)
2020-09-25,M01AE,,1.47,3.55,6.73,5.26,5.51,16.16,25.7,13.49,1,0,INCREASE REPLENISHMENT,5.0,REACTIVE (Below ROP)
2020-09-26,M01AE,,1.54,3.95,7.24,5.7,5.7,17.55,27.42,14.94,1,0,INCREASE REPLENISHMENT,5.0,REACTIVE (Below ROP)
2020-09-27,M01AE,,1.42,4.47,7.83,6.41,5.82,19.23,29.31,13.99,1,0,INCREASE REPLENISHMENT,6.0,REACTIVE (Below ROP)
2020-09-28,M01AE,,1.15,3.43,6.29,5.14,4.95,15.24,23.82,14.52,1,0,MAINTAIN REPLENISHMENT,0.0,PIPELINE IN-TRANSIT SUFFICIENT
2020-09-29,M01AE,,1.3,3.52,6.21,4.91,4.66,15.22,23.29,16.09,0,0,INCREASE REPLENISHMENT,2.0,PROACTIVE (Forward Shortfall)
2020-09-30,M01AE,,1.4,3.42,6.42,5.02,5.2,15.46,24.46,18.57,0,0,INCREASE REPLENISHMENT,4.0,PROACTIVE (Forward Shortfall)
2020-10-01,M01AE,,1.42,3.54,6.43,5.01,5.01,15.63,24.3,15.15,1,0,INCREASE REPLENISHMENT,4.0,REACTIVE (Below ROP)
2020-10-02,M01AE,,1.5,3.54,6.73,5.23,5.53,16.15,25.72,13.61,1,0,INCREASE REPLENISHMENT,5.0,REACTIVE (Below ROP)
2020-10-03,M01AE,,1.53,4.0,7.24,5.71,5.61,17.61,27.33,14.07,1,0,INCREASE REPLENISHMENT,5.0,REACTIVE (Below ROP)
2020-10-04,M01AE,,1.46,4.71,7.88,6.42,5.49,19.62,29.13,14.07,1,0,INCREASE REPLENISHMENT,6.0,REACTIVE (Below ROP)
2020-10-05,M01AE,,1.14,3.43,6.3,5.16,4.97,15.26,23.87,14.36,1,0,MAINTAIN REPLENISHMENT,0.0,PIPELINE IN-TRANSIT SUFFICIENT
2020-10-06,M01AE,,1.29,3.55,6.21,4.92,4.61,15.26,23.24,15.93,0,0,INCREASE REPLENISHMENT,2.0,PROACTIVE (Forward Shortfall)
2020-10-07,M01AE,,1.42,3.46,6.44,5.02,5.16,15.54,24.48,18.38,0,0,INCREASE REPLENISHMENT,5.0,PROACTIVE (Forward Shortfall)
2020-10-08,M01AE,,1.39,3.47,6.43,5.04,5.13,15.54,24.42,14.92,1,0,INCREASE REPLENISHMENT,3.0,REACTIVE (Below ROP)
2020-10-09,M01AE,,1.49,3.54,6.75,5.26,5.56,16.18,25.81,13.45,1,0,INCREASE REPLENISHMENT,5.0,REACTIVE (Below ROP)
2020-10-10,M01AE,,1.53,4.0,7.41,5.88,5.91,17.91,28.14,14.91,1,0,INCREASE REPLENISHMENT,6.0,REACTIVE (Below ROP)
2020-10-11,M01AE,,1.22,5.2,7.91,6.69,4.69,20.29,28.42,13.91,1,0,INCREASE REPLENISHMENT,4.0,REACTIVE (Below ROP)
2020-10-12,M01AE,,1.15,3.41,6.21,5.06,4.85,15.08,23.48,13.71,1,0,MAINTAIN REPLENISHMENT,0.0,PIPELINE IN-TRANSIT SUFFICIENT
2020-10-13,M01AE,,1.3,3.59,6.16,4.86,4.45,15.22,22.93,16.3,0,0,INCREASE REPLENISHMENT,3.0,PROACTIVE (Forward Shortfall)
2020-10-14,M01AE,,1.39,3.42,6.41,5.02,5.18,15.44,24.41,16.71,0,0,INCREASE REPLENISHMENT,5.0,PROACTIVE (Forward Shortfall)
2020-10-15,M01AE,,1.41,3.53,6.43,5.02,5.02,15.61,24.31,13.29,1,0,INCREASE REPLENISHMENT,4.0,REACTIVE (Below ROP)
2020-10-16,M01AE,,1.49,3.53,6.74,5.25,5.56,16.15,25.78,12.76,1,0,INCREASE REPLENISHMENT,5.0,REACTIVE (Below ROP)
2020-10-17,M01AE,,1.52,3.98,7.39,5.87,5.91,17.85,28.08,14.23,1,0,INCREASE REPLENISHMENT,5.0,REACTIVE (Below ROP)
2020-10-18,M01AE,,2.41,5.4,7.77,5.36,4.1,20.3,27.41,14.25,1,0,INCREASE REPLENISHMENT,4.0,REACTIVE (Below ROP)
2020-10-19,M01AE,,1.14,3.48,6.25,5.11,4.8,15.24,23.55,13.85,1,0,INCREASE REPLENISHMENT,1.0,REACTIVE (Below ROP)
2020-10-20,M01AE,,1.3,3.54,6.13,4.83,4.49,15.11,22.88,15.37,0,0,INCREASE REPLENISHMENT,3.0,PROACTIVE (Forward Shortfall)
2020-10-21,M01AE,,1.41,3.43,6.42,5.01,5.18,15.47,24.44,15.83,0,0,INCREASE REPLENISHMENT,5.0,PROACTIVE (Forward Shortfall)
2020-10-22,M01AE,,1.41,3.52,6.43,5.02,5.04,15.6,24.33,13.4,1,0,INCREASE REPLENISHMENT,3.0,REACTIVE (Below ROP)
2020-10-23,M01AE,,1.48,3.47,6.7,5.22,5.59,16.0,25.69,12.88,1,0,INCREASE REPLENISHMENT,5.0,REACTIVE (Below ROP)
2020-10-24,M01AE,,1.55,3.92,7.35,5.8,5.94,17.7,27.99,14.41,1,0,INCREASE REPLENISHMENT,6.0,REACTIVE (Below ROP)
2020-10-25,M01AE,,1.49,5.22,7.89,6.4,4.62,20.28,28.29,13.49,1,0,INCREASE REPLENISHMENT,4.0,REACTIVE (Below ROP)
2020-10-26,M01AE,,1.15,3.48,6.4,5.25,5.06,15.5,24.26,13.27,1,0,INCREASE REPLENISHMENT,1.0,REACTIVE (Below ROP)
2020-10-27,M01AE,,1.28,3.5,6.13,4.85,4.56,15.06,22.95,15.79,0,0,INCREASE REPLENISHMENT,3.0,PROACTIVE (Forward Shortfall)
2020-10-28,M01AE,,1.42,3.45,6.42,5.0,5.14,15.49,24.4,16.29,0,0,INCREASE REPLENISHMENT,5.0,PROACTIVE (Forward Shortfall)
2020-10-29,M01AE,,1.39,3.54,6.41,5.02,4.97,15.59,24.2,13.84,1,0,INCREASE REPLENISHMENT,3.0,REACTIVE (Below ROP)
2020-10-30,M01AE,,1.49,3.47,6.78,5.29,5.73,16.14,26.07,13.3,1,0,INCREASE REPLENISHMENT,5.0,REACTIVE (Below ROP)
2020-10-31,M01AE,,1.53,3.93,7.3,5.77,5.84,17.63,27.74,14.83,1,0,INCREASE REPLENISHMENT,5.0,REACTIVE (Below ROP)
2020-11-01,M01AE,,1.33,5.27,7.93,6.6,4.61,20.42,28.4,13.9,1,0,INCREASE REPLENISHMENT,5.0,REACTIVE (Below ROP)
2020-11-02,M01AE,,1.3,3.45,6.41,5.11,5.13,15.48,24.36,13.63,1,0,INCREASE REPLENISHMENT,1.0,REACTIVE (Below ROP)
2020-11-03,M01AE,,1.44,3.57,6.22,4.78,4.59,15.3,23.25,15.18,1,0,INCREASE REPLENISHMENT,3.0,REACTIVE (Below ROP)
2020-11-04,M01AE,,1.53,3.52,6.41,4.88,5.01,15.57,24.24,16.61,0,0,INCREASE REPLENISHMENT,4.0,PROACTIVE (Forward Shortfall)
2020-11-05,M01AE,,1.52,3.5,6.43,4.91,5.07,15.57,24.36,14.09,1,0,INCREASE REPLENISHMENT,4.0,REACTIVE (Below ROP)
2020-11-06,M01AE,,1.52,3.57,6.8,5.28,5.59,16.3,25.99,13.59,1,0,INCREASE REPLENISHMENT,5.0,REACTIVE (Below ROP)
2020-11-07,M01AE,,1.57,3.94,7.32,5.75,5.85,17.67,27.81,14.02,1,0,INCREASE REPLENISHMENT,5.0,REACTIVE (Below ROP)
2020-11-08,M01AE,,1.36,4.97,7.99,6.63,5.23,20.14,29.2,14.08,1,0,INCREASE REPLENISHMENT,6.0,REACTIVE (Below ROP)
2020-11-09,M01AE,,1.19,3.44,6.41,5.22,5.14,15.46,24.37,14.11,1,0,MAINTAIN REPLENISHMENT,0.0,PIPELINE IN-TRANSIT SUFFICIENT
2020-11-10,M01AE,,1.34,3.54,6.22,4.88,4.64,15.26,23.3,15.67,0,0,INCREASE REPLENISHMENT,2.0,PROACTIVE (Forward Shortfall)
2020-11-11,M01AE,,1.43,3.45,6.4,4.97,5.11,15.46,24.31,18.13,0,0,INCREASE REPLENISHMENT,5.0,PROACTIVE (Forward Shortfall)
2020-11-12,M01AE,,1.45,3.63,6.45,5.0,4.88,15.77,24.23,14.68,1,0,INCREASE REPLENISHMENT,3.0,REACTIVE (Below ROP)
2020-11-13,M01AE,,1.54,3.63,6.82,5.28,5.53,16.42,25.99,13.05,1,0,INCREASE REPLENISHMENT,5.0,REACTIVE (Below ROP)
2020-11-14,M01AE,,1.6,4.05,7.33,5.73,5.68,17.83,27.67,14.42,1,0,INCREASE REPLENISHMENT,6.0,REACTIVE (Below ROP)
2020-11-15,M01AE,,1.22,5.11,7.98,6.76,4.97,20.3,28.91,13.37,1,0,INCREASE REPLENISHMENT,5.0,REACTIVE (Below ROP)
2020-11-16,M01AE,,1.21,3.5,6.23,5.02,4.73,15.23,23.42,13.26,1,0,MAINTAIN REPLENISHMENT,0.0,PIPELINE IN-TRANSIT SUFFICIENT
2020-11-17,M01AE,,1.33,3.59,6.22,4.89,4.56,15.33,23.22,15.76,0,0,INCREASE REPLENISHMENT,3.0,PROACTIVE (Forward Shortfall)
2020-11-18,M01AE,,1.44,3.56,6.41,4.97,4.94,15.62,24.17,17.17,0,0,INCREASE REPLENISHMENT,4.0,PROACTIVE (Forward Shortfall)
2020-11-19,M01AE,,1.52,3.64,6.42,4.9,4.82,15.74,24.08,13.61,1,0,INCREASE REPLENISHMENT,4.0,REACTIVE (Below ROP)
2020-11-20,M01AE,,1.51,3.63,6.8,5.29,5.49,16.38,25.89,12.97,1,0,INCREASE REPLENISHMENT,5.0,REACTIVE (Below ROP)
2020-11-21,M01AE,,1.55,4.33,7.3,5.75,5.14,18.13,27.04,13.34,1,0,INCREASE REPLENISHMENT,5.0,REACTIVE (Below ROP)
2020-11-22,M01AE,,1.27,5.12,7.95,6.68,4.9,20.26,28.75,13.01,1,0,INCREASE REPLENISHMENT,6.0,REACTIVE (Below ROP)
2020-11-23,M01AE,,1.29,3.49,6.24,4.95,4.76,15.23,23.48,12.89,1,0,MAINTAIN REPLENISHMENT,0.0,PIPELINE IN-TRANSIT SUFFICIENT
2020-11-24,M01AE,,1.45,3.6,6.21,4.76,4.52,15.32,23.15,14.4,1,0,INCREASE REPLENISHMENT,3.0,REACTIVE (Below ROP)
2020-11-25,M01AE,,1.56,3.54,6.43,4.87,5.01,15.63,24.3,16.8,0,0,INCREASE REPLENISHMENT,5.0,PROACTIVE (Forward Shortfall)
2020-11-26,M01AE,,1.53,3.54,6.42,4.89,4.99,15.61,24.25,13.26,1,0,INCREASE REPLENISHMENT,3.0,REACTIVE (Below ROP)
2020-11-27,M01AE,,1.54,3.62,6.85,5.31,5.59,16.45,26.14,12.72,1,0,INCREASE REPLENISHMENT,6.0,REACTIVE (Below ROP)
2020-11-28,M01AE,,1.55,4.34,7.32,5.77,5.16,18.18,27.12,14.1,1,0,INCREASE REPLENISHMENT,5.0,REACTIVE (Below ROP)
2020-11-29,M01AE,,1.24,5.04,7.97,6.73,5.07,20.19,28.98,12.76,1,0,INCREASE REPLENISHMENT,6.0,REACTIVE (Below ROP)
2020-11-30,M01AE,,1.26,3.51,6.24,4.98,4.73,15.26,23.45,13.72,1,0,MAINTAIN REPLENISHMENT,0.0,PIPELINE IN-TRANSIT SUFFICIENT
2020-12-01,M01AE,,1.42,3.59,6.23,4.81,4.57,15.34,23.26,15.21,1,0,INCREASE REPLENISHMENT,3.0,REACTIVE (Below ROP)
2020-12-02,M01AE,,1.55,3.52,6.43,4.88,5.04,15.6,24.33,17.62,0,0,INCREASE REPLENISHMENT,4.0,PROACTIVE (Forward Shortfall)
2020-12-03,M01AE,,1.54,3.62,6.44,4.9,4.88,15.74,24.2,14.1,1,0,INCREASE REPLENISHMENT,4.0,REACTIVE (Below ROP)
2020-12-04,M01AE,,1.5,3.55,6.8,5.3,5.63,16.28,26.03,13.48,1,0,INCREASE REPLENISHMENT,5.0,REACTIVE (Below ROP)
2020-12-05,M01AE,,1.54,4.36,7.32,5.78,5.13,18.21,27.09,13.93,1,0,INCREASE REPLENISHMENT,5.0,REACTIVE (Below ROP)
2020-12-06,M01AE,,1.23,5.11,7.97,6.74,4.95,20.28,28.86,13.57,1,0,INCREASE REPLENISHMENT,6.0,REACTIVE (Below ROP)
2020-12-07,M01AE,,1.19,3.43,6.26,5.07,4.9,15.19,23.68,13.46,1,0,MAINTAIN REPLENISHMENT,0.0,PIPELINE IN-TRANSIT SUFFICIENT
2020-12-08,M01AE,,1.43,3.51,6.23,4.8,4.71,15.24,23.4,15.03,1,0,INCREASE REPLENISHMENT,3.0,REACTIVE (Below ROP)
2020-12-09,M01AE,,1.55,3.43,6.42,4.87,5.18,15.47,24.44,17.52,0,0,INCREASE REPLENISHMENT,4.0,PROACTIVE (Forward Shortfall)
2020-12-10,M01AE,,1.54,3.55,6.4,4.86,4.94,15.59,24.14,14.09,1,0,INCREASE REPLENISHMENT,4.0,REACTIVE (Below ROP)
2020-12-11,M01AE,,1.52,3.54,6.78,5.26,5.61,16.23,25.95,13.54,1,0,INCREASE REPLENISHMENT,5.0,REACTIVE (Below ROP)
2020-12-12,M01AE,,1.53,4.03,7.28,5.75,5.63,17.72,27.47,14.0,1,0,INCREASE REPLENISHMENT,5.0,REACTIVE (Below ROP)
2020-12-13,M01AE,,1.24,5.09,7.9,6.66,4.87,20.14,28.57,13.97,1,0,INCREASE REPLENISHMENT,5.0,REACTIVE (Below ROP)
2020-12-14,M01AE,,1.3,3.44,6.25,4.95,4.87,15.19,23.62,13.88,1,0,MAINTAIN REPLENISHMENT,0.0,PIPELINE IN-TRANSIT SUFFICIENT
2020-12-15,M01AE,,1.43,3.47,6.22,4.79,4.76,15.17,23.42,15.44,0,0,INCREASE REPLENISHMENT,3.0,PROACTIVE (Forward Shortfall)
2020-12-16,M01AE,,1.52,3.48,6.37,4.85,5.01,15.45,24.12,16.97,0,0,INCREASE REPLENISHMENT,5.0,PROACTIVE (Forward Shortfall)
2020-12-17,M01AE,,1.53,3.54,6.4,4.87,4.95,15.57,24.15,13.49,1,0,INCREASE REPLENISHMENT,3.0,REACTIVE (Below ROP)
2020-12-18,M01AE,,1.8,3.62,6.76,4.96,5.44,16.3,25.72,12.95,1,0,INCREASE REPLENISHMENT,5.0,REACTIVE (Below ROP)
2020-12-19,M01AE,,1.85,4.05,7.21,5.36,5.47,17.62,27.1,14.33,1,0,INCREASE REPLENISHMENT,5.0,REACTIVE (Below ROP)
2020-12-20,M01AE,,1.56,5.06,7.89,6.33,4.9,20.08,28.57,13.28,1,0,INCREASE REPLENISHMENT,6.0,REACTIVE (Below ROP)
2020-12-21,M01AE,,1.61,3.51,6.24,4.63,4.73,15.26,23.45,13.22,1,0,MAINTAIN REPLENISHMENT,0.0,PIPELINE IN-TRANSIT SUFFICIENT
2020-12-22,M01AE,,1.79,3.6,6.21,4.42,4.52,15.32,23.15,14.71,1,0,INCREASE REPLENISHMENT,3.0,REACTIVE (Below ROP)
2020-12-23,M01AE,,1.85,3.57,6.39,4.54,4.88,15.59,24.05,17.11,0,0,INCREASE REPLENISHMENT,4.0,PROACTIVE (Forward Shortfall)
2020-12-24,M01AE,,1.99,3.63,6.42,4.43,4.83,15.72,24.09,13.54,1,0,INCREASE REPLENISHMENT,4.0,REACTIVE (Below ROP)
2020-12-25,M01AE,,2.03,3.63,6.75,4.72,5.4,16.29,25.65,12.91,1,0,INCREASE REPLENISHMENT,5.0,REACTIVE (Below ROP)
2020-12-26,M01AE,,2.08,4.46,7.29,5.21,4.9,18.28,26.77,13.28,1,0,INCREASE REPLENISHMENT,5.0,REACTIVE (Below ROP)
2020-12-27,M01AE,,1.75,5.48,8.05,6.3,4.45,20.89,28.6,12.82,1,0,INCREASE REPLENISHMENT,6.0,REACTIVE (Below ROP)
2020-12-28,M01AE,,1.57,3.52,6.32,4.75,4.85,15.41,23.81,12.34,1,0,INCREASE REPLENISHMENT,1.0,REACTIVE (Below ROP)
2020-12-29,M01AE,,1.86,4.01,7.06,5.2,5.28,17.31,26.46,13.82,1,0,INCREASE REPLENISHMENT,6.0,REACTIVE (Below ROP)
2020-12-30,M01AE,,1.92,4.03,7.53,5.61,6.06,18.15,28.65,15.81,1,0,INCREASE REPLENISHMENT,6.0,REACTIVE (Below ROP)
2020-12-31,M01AE,,2.05,3.93,7.25,5.2,5.75,17.54,27.5,12.78,1,0,INCREASE REPLENISHMENT,3.0,REACTIVE (Below ROP)
2019-01-01,N02BA,0.0,0.38,1.61,8.66,8.28,12.21,17.04,38.19,38.19,0,0,MAINTAIN REPLENISHMENT,0.0,HEALTHY ZONE
2019-01-02,N02BA,4.15,1.36,2.26,7.82,6.46,9.63,16.41,33.09,38.19,0,1,REDUCE REPLENISHMENT,0.0,OVERSTOCKED
2019-01-03,N02BA,6.25,1.26,2.36,8.11,6.85,9.96,17.04,34.29,34.04,0,0,INCREASE REPLENISHMENT,1.0,PROACTIVE (Forward Shortfall)
2019-01-04,N02BA,2.6,1.03,2.26,8.75,7.72,11.24,18.02,37.49,27.79,0,0,INCREASE REPLENISHMENT,9.0,PROACTIVE (Forward Shortfall)
2019-01-05,N02BA,3.1,0.87,2.49,8.64,7.77,10.65,18.12,36.57,25.19,0,0,INCREASE REPLENISHMENT,2.0,PROACTIVE (Forward Shortfall)
2019-01-06,N02BA,2.25,0.63,2.44,8.69,8.06,10.83,18.15,36.9,23.09,0,0,INCREASE REPLENISHMENT,3.0,PROACTIVE (Forward Shortfall)
2019-01-07,N02BA,0.0,0.8,2.24,8.02,7.22,10.01,16.73,34.07,29.84,0,0,MAINTAIN REPLENISHMENT,0.0,PIPELINE IN-TRANSIT SUFFICIENT
2019-01-08,N02BA,0.0,1.09,2.58,8.86,7.77,10.88,18.62,37.46,31.84,0,0,INCREASE REPLENISHMENT,3.0,PROACTIVE (Forward Shortfall)
2019-01-09,N02BA,2.0,1.33,3.09,9.03,7.7,10.29,19.56,37.38,34.84,0,0,MAINTAIN REPLENISHMENT,0.0,PIPELINE IN-TRANSIT SUFFICIENT
2019-01-10,N02BA,5.6,1.14,2.86,8.61,7.47,9.96,18.54,35.79,32.84,0,0,MAINTAIN REPLENISHMENT,0.0,PIPELINE IN-TRANSIT SUFFICIENT
2019-01-11,N02BA,3.0,1.07,3.15,8.5,7.43,9.27,18.72,34.77,30.24,0,0,INCREASE REPLENISHMENT,5.0,PROACTIVE (Forward Shortfall)
2019-01-12,N02BA,5.0,1.48,3.4,8.79,7.31,9.34,19.54,35.71,27.24,0,0,INCREASE REPLENISHMENT,4.0,PROACTIVE (Forward Shortfall)
2019-01-13,N02BA,4.6000000000000005,0.98,2.97,8.86,7.88,10.2,19.11,36.78,22.24,0,0,INCREASE REPLENISHMENT,6.0,PROACTIVE (Forward Shortfall)
2019-01-14,N02BA,3.0,1.09,2.66,8.85,7.76,10.72,18.7,37.27,22.64,0,0,INCREASE REPLENISHMENT,5.0,PROACTIVE (Forward Shortfall)
2019-01-15,N02BA,3.65,0.98,2.31,9.19,8.21,11.92,18.85,39.49,23.64,0,0,INCREASE REPLENISHMENT,5.0,PROACTIVE (Forward Shortfall)
2019-01-16,N02BA,6.0,0.77,2.29,8.8,8.03,11.28,18.15,37.68,25.99,0,0,INCREASE REPLENISHMENT,2.0,PROACTIVE (Forward Shortfall)
2019-01-17,N02BA,3.7,0.86,2.16,8.63,7.77,11.21,17.69,37.1,24.99,0,0,INCREASE REPLENISHMENT,6.0,PROACTIVE (Forward Shortfall)
2019-01-18,N02BA,4.0,1.04,3.09,9.02,7.98,10.27,19.54,37.33,26.29,0,0,INCREASE REPLENISHMENT,4.0,PROACTIVE (Forward Shortfall)
2019-01-19,N02BA,5.5,1.17,2.69,8.91,7.74,10.77,18.84,37.5,24.29,0,0,INCREASE REPLENISHMENT,4.0,PROACTIVE (Forward Shortfall)
2019-01-20,N02BA,2.1,1.15,2.63,9.2,8.05,11.38,19.27,38.98,24.79,0,0,INCREASE REPLENISHMENT,7.0,PROACTIVE (Forward Shortfall)
2019-01-21,N02BA,0.0,1.27,2.4,8.98,7.71,11.4,18.6,38.34,26.69,0,0,INCREASE REPLENISHMENT,1.0,PROACTIVE (Forward Shortfall)
2019-01-22,N02BA,1.0,1.33,2.76,8.94,7.61,10.7,18.98,37.52,30.69,0,0,MAINTAIN REPLENISHMENT,0.0,PIPELINE IN-TRANSIT SUFFICIENT
2019-01-23,N02BA,7.1,1.04,2.56,8.92,7.88,11.02,18.7,37.78,36.69,0,0,INCREASE REPLENISHMENT,1.0,PROACTIVE (Forward Shortfall)
2019-01-24,N02BA,6.0,0.93,2.59,9.09,8.16,11.26,19.03,38.53,30.59,0,0,INCREASE REPLENISHMENT,7.0,PROACTIVE (Forward Shortfall)
2019-01-25,N02BA,4.0,1.37,2.47,9.37,8.0,11.95,19.36,40.06,24.59,0,0,INCREASE REPLENISHMENT,8.0,PROACTIVE (Forward Shortfall)
2019-01-26,N02BA,2.4,1.53,3.96,10.86,9.33,11.95,23.83,44.53,21.59,1,0,INCREASE REPLENISHMENT,8.0,REACTIVE (Below ROP)
2019-01-27,N02BA,2.0,1.38,3.41,10.11,8.73,11.6,21.83,41.93,26.19,0,0,MAINTAIN REPLENISHMENT,0.0,PIPELINE IN-TRANSIT SUFFICIENT
2019-01-28,N02BA,3.0,1.13,2.3,9.01,7.88,11.62,18.52,38.65,32.19,0,0,MAINTAIN REPLENISHMENT,0.0,PIPELINE IN-TRANSIT SUFFICIENT
2019-01-29,N02BA,3.45,1.18,2.62,8.57,7.39,10.31,18.17,36.02,37.19,0,1,MAINTAIN REPLENISHMENT,0.0,PIPELINE IN-TRANSIT SUFFICIENT
2019-01-30,N02BA,2.25,0.92,3.02,9.64,8.72,11.47,20.53,40.39,33.74,0,0,INCREASE REPLENISHMENT,7.0,PROACTIVE (Forward Shortfall)
2019-01-31,N02BA,2.0,0.86,2.08,8.63,7.77,11.34,17.58,37.23,31.49,0,0,MAINTAIN REPLENISHMENT,0.0,PIPELINE IN-TRANSIT SUFFICIENT
2019-02-01,N02BA,8.0,1.06,2.56,7.82,6.76,9.11,16.79,32.57,29.49,0,0,MAINTAIN REPLENISHMENT,0.0,PIPELINE IN-TRANSIT SUFFICIENT
2019-02-02,N02BA,6.2,0.86,2.16,8.9,8.04,11.67,18.15,38.37,28.49,0,0,INCREASE REPLENISHMENT,10.0,PROACTIVE (Forward Shortfall)
2019-02-03,N02BA,5.75,1.58,3.33,9.52,7.94,10.72,20.71,39.28,22.29,0,0,INCREASE REPLENISHMENT,7.0,PROACTIVE (Forward Shortfall)
2019-02-04,N02BA,3.0,1.94,3.64,9.71,7.77,10.51,21.43,39.64,16.54,1,0,INCREASE REPLENISHMENT,7.0,REACTIVE (Below ROP)
2019-02-05,N02BA,3.65,2.12,3.93,9.99,7.87,10.5,22.29,40.47,23.54,0,0,INCREASE REPLENISHMENT,3.0,PROACTIVE (Forward Shortfall)
2019-02-06,N02BA,2.2,2.22,4.01,10.05,7.83,10.46,22.49,40.61,26.89,0,0,INCREASE REPLENISHMENT,4.0,PROACTIVE (Forward Shortfall)
2019-02-07,N02BA,4.5,1.54,3.47,9.54,8.0,10.51,20.92,39.13,31.69,0,0,INCREASE REPLENISHMENT,1.0,PROACTIVE (Forward Shortfall)
2019-02-08,N02BA,7.0,1.2,3.41,9.47,8.27,10.5,20.73,38.91,30.19,0,0,INCREASE REPLENISHMENT,4.0,PROACTIVE (Forward Shortfall)
2019-02-09,N02BA,5.0,1.63,3.68,10.23,8.6,11.34,22.38,42.03,27.19,0,0,INCREASE REPLENISHMENT,10.0,PROACTIVE (Forward Shortfall)
2019-02-10,N02BA,3.35,1.96,4.03,9.77,7.81,9.94,22.03,39.25,23.19,0,0,INCREASE REPLENISHMENT,3.0,PROACTIVE (Forward Shortfall)
2019-02-11,N02BA,6.15,2.22,3.98,9.62,7.4,9.77,21.71,38.63,23.84,0,0,INCREASE REPLENISHMENT,2.0,PROACTIVE (Forward Shortfall)
2019-02-12,N02BA,0.0,1.67,3.72,9.3,7.63,9.66,20.82,37.56,27.69,0,0,INCREASE REPLENISHMENT,5.0,PROACTIVE (Forward Shortfall)
2019-02-13,N02BA,1.0,1.95,3.72,10.02,8.07,10.91,22.07,40.97,30.69,0,0,INCREASE REPLENISHMENT,4.0,PROACTIVE (Forward Shortfall)
2019-02-14,N02BA,3.1500000000000004,1.16,3.23,9.9,8.74,11.55,21.24,41.25,31.69,0,0,INCREASE REPLENISHMENT,1.0,PROACTIVE (Forward Shortfall)
2019-02-15,N02BA,12.5,1.16,3.13,9.79,8.63,11.54,20.93,40.91,33.54,0,0,INCREASE REPLENISHMENT,3.0,PROACTIVE (Forward Shortfall)
2019-02-16,N02BA,5.0,2.04,4.16,13.93,11.89,16.92,29.4,58.71,25.04,1,0,INCREASE REPLENISHMENT,30.0,REACTIVE (Below ROP)
2019-02-17,N02BA,4.0,1.7,3.81,13.58,11.88,16.92,28.35,57.66,21.04,1,0,INCREASE REPLENISHMENT,4.0,REACTIVE (Below ROP)
2019-02-18,N02BA,3.6,2.42,5.55,15.27,12.85,16.84,33.49,62.65,20.04,1,0,INCREASE REPLENISHMENT,9.0,REACTIVE (Below ROP)
2019-02-19,N02BA,1.5,2.27,4.26,13.88,11.61,16.66,29.44,58.3,46.44,0,0,MAINTAIN REPLENISHMENT,0.0,PIPELINE IN-TRANSIT SUFFICIENT
2019-02-20,N02BA,3.3,2.51,4.24,13.41,10.9,15.88,28.6,56.11,48.94,0,0,MAINTAIN REPLENISHMENT,0.0,PIPELINE IN-TRANSIT SUFFICIENT
2019-02-21,N02BA,2.1,2.01,3.98,12.65,10.64,15.02,26.96,52.97,54.64,0,1,REDUCE REPLENISHMENT,0.0,OVERSTOCKED
2019-02-22,N02BA,1.2000000000000002,1.6,3.92,12.79,11.19,15.36,27.12,53.73,52.54,0,0,MAINTAIN REPLENISHMENT,0.0,HEALTHY ZONE
2019-02-23,N02BA,3.2,1.98,3.54,9.58,7.6,10.46,21.08,39.2,51.34,0,1,REDUCE REPLENISHMENT,0.0,OVERSTOCKED
2019-02-24,N02BA,1.5,1.58,3.37,9.12,7.54,9.96,20.07,37.32,48.14,0,1,REDUCE REPLENISHMENT,0.0,OVERSTOCKED
2019-02-25,N02BA,3.0,1.66,3.4,9.24,7.58,10.12,20.32,37.84,46.64,0,1,REDUCE REPLENISHMENT,0.0,OVERSTOCKED
2019-02-26,N02BA,5.15,1.96,3.29,9.54,7.58,10.83,20.7,39.45,43.64,0,1,REDUCE REPLENISHMENT,0.0,OVERSTOCKED
2019-02-27,N02BA,1.2,1.99,3.7,9.17,7.18,9.47,20.57,36.98,38.49,0,1,MAINTAIN REPLENISHMENT,0.0,PIPELINE IN-TRANSIT SUFFICIENT
2019-02-28,N02BA,4.0,2.33,3.58,8.96,6.63,9.32,20.06,36.2,37.29,0,1,MAINTAIN REPLENISHMENT,0.0,PIPELINE IN-TRANSIT SUFFICIENT
2019-03-01,N02BA,2.5,1.77,3.59,8.14,6.37,7.88,18.65,32.3,33.29,0,1,MAINTAIN REPLENISHMENT,0.0,PIPELINE IN-TRANSIT SUFFICIENT
2019-03-02,N02BA,4.0,2.12,3.95,9.86,7.74,10.24,22.09,39.82,30.79,0,0,INCREASE REPLENISHMENT,10.0,PROACTIVE (Forward Shortfall)
2019-03-03,N02BA,1.0,1.88,3.71,9.49,7.61,10.01,21.14,38.48,26.79,0,0,INCREASE REPLENISHMENT,2.0,PROACTIVE (Forward Shortfall)
2019-03-04,N02BA,7.0,1.8,3.85,9.6,7.8,9.96,21.51,38.76,25.79,0,0,INCREASE REPLENISHMENT,1.0,PROACTIVE (Forward Shortfall)
2019-03-05,N02BA,0.2,2.0,3.43,9.81,7.81,11.05,21.34,40.48,28.79,0,0,INCREASE REPLENISHMENT,9.0,PROACTIVE (Forward Shortfall)
2019-03-06,N02BA,0.7,1.18,2.1,8.59,7.41,11.24,17.54,37.01,30.59,0,0,MAINTAIN REPLENISHMENT,0.0,PIPELINE IN-TRANSIT SUFFICIENT
2019-03-07,N02BA,4.25,1.94,3.86,10.19,8.25,10.96,22.54,41.53,30.89,0,0,INCREASE REPLENISHMENT,2.0,PROACTIVE (Forward Shortfall)
2019-03-08,N02BA,0.2,1.31,2.0,8.93,7.62,12.0,18.0,38.79,35.64,0,0,INCREASE REPLENISHMENT,2.0,PROACTIVE (Forward Shortfall)
2019-03-09,N02BA,4.0,1.27,2.37,9.14,7.87,11.73,18.84,39.15,35.44,0,0,MAINTAIN REPLENISHMENT,0.0,PIPELINE IN-TRANSIT SUFFICIENT
2019-03-10,N02BA,5.35,1.48,2.4,9.16,7.68,11.71,18.91,39.19,33.44,0,0,INCREASE REPLENISHMENT,4.0,PROACTIVE (Forward Shortfall)
2019-03-11,N02BA,2.5,1.69,2.92,9.9,8.21,12.09,20.85,41.79,30.09,0,0,INCREASE REPLENISHMENT,8.0,PROACTIVE (Forward Shortfall)
2019-03-12,N02BA,1.5,1.21,2.45,8.42,7.21,10.34,17.69,35.6,27.59,0,0,MAINTAIN REPLENISHMENT,0.0,PIPELINE IN-TRANSIT SUFFICIENT
2019-03-13,N02BA,6.0,1.39,2.52,8.75,7.36,10.79,18.35,37.04,30.09,0,0,MAINTAIN REPLENISHMENT,0.0,PIPELINE IN-TRANSIT SUFFICIENT
2019-03-14,N02BA,0.2,0.89,1.95,8.42,7.53,11.21,17.06,36.47,32.09,0,0,INCREASE REPLENISHMENT,5.0,PROACTIVE (Forward Shortfall)
2019-03-15,N02BA,3.0,0.89,2.48,8.7,7.81,10.77,18.21,36.87,31.89,0,0,MAINTAIN REPLENISHMENT,0.0,PIPELINE IN-TRANSIT SUFFICIENT
2019-03-16,N02BA,5.0,0.82,2.55,8.69,7.87,10.63,18.28,36.7,28.89,0,0,INCREASE REPLENISHMENT,3.0,PROACTIVE (Forward Shortfall)
2019-03-17,N02BA,2.0,1.16,2.36,8.97,7.81,11.45,18.53,38.36,28.89,0,0,INCREASE REPLENISHMENT,7.0,PROACTIVE (Forward Shortfall)
2019-03-18,N02BA,2.1,0.74,2.15,8.32,7.58,10.69,17.14,35.65,26.89,0,0,MAINTAIN REPLENISHMENT,0.0,PIPELINE IN-TRANSIT SUFFICIENT
2019-03-19,N02BA,1.5,1.04,2.27,8.96,7.92,11.59,18.4,38.47,27.79,0,0,INCREASE REPLENISHMENT,4.0,PROACTIVE (Forward Shortfall)
2019-03-20,N02BA,2.0,1.49,3.35,9.19,7.7,10.12,20.17,37.69,33.29,0,0,INCREASE REPLENISHMENT,1.0,PROACTIVE (Forward Shortfall)
2019-03-21,N02BA,0.0,0.72,2.11,8.01,7.29,10.22,16.55,34.25,31.29,0,0,MAINTAIN REPLENISHMENT,0.0,PIPELINE IN-TRANSIT SUFFICIENT
2019-03-22,N02BA,1.1,0.88,2.57,8.64,7.76,10.51,18.22,36.43,35.29,0,0,INCREASE REPLENISHMENT,1.0,PROACTIVE (Forward Shortfall)
2019-03-23,N02BA,4.25,1.03,2.69,8.33,7.3,9.77,17.84,34.76,35.19,0,1,MAINTAIN REPLENISHMENT,0.0,PIPELINE IN-TRANSIT SUFFICIENT
2019-03-24,N02BA,3.0,1.12,2.71,8.39,7.27,9.84,17.97,35.01,30.94,0,0,INCREASE REPLENISHMENT,4.0,PROACTIVE (Forward Shortfall)
2019-03-25,N02BA,6.0,0.87,2.78,8.28,7.41,9.53,17.87,34.37,28.94,0,0,INCREASE REPLENISHMENT,2.0,PROACTIVE (Forward Shortfall)
2019-03-26,N02BA,3.0,1.15,2.63,8.31,7.16,9.84,17.73,34.77,22.94,0,0,INCREASE REPLENISHMENT,6.0,PROACTIVE (Forward Shortfall)
2019-03-27,N02BA,3.0,0.96,2.36,8.9,7.94,11.33,18.41,38.03,23.94,0,0,INCREASE REPLENISHMENT,7.0,PROACTIVE (Forward Shortfall)
2019-03-28,N02BA,1.4,1.26,2.34,8.73,7.47,11.07,18.09,37.26,22.94,0,0,INCREASE REPLENISHMENT,2.0,PROACTIVE (Forward Shortfall)
2019-03-29,N02BA,4.0,0.9,2.33,8.27,7.37,10.29,17.28,35.1,27.54,0,0,MAINTAIN REPLENISHMENT,0.0,PIPELINE IN-TRANSIT SUFFICIENT
2019-03-30,N02BA,1.1,1.06,3.8,9.49,8.43,9.86,21.26,38.33,30.54,0,0,MAINTAIN REPLENISHMENT,0.0,HEALTHY ZONE
2019-03-31,N02BA,1.5,0.78,2.73,7.51,6.73,8.28,16.47,30.81,31.44,0,1,REDUCE REPLENISHMENT,0.0,OVERSTOCKED
2019-04-01,N02BA,3.0,1.11,1.67,6.66,5.55,8.64,13.65,28.62,29.94,0,1,MAINTAIN REPLENISHMENT,0.0,PIPELINE IN-TRANSIT SUFFICIENT
2019-04-02,N02BA,3.0,1.47,3.1,6.78,5.31,6.37,15.67,26.71,26.94,0,1,MAINTAIN REPLENISHMENT,0.0,PIPELINE IN-TRANSIT SUFFICIENT
2019-04-03,N02BA,1.5,1.34,3.14,7.61,6.27,7.74,17.16,30.57,23.94,0,0,INCREASE REPLENISHMENT,7.0,PROACTIVE (Forward Shortfall)
2019-04-04,N02BA,8.0,1.16,2.74,7.77,6.61,8.71,16.93,32.02,22.44,0,0,INCREASE REPLENISHMENT,3.0,PROACTIVE (Forward Shortfall)
2019-04-05,N02BA,4.0,1.08,2.62,8.88,7.8,10.84,18.7,37.48,14.44,1,0,INCREASE REPLENISHMENT,14.0,REACTIVE (Below ROP)
2019-04-06,N02BA,3.0,0.85,2.65,8.91,8.06,10.84,18.79,37.57,17.44,1,0,INCREASE REPLENISHMENT,4.0,REACTIVE (Below ROP)
2019-04-07,N02BA,4.0,0.81,2.5,8.79,7.98,10.89,18.39,37.26,17.44,1,0,INCREASE REPLENISHMENT,2.0,REACTIVE (Below ROP)
2019-04-08,N02BA,3.3,0.61,2.17,8.27,7.66,10.57,17.08,35.38,27.44,0,0,INCREASE REPLENISHMENT,2.0,PROACTIVE (Forward Shortfall)
2019-04-09,N02BA,1.0,1.29,2.74,8.59,7.3,10.13,18.35,35.9,28.14,0,0,INCREASE REPLENISHMENT,4.0,PROACTIVE (Forward Shortfall)
2019-04-10,N02BA,2.0,1.1,2.32,8.92,7.82,11.43,18.39,38.19,29.14,0,0,INCREASE REPLENISHMENT,4.0,PROACTIVE (Forward Shortfall)
2019-04-11,N02BA,2.0,0.86,2.27,8.33,7.47,10.5,17.31,35.49,29.14,0,0,MAINTAIN REPLENISHMENT,0.0,PIPELINE IN-TRANSIT SUFFICIENT
2019-04-12,N02BA,4.1,0.81,2.46,8.53,7.72,10.51,17.89,36.1,31.14,0,0,INCREASE REPLENISHMENT,1.0,PROACTIVE (Forward Shortfall)
2019-04-13,N02BA,1.1,0.96,2.49,8.45,7.49,10.32,17.79,35.67,31.04,0,0,INCREASE REPLENISHMENT,4.0,PROACTIVE (Forward Shortfall)
2019-04-14,N02BA,1.0,0.65,2.54,8.39,7.74,10.13,17.75,35.3,29.94,0,0,INCREASE REPLENISHMENT,1.0,PROACTIVE (Forward Shortfall)
2019-04-15,N02BA,5.3,0.78,2.46,7.85,7.07,9.34,16.72,32.89,29.94,0,0,MAINTAIN REPLENISHMENT,0.0,PIPELINE IN-TRANSIT SUFFICIENT
2019-04-16,N02BA,2.0,1.24,2.79,7.68,6.44,8.47,16.84,31.51,28.64,0,0,INCREASE REPLENISHMENT,2.0,PROACTIVE (Forward Shortfall)
2019-04-17,N02BA,1.25,0.72,2.48,8.74,8.02,10.84,18.28,37.06,27.64,0,0,INCREASE REPLENISHMENT,8.0,PROACTIVE (Forward Shortfall)
2019-04-18,N02BA,0.0,0.67,2.38,8.29,7.62,10.24,17.38,35.11,26.39,0,0,MAINTAIN REPLENISHMENT,0.0,PIPELINE IN-TRANSIT SUFFICIENT
2019-04-19,N02BA,1.5,1.03,2.47,7.92,6.89,9.44,16.85,33.2,28.39,0,0,MAINTAIN REPLENISHMENT,0.0,PIPELINE IN-TRANSIT SUFFICIENT
2019-04-20,N02BA,1.5,1.25,2.6,7.66,6.41,8.76,16.56,31.74,34.89,0,1,REDUCE REPLENISHMENT,0.0,OVERSTOCKED
2019-04-21,N02BA,3.0,1.02,2.34,7.17,6.15,8.37,15.39,29.88,33.39,0,1,MAINTAIN REPLENISHMENT,0.0,PIPELINE IN-TRANSIT SUFFICIENT
2019-04-22,N02BA,4.5,1.08,2.39,7.65,6.57,9.11,16.28,32.06,30.39,0,0,INCREASE REPLENISHMENT,2.0,PROACTIVE (Forward Shortfall)
2019-04-23,N02BA,6.1,1.33,2.83,8.45,7.12,9.73,18.22,35.08,25.89,0,0,INCREASE REPLENISHMENT,8.0,PROACTIVE (Forward Shortfall)
2019-04-24,N02BA,3.0,1.26,2.81,8.77,7.51,10.32,18.75,36.63,19.79,0,0,INCREASE REPLENISHMENT,7.0,PROACTIVE (Forward Shortfall)
2019-04-25,N02BA,2.0,1.17,2.66,9.27,8.1,11.45,19.43,39.26,18.79,1,0,INCREASE REPLENISHMENT,6.0,REACTIVE (Below ROP)
2019-04-26,N02BA,3.25,1.07,2.51,8.76,7.69,10.83,18.36,37.11,24.79,0,0,MAINTAIN REPLENISHMENT,0.0,PIPELINE IN-TRANSIT SUFFICIENT
2019-04-27,N02BA,3.1,1.16,2.61,8.77,7.61,10.67,18.5,36.98,28.54,0,0,INCREASE REPLENISHMENT,3.0,PROACTIVE (Forward Shortfall)
2019-04-28,N02BA,0.0,0.79,2.47,8.64,7.85,10.69,18.1,36.61,31.44,0,0,INCREASE REPLENISHMENT,3.0,PROACTIVE (Forward Shortfall)
2019-04-29,N02BA,2.6,1.03,2.34,8.74,7.71,11.09,18.11,37.31,31.44,0,0,MAINTAIN REPLENISHMENT,0.0,PIPELINE IN-TRANSIT SUFFICIENT
2019-04-30,N02BA,8.0,1.03,2.16,8.59,7.56,11.14,17.62,36.91,31.84,0,0,INCREASE REPLENISHMENT,3.0,PROACTIVE (Forward Shortfall)
2019-05-01,N02BA,1.0,1.25,1.98,8.59,7.34,11.45,17.39,37.22,26.84,0,0,INCREASE REPLENISHMENT,8.0,PROACTIVE (Forward Shortfall)
2019-05-02,N02BA,5.5,1.06,2.52,9.61,8.55,12.28,19.84,41.11,25.84,0,0,INCREASE REPLENISHMENT,5.0,PROACTIVE (Forward Shortfall)
2019-05-03,N02BA,3.0,1.66,2.95,10.27,8.61,12.68,21.53,43.49,23.34,0,0,INCREASE REPLENISHMENT,8.0,PROACTIVE (Forward Shortfall)
2019-05-04,N02BA,4.25,1.08,2.48,9.38,8.3,11.95,19.39,40.09,28.34,0,0,MAINTAIN REPLENISHMENT,0.0,PIPELINE IN-TRANSIT SUFFICIENT
2019-05-05,N02BA,4.2,1.36,2.63,9.57,8.21,12.02,19.91,40.73,29.09,0,0,INCREASE REPLENISHMENT,4.0,PROACTIVE (Forward Shortfall)
2019-05-06,N02BA,2.0,0.96,2.49,8.88,7.92,11.07,18.54,37.71,32.89,0,0,INCREASE REPLENISHMENT,1.0,PROACTIVE (Forward Shortfall)
2019-05-07,N02BA,1.0,0.58,2.28,8.86,8.28,11.4,18.24,37.98,30.89,0,0,INCREASE REPLENISHMENT,3.0,PROACTIVE (Forward Shortfall)
2019-05-08,N02BA,3.0,0.75,2.28,8.81,8.06,11.31,18.15,37.74,33.89,0,0,MAINTAIN REPLENISHMENT,0.0,PIPELINE IN-TRANSIT SUFFICIENT
2019-05-09,N02BA,2.1,1.01,2.87,8.9,7.89,10.44,19.05,37.14,31.89,0,0,INCREASE REPLENISHMENT,3.0,PROACTIVE (Forward Shortfall)
2019-05-10,N02BA,5.5,0.72,2.43,8.46,7.74,10.44,17.73,35.82,32.79,0,0,INCREASE REPLENISHMENT,1.0,PROACTIVE (Forward Shortfall)
2019-05-11,N02BA,5.5,0.78,2.61,8.62,7.84,10.41,18.24,36.27,27.29,0,0,INCREASE REPLENISHMENT,5.0,PROACTIVE (Forward Shortfall)
2019-05-12,N02BA,3.1,1.4,2.54,9.56,8.16,12.16,19.78,40.84,24.79,0,0,INCREASE REPLENISHMENT,11.0,PROACTIVE (Forward Shortfall)
2019-05-13,N02BA,2.0,0.87,2.72,8.75,7.88,10.44,18.6,36.69,22.69,0,0,MAINTAIN REPLENISHMENT,0.0,PIPELINE IN-TRANSIT SUFFICIENT
2019-05-14,N02BA,4.0,0.73,2.63,9.33,8.6,11.6,19.49,39.59,25.69,0,0,INCREASE REPLENISHMENT,3.0,PROACTIVE (Forward Shortfall)
2019-05-15,N02BA,4.15,0.71,2.55,8.59,7.88,10.46,18.11,36.23,32.69,0,0,INCREASE REPLENISHMENT,1.0,PROACTIVE (Forward Shortfall)
2019-05-16,N02BA,2.0,0.88,2.14,8.85,7.97,11.62,18.04,38.17,28.54,0,0,INCREASE REPLENISHMENT,6.0,PROACTIVE (Forward Shortfall)
2019-05-17,N02BA,2.4,0.9,2.25,8.17,7.27,10.25,17.0,34.76,29.54,0,0,MAINTAIN REPLENISHMENT,0.0,PIPELINE IN-TRANSIT SUFFICIENT
2019-05-18,N02BA,5.1,0.9,2.33,8.07,7.17,9.94,16.93,34.15,28.14,0,0,INCREASE REPLENISHMENT,1.0,PROACTIVE (Forward Shortfall)
2019-05-19,N02BA,4.0,1.38,2.91,8.76,7.38,10.13,18.86,36.41,29.04,0,0,INCREASE REPLENISHMENT,7.0,PROACTIVE (Forward Shortfall)
2019-05-20,N02BA,5.0,1.4,2.92,9.22,7.82,10.91,19.67,38.57,25.04,0,0,INCREASE REPLENISHMENT,6.0,PROACTIVE (Forward Shortfall)
2019-05-21,N02BA,5.1,1.74,3.14,9.18,7.44,10.46,19.88,38.0,21.04,0,0,INCREASE REPLENISHMENT,4.0,PROACTIVE (Forward Shortfall)
2019-05-22,N02BA,3.15,1.69,3.05,8.72,7.03,9.82,18.97,35.98,22.94,0,0,INCREASE REPLENISHMENT,4.0,PROACTIVE (Forward Shortfall)
2019-05-23,N02BA,2.0,1.33,3.04,8.88,7.55,10.12,19.24,36.76,25.79,0,0,INCREASE REPLENISHMENT,3.0,PROACTIVE (Forward Shortfall)
2019-05-24,N02BA,3.0,1.68,3.05,8.65,6.97,9.7,18.85,35.65,27.79,0,0,INCREASE REPLENISHMENT,1.0,PROACTIVE (Forward Shortfall)
2019-05-25,N02BA,4.1,1.48,2.91,8.75,7.27,10.12,18.85,36.37,28.79,0,0,INCREASE REPLENISHMENT,4.0,PROACTIVE (Forward Shortfall)
2019-05-26,N02BA,2.0,1.67,3.29,8.79,7.12,9.53,19.4,35.9,27.69,0,0,INCREASE REPLENISHMENT,4.0,PROACTIVE (Forward Shortfall)
2019-05-27,N02BA,1.2,1.64,3.07,8.72,7.08,9.79,19.0,35.95,26.69,0,0,INCREASE REPLENISHMENT,2.0,PROACTIVE (Forward Shortfall)
2019-05-28,N02BA,6.3,1.19,3.2,8.77,7.58,9.65,19.25,35.96,29.49,0,0,INCREASE REPLENISHMENT,1.0,PROACTIVE (Forward Shortfall)
2019-05-29,N02BA,4.05,1.44,3.3,8.72,7.28,9.39,19.29,35.55,27.19,0,0,INCREASE REPLENISHMENT,6.0,PROACTIVE (Forward Shortfall)
2019-05-30,N02BA,3.4,1.5,3.24,8.83,7.33,9.68,19.4,36.17,25.14,0,0,INCREASE REPLENISHMENT,5.0,PROACTIVE (Forward Shortfall)
2019-05-31,N02BA,1.0,1.46,3.59,8.78,7.32,8.99,19.76,35.33,22.74,0,0,INCREASE REPLENISHMENT,2.0,PROACTIVE (Forward Shortfall)
2019-06-01,N02BA,6.0,0.9,2.01,8.06,7.16,10.48,16.51,34.66,27.74,0,0,MAINTAIN REPLENISHMENT,0.0,PIPELINE IN-TRANSIT SUFFICIENT
2019-06-02,N02BA,3.05,1.97,3.45,9.28,7.31,10.1,20.45,37.94,26.74,0,0,INCREASE REPLENISHMENT,10.0,PROACTIVE (Forward Shortfall)
2019-06-03,N02BA,4.0,1.32,2.42,8.84,7.52,11.12,18.38,37.64,25.69,0,0,INCREASE REPLENISHMENT,2.0,PROACTIVE (Forward Shortfall)
2019-06-04,N02BA,5.35,1.77,3.45,9.45,7.68,10.39,20.74,38.74,21.69,0,0,INCREASE REPLENISHMENT,6.0,PROACTIVE (Forward Shortfall)
2019-06-05,N02BA,2.1,1.54,3.35,8.75,7.21,9.35,19.4,35.6,26.34,0,0,INCREASE REPLENISHMENT,2.0,PROACTIVE (Forward Shortfall)
2019-06-06,N02BA,6.35,1.29,2.44,8.22,6.93,10.01,17.33,34.67,26.24,0,0,INCREASE REPLENISHMENT,1.0,PROACTIVE (Forward Shortfall)
2019-06-07,N02BA,2.0,1.67,3.25,9.19,7.52,10.29,20.04,37.86,25.89,0,0,INCREASE REPLENISHMENT,9.0,PROACTIVE (Forward Shortfall)
2019-06-08,N02BA,1.0,1.36,3.26,9.23,7.87,10.34,20.12,38.03,25.89,0,0,INCREASE REPLENISHMENT,3.0,PROACTIVE (Forward Shortfall)
2019-06-09,N02BA,8.0,1.45,3.46,9.25,7.8,10.03,20.41,37.78,25.89,0,0,MAINTAIN REPLENISHMENT,0.0,PIPELINE IN-TRANSIT SUFFICIENT
2019-06-10,N02BA,2.0,1.82,3.26,9.92,8.1,11.54,21.32,41.3,26.89,0,0,INCREASE REPLENISHMENT,12.0,PROACTIVE (Forward Shortfall)
2019-06-11,N02BA,10.5,1.43,3.37,10.27,8.84,11.95,22.06,42.76,27.89,0,0,INCREASE REPLENISHMENT,3.0,PROACTIVE (Forward Shortfall)
2019-06-12,N02BA,1.0,2.17,3.16,12.07,9.9,15.43,24.91,51.64,17.39,1,0,INCREASE REPLENISHMENT,20.0,REACTIVE (Below ROP)
2019-06-13,N02BA,0.25,1.77,3.56,12.75,10.98,15.92,26.6,54.17,28.39,0,0,INCREASE REPLENISHMENT,3.0,PROACTIVE (Forward Shortfall)
2019-06-14,N02BA,3.0,1.63,4.09,13.63,12.0,16.52,28.79,57.41,31.14,0,0,INCREASE REPLENISHMENT,4.0,PROACTIVE (Forward Shortfall)
2019-06-15,N02BA,5.0,1.38,3.46,12.9,11.52,16.35,26.73,55.05,48.14,0,0,MAINTAIN REPLENISHMENT,0.0,PIPELINE IN-TRANSIT SUFFICIENT
2019-06-16,N02BA,3.0,1.91,3.36,12.47,10.56,15.78,25.86,53.19,46.14,0,0,INCREASE REPLENISHMENT,4.0,PROACTIVE (Forward Shortfall)
2019-06-17,N02BA,3.0,1.57,2.82,11.19,9.62,14.5,22.96,48.07,47.14,0,0,MAINTAIN REPLENISHMENT,0.0,HEALTHY ZONE
2019-06-18,N02BA,3.0,1.48,3.12,11.38,9.9,14.31,23.67,48.45,44.14,0,0,MAINTAIN REPLENISHMENT,0.0,HEALTHY ZONE
2019-06-19,N02BA,3.0,1.55,2.39,8.11,6.56,9.91,17.08,34.24,45.14,0,1,REDUCE REPLENISHMENT,0.0,OVERSTOCKED
2019-06-20,N02BA,3.0,1.17,3.08,8.51,7.34,9.41,18.65,34.94,42.14,0,1,REDUCE REPLENISHMENT,0.0,OVERSTOCKED
2019-06-21,N02BA,3.0,1.29,3.13,8.04,6.75,8.5,17.89,32.62,39.14,0,1,REDUCE REPLENISHMENT,0.0,OVERSTOCKED
2019-06-22,N02BA,0.0,1.5,3.5,8.9,7.4,9.35,19.85,36.05,36.14,0,1,MAINTAIN REPLENISHMENT,0.0,PIPELINE IN-TRANSIT SUFFICIENT
2019-06-23,N02BA,5.5,1.43,3.22,8.7,7.27,9.49,19.15,35.59,36.14,0,1,MAINTAIN REPLENISHMENT,0.0,PIPELINE IN-TRANSIT SUFFICIENT
2019-06-24,N02BA,3.1,1.26,3.21,9.13,7.87,10.25,19.88,37.64,30.64,0,0,INCREASE REPLENISHMENT,8.0,PROACTIVE (Forward Shortfall)
2019-06-25,N02BA,5.0,1.08,3.72,8.89,7.81,8.95,20.11,35.62,27.54,0,0,INCREASE REPLENISHMENT,1.0,PROACTIVE (Forward Shortfall)
2019-06-26,N02BA,1.0,1.41,3.37,9.54,8.13,10.69,20.8,39.31,22.54,0,0,INCREASE REPLENISHMENT,8.0,PROACTIVE (Forward Shortfall)
2019-06-27,N02BA,4.0,0.85,3.06,9.01,8.16,10.31,19.49,37.34,29.54,0,0,MAINTAIN REPLENISHMENT,0.0,PIPELINE IN-TRANSIT SUFFICIENT
2019-06-28,N02BA,2.0,1.41,3.13,9.06,7.65,10.27,19.66,37.45,26.54,0,0,INCREASE REPLENISHMENT,3.0,PROACTIVE (Forward Shortfall)
2019-06-29,N02BA,5.0,1.28,3.55,9.5,8.22,10.31,20.96,38.81,32.54,0,0,INCREASE REPLENISHMENT,4.0,PROACTIVE (Forward Shortfall)
2019-06-30,N02BA,0.0,1.48,3.18,8.95,7.47,9.99,19.53,36.84,27.54,0,0,INCREASE REPLENISHMENT,3.0,PROACTIVE (Forward Shortfall)
2019-07-01,N02BA,1.0,0.89,1.89,7.94,7.05,10.48,16.15,34.3,30.54,0,0,MAINTAIN REPLENISHMENT,0.0,PIPELINE IN-TRANSIT SUFFICIENT
2019-07-02,N02BA,4.0,1.16,2.16,8.41,7.25,10.83,17.31,36.06,33.54,0,0,MAINTAIN REPLENISHMENT,0.0,PIPELINE IN-TRANSIT SUFFICIENT
2019-07-03,N02BA,4.0,0.95,2.51,9.31,8.36,11.78,19.31,39.71,32.54,0,0,INCREASE REPLENISHMENT,8.0,PROACTIVE (Forward Shortfall)
2019-07-04,N02BA,0.0,0.61,2.33,7.91,7.3,9.66,16.65,33.39,28.54,0,0,MAINTAIN REPLENISHMENT,0.0,PIPELINE IN-TRANSIT SUFFICIENT
2019-07-05,N02BA,4.0,1.01,2.72,8.34,7.33,9.73,17.89,34.75,28.54,0,0,MAINTAIN REPLENISHMENT,0.0,PIPELINE IN-TRANSIT SUFFICIENT
2019-07-06,N02BA,3.0,1.34,2.71,9.49,8.15,11.74,19.87,40.21,32.54,0,0,INCREASE REPLENISHMENT,8.0,PROACTIVE (Forward Shortfall)
2019-07-07,N02BA,3.0,0.9,3.03,8.91,8.01,10.18,19.27,36.91,29.54,0,0,MAINTAIN REPLENISHMENT,0.0,PIPELINE IN-TRANSIT SUFFICIENT
2019-07-08,N02BA,2.0,1.11,2.6,8.85,7.74,10.83,18.63,37.38,26.54,0,0,INCREASE REPLENISHMENT,3.0,PROACTIVE (Forward Shortfall)
2019-07-09,N02BA,8.0,1.12,2.84,8.1,6.98,9.11,17.63,33.41,32.54,0,0,MAINTAIN REPLENISHMENT,0.0,PIPELINE IN-TRANSIT SUFFICIENT
2019-07-10,N02BA,5.0,1.21,2.54,9.67,8.46,12.35,19.97,41.36,24.54,0,0,INCREASE REPLENISHMENT,14.0,PROACTIVE (Forward Shortfall)
2019-07-11,N02BA,4.0,0.94,2.39,8.9,7.96,11.28,18.45,37.98,22.54,0,0,INCREASE REPLENISHMENT,2.0,PROACTIVE (Forward Shortfall)
2019-07-12,N02BA,4.05,1.38,3.27,9.68,8.3,11.1,20.91,40.14,18.54,1,0,INCREASE REPLENISHMENT,6.0,REACTIVE (Below ROP)
2019-07-13,N02BA,1.0,0.92,2.58,8.51,7.59,10.27,18.01,35.8,28.49,0,0,MAINTAIN REPLENISHMENT,0.0,PIPELINE IN-TRANSIT SUFFICIENT
2019-07-14,N02BA,4.0,0.96,2.42,9.31,8.35,11.93,19.19,39.86,29.49,0,0,INCREASE REPLENISHMENT,5.0,PROACTIVE (Forward Shortfall)
2019-07-15,N02BA,4.55,1.16,2.46,8.67,7.51,10.76,18.14,36.77,31.49,0,0,INCREASE REPLENISHMENT,1.0,PROACTIVE (Forward Shortfall)
2019-07-16,N02BA,3.0,1.0,2.43,8.33,7.33,10.22,17.51,35.21,26.94,0,0,INCREASE REPLENISHMENT,3.0,PROACTIVE (Forward Shortfall)
2019-07-17,N02BA,2.5,1.06,2.32,8.53,7.47,10.76,17.72,36.35,28.94,0,0,INCREASE REPLENISHMENT,4.0,PROACTIVE (Forward Shortfall)
2019-07-18,N02BA,1.3,1.14,2.43,8.89,7.75,11.19,18.48,37.86,27.44,0,0,INCREASE REPLENISHMENT,4.0,PROACTIVE (Forward Shortfall)
2019-07-19,N02BA,4.0,0.85,2.73,8.54,7.69,10.06,18.25,35.68,29.14,0,0,MAINTAIN REPLENISHMENT,0.0,PIPELINE IN-TRANSIT SUFFICIENT
2019-07-20,N02BA,1.0,0.96,2.91,8.52,7.56,9.72,18.45,35.28,29.14,0,0,INCREASE REPLENISHMENT,3.0,PROACTIVE (Forward Shortfall)
2019-07-21,N02BA,1.1,0.67,2.56,8.35,7.68,10.03,17.71,35.08,32.14,0,0,MAINTAIN REPLENISHMENT,0.0,PIPELINE IN-TRANSIT SUFFICIENT
2019-07-22,N02BA,2.0,0.79,2.44,8.42,7.63,10.36,17.68,35.62,31.04,0,0,INCREASE REPLENISHMENT,2.0,PROACTIVE (Forward Shortfall)
2019-07-23,N02BA,5.2,0.77,2.72,7.95,7.18,9.06,17.22,32.91,32.04,0,0,MAINTAIN REPLENISHMENT,0.0,PIPELINE IN-TRANSIT SUFFICIENT
2019-07-24,N02BA,2.0,0.59,2.6,8.12,7.53,9.56,17.36,33.92,26.84,0,0,INCREASE REPLENISHMENT,6.0,PROACTIVE (Forward Shortfall)
2019-07-25,N02BA,5.0,0.66,2.63,8.43,7.77,10.05,17.94,35.34,26.84,0,0,INCREASE REPLENISHMENT,3.0,PROACTIVE (Forward Shortfall)
2019-07-26,N02BA,0.1,0.89,2.41,8.47,7.58,10.5,17.73,35.91,21.84,0,0,INCREASE REPLENISHMENT,6.0,PROACTIVE (Forward Shortfall)
2019-07-27,N02BA,1.0,0.96,2.67,9.59,8.63,11.99,20.0,40.76,27.74,0,0,INCREASE REPLENISHMENT,5.0,PROACTIVE (Forward Shortfall)
2019-07-28,N02BA,4.0,1.09,2.46,8.87,7.78,11.1,18.48,37.71,29.74,0,0,MAINTAIN REPLENISHMENT,0.0,PIPELINE IN-TRANSIT SUFFICIENT
2019-07-29,N02BA,2.0,1.46,2.64,10.08,8.62,12.89,20.81,43.13,31.74,0,0,INCREASE REPLENISHMENT,7.0,PROACTIVE (Forward Shortfall)
2019-07-30,N02BA,5.0,0.95,2.31,8.88,7.93,11.38,18.31,38.02,34.74,0,0,MAINTAIN REPLENISHMENT,0.0,PIPELINE IN-TRANSIT SUFFICIENT
2019-07-31,N02BA,2.0,1.1,2.55,9.4,8.3,11.86,19.51,40.06,29.74,0,0,INCREASE REPLENISHMENT,4.0,PROACTIVE (Forward Shortfall)
2019-08-01,N02BA,2.0,1.08,2.09,8.66,7.58,11.38,17.65,37.36,34.74,0,0,MAINTAIN REPLENISHMENT,0.0,PIPELINE IN-TRANSIT SUFFICIENT
2019-08-02,N02BA,3.0,1.08,2.58,8.79,7.71,10.76,18.5,37.13,32.74,0,0,INCREASE REPLENISHMENT,1.0,PROACTIVE (Forward Shortfall)
2019-08-03,N02BA,2.3,1.17,2.76,9.14,7.97,11.05,19.33,38.47,33.74,0,0,INCREASE REPLENISHMENT,4.0,PROACTIVE (Forward Shortfall)
2019-08-04,N02BA,5.0,1.04,2.58,8.79,7.75,10.76,18.5,37.13,31.44,0,0,INCREASE REPLENISHMENT,1.0,PROACTIVE (Forward Shortfall)
2019-08-05,N02BA,4.3,1.2,2.44,9.3,8.1,11.88,19.2,39.78,27.44,0,0,INCREASE REPLENISHMENT,8.0,PROACTIVE (Forward Shortfall)
2019-08-06,N02BA,2.0,0.86,2.26,8.55,7.69,10.89,17.67,36.54,27.14,0,0,INCREASE REPLENISHMENT,1.0,PROACTIVE (Forward Shortfall)
2019-08-07,N02BA,2.0,1.54,2.94,8.67,7.13,9.92,18.74,35.93,26.14,0,0,INCREASE REPLENISHMENT,1.0,PROACTIVE (Forward Shortfall)
2019-08-08,N02BA,3.0,1.14,2.4,9.66,8.52,12.57,19.77,41.55,32.14,0,0,INCREASE REPLENISHMENT,8.0,PROACTIVE (Forward Shortfall)
2019-08-09,N02BA,0.0,0.77,2.45,9.47,8.7,12.16,19.51,40.57,30.14,0,0,INCREASE REPLENISHMENT,2.0,PROACTIVE (Forward Shortfall)
2019-08-10,N02BA,6.0,1.2,2.7,9.34,8.14,11.5,19.6,39.52,31.14,0,0,MAINTAIN REPLENISHMENT,0.0,PIPELINE IN-TRANSIT SUFFICIENT
2019-08-11,N02BA,4.0,1.17,2.35,9.24,8.07,11.93,18.98,39.65,33.14,0,0,INCREASE REPLENISHMENT,5.0,PROACTIVE (Forward Shortfall)
2019-08-12,N02BA,1.0,1.28,2.28,9.17,7.89,11.93,18.77,39.44,31.14,0,0,INCREASE REPLENISHMENT,4.0,PROACTIVE (Forward Shortfall)
2019-08-13,N02BA,2.0,0.91,2.22,8.8,7.89,11.4,18.06,37.8,30.14,0,0,MAINTAIN REPLENISHMENT,0.0,PIPELINE IN-TRANSIT SUFFICIENT
2019-08-14,N02BA,3.1,1.16,2.49,8.84,7.68,11.0,18.47,37.52,33.14,0,0,INCREASE REPLENISHMENT,1.0,PROACTIVE (Forward Shortfall)
2019-08-15,N02BA,2.0,1.05,2.39,8.78,7.73,11.07,18.24,37.41,34.04,0,0,INCREASE REPLENISHMENT,3.0,PROACTIVE (Forward Shortfall)
2019-08-16,N02BA,2.0,0.94,2.31,8.71,7.77,11.09,18.02,37.22,32.04,0,0,INCREASE REPLENISHMENT,2.0,PROACTIVE (Forward Shortfall)
2019-08-17,N02BA,2.45,0.89,2.42,8.51,7.62,10.55,17.81,36.08,31.04,0,0,INCREASE REPLENISHMENT,1.0,PROACTIVE (Forward Shortfall)
2019-08-18,N02BA,1.0,0.95,2.57,8.63,7.68,10.5,18.21,36.39,31.59,0,0,INCREASE REPLENISHMENT,2.0,PROACTIVE (Forward Shortfall)
2019-08-19,N02BA,4.0,1.01,2.57,8.37,7.36,10.05,17.76,35.16,32.59,0,0,MAINTAIN REPLENISHMENT,0.0,PIPELINE IN-TRANSIT SUFFICIENT
2019-08-20,N02BA,2.0,0.85,2.68,8.88,8.03,10.74,18.78,37.38,29.59,0,0,INCREASE REPLENISHMENT,6.0,PROACTIVE (Forward Shortfall)
2019-08-21,N02BA,0.0,1.13,2.41,8.86,7.73,11.17,18.4,37.75,29.59,0,0,INCREASE REPLENISHMENT,3.0,PROACTIVE (Forward Shortfall)
2019-08-22,N02BA,2.0,1.37,2.7,8.25,6.88,9.61,17.71,34.36,29.59,0,0,MAINTAIN REPLENISHMENT,0.0,PIPELINE IN-TRANSIT SUFFICIENT
2019-08-23,N02BA,4.05,1.12,2.63,8.1,6.98,9.47,17.36,33.77,33.59,0,0,MAINTAIN REPLENISHMENT,0.0,PIPELINE IN-TRANSIT SUFFICIENT
2019-08-24,N02BA,3.0,1.14,2.71,8.48,7.34,9.99,18.12,35.43,32.54,0,0,INCREASE REPLENISHMENT,3.0,PROACTIVE (Forward Shortfall)
2019-08-25,N02BA,2.0,0.87,2.65,9.64,8.77,12.11,20.06,41.03,29.54,0,0,INCREASE REPLENISHMENT,9.0,PROACTIVE (Forward Shortfall)
2019-08-26,N02BA,3.0,1.51,2.79,8.99,7.48,10.74,19.11,37.71,27.54,0,0,MAINTAIN REPLENISHMENT,0.0,PIPELINE IN-TRANSIT SUFFICIENT
2019-08-27,N02BA,3.0,1.62,3.16,9.48,7.86,10.95,20.43,39.39,27.54,0,0,INCREASE REPLENISHMENT,3.0,PROACTIVE (Forward Shortfall)
2019-08-28,N02BA,5.0,1.44,2.7,8.45,7.01,9.96,18.06,35.31,33.54,0,0,MAINTAIN REPLENISHMENT,0.0,PIPELINE IN-TRANSIT SUFFICIENT
2019-08-29,N02BA,5.0,1.39,2.29,9.36,7.97,12.25,19.12,40.33,28.54,0,0,INCREASE REPLENISHMENT,9.0,PROACTIVE (Forward Shortfall)
2019-08-30,N02BA,2.0,1.15,2.25,8.67,7.52,11.12,17.87,37.13,26.54,0,0,INCREASE REPLENISHMENT,2.0,PROACTIVE (Forward Shortfall)
2019-08-31,N02BA,2.0,1.03,2.51,8.64,7.61,10.62,18.15,36.54,24.54,0,0,INCREASE REPLENISHMENT,2.0,PROACTIVE (Forward Shortfall)
2019-09-01,N02BA,5.0,1.12,2.33,9.23,8.11,11.95,18.94,39.64,31.54,0,0,INCREASE REPLENISHMENT,5.0,PROACTIVE (Forward Shortfall)
2019-09-02,N02BA,2.5,0.89,1.89,8.82,7.93,12.0,17.67,38.46,28.54,0,0,INCREASE REPLENISHMENT,3.0,PROACTIVE (Forward Shortfall)
2019-09-03,N02BA,3.1,1.12,2.3,8.97,7.85,11.55,18.45,38.46,28.04,0,0,INCREASE REPLENISHMENT,3.0,PROACTIVE (Forward Shortfall)
2019-09-04,N02BA,2.15,0.98,2.23,9.03,8.05,11.78,18.47,38.87,29.94,0,0,INCREASE REPLENISHMENT,3.0,PROACTIVE (Forward Shortfall)
2019-09-05,N02BA,2.0,1.08,2.39,8.89,7.81,11.26,18.43,37.93,30.79,0,0,INCREASE REPLENISHMENT,2.0,PROACTIVE (Forward Shortfall)
2019-09-06,N02BA,1.0,0.92,2.38,9.23,8.31,11.86,19.0,39.55,31.79,0,0,INCREASE REPLENISHMENT,3.0,PROACTIVE (Forward Shortfall)
2019-09-07,N02BA,2.0,1.19,2.89,10.68,9.49,13.49,22.16,45.53,33.79,0,0,INCREASE REPLENISHMENT,7.0,PROACTIVE (Forward Shortfall)
2019-09-08,N02BA,3.0,1.3,2.37,9.28,7.98,11.97,19.08,39.81,33.79,0,0,MAINTAIN REPLENISHMENT,0.0,HEALTHY ZONE
2019-09-09,N02BA,3.0,1.11,2.52,7.59,6.48,8.78,16.34,31.55,33.79,0,1,MAINTAIN REPLENISHMENT,0.0,PIPELINE IN-TRANSIT SUFFICIENT
2019-09-10,N02BA,4.2,1.19,2.41,8.0,6.81,9.68,16.91,33.68,37.79,0,1,REDUCE REPLENISHMENT,0.0,OVERSTOCKED
2019-09-11,N02BA,3.0,1.14,1.99,8.72,7.58,11.66,17.63,37.82,33.59,0,0,INCREASE REPLENISHMENT,5.0,PROACTIVE (Forward Shortfall)
2019-09-12,N02BA,2.0,1.25,2.34,8.67,7.42,10.96,17.98,36.97,30.59,0,0,INCREASE REPLENISHMENT,2.0,PROACTIVE (Forward Shortfall)
2019-09-13,N02BA,2.0,1.31,2.37,8.86,7.55,11.24,18.35,37.82,28.59,0,0,INCREASE REPLENISHMENT,3.0,PROACTIVE (Forward Shortfall)
2019-09-14,N02BA,3.45,1.28,2.68,8.76,7.48,10.53,18.57,36.81,31.59,0,0,INCREASE REPLENISHMENT,1.0,PROACTIVE (Forward Shortfall)
2019-09-15,N02BA,2.0,1.3,2.67,8.25,6.95,9.66,17.67,34.41,30.14,0,0,INCREASE REPLENISHMENT,1.0,PROACTIVE (Forward Shortfall)
2019-09-16,N02BA,3.0,1.17,2.63,8.98,7.81,11.0,18.89,37.94,31.14,0,0,INCREASE REPLENISHMENT,5.0,PROACTIVE (Forward Shortfall)
2019-09-17,N02BA,6.5,1.18,2.48,8.79,7.61,10.93,18.37,37.3,29.14,0,0,INCREASE REPLENISHMENT,3.0,PROACTIVE (Forward Shortfall)
2019-09-18,N02BA,7.0,0.99,2.85,9.07,8.08,10.77,19.32,37.98,23.64,0,0,INCREASE REPLENISHMENT,7.0,PROACTIVE (Forward Shortfall)
2019-09-19,N02BA,3.0,0.82,2.4,8.86,8.04,11.19,18.39,37.77,21.64,0,0,INCREASE REPLENISHMENT,7.0,PROACTIVE (Forward Shortfall)
2019-09-20,N02BA,2.0,0.78,2.62,8.89,8.11,10.86,18.72,37.53,21.64,0,0,INCREASE REPLENISHMENT,2.0,PROACTIVE (Forward Shortfall)
2019-09-21,N02BA,1.0,1.47,3.03,10.67,9.2,13.23,22.32,45.24,26.64,0,0,INCREASE REPLENISHMENT,10.0,PROACTIVE (Forward Shortfall)
2019-09-22,N02BA,1.9,0.66,2.39,9.02,8.36,11.48,18.65,38.54,32.64,0,0,MAINTAIN REPLENISHMENT,0.0,PIPELINE IN-TRANSIT SUFFICIENT
2019-09-23,N02BA,3.3,0.99,2.55,8.98,7.99,11.14,18.79,38.08,32.74,0,0,MAINTAIN REPLENISHMENT,0.0,PIPELINE IN-TRANSIT SUFFICIENT
2019-09-24,N02BA,6.0,0.97,2.26,9.2,8.23,12.02,18.8,39.62,39.44,0,0,MAINTAIN REPLENISHMENT,0.0,HEALTHY ZONE
2019-09-25,N02BA,4.2,1.01,2.47,8.55,7.54,10.53,17.94,36.18,33.44,0,0,INCREASE REPLENISHMENT,3.0,PROACTIVE (Forward Shortfall)
2019-09-26,N02BA,2.0,1.41,2.78,8.73,7.32,10.31,18.65,36.5,29.24,0,0,INCREASE REPLENISHMENT,5.0,PROACTIVE (Forward Shortfall)
2019-09-27,N02BA,4.0,1.11,2.56,9.18,8.07,11.47,19.15,39.01,27.24,0,0,INCREASE REPLENISHMENT,4.0,PROACTIVE (Forward Shortfall)
2019-09-28,N02BA,4.1,0.73,2.31,8.94,8.21,11.48,18.41,38.3,26.24,0,0,INCREASE REPLENISHMENT,4.0,PROACTIVE (Forward Shortfall)
2019-09-29,N02BA,3.0,1.03,2.45,8.29,7.26,10.12,17.47,34.99,27.14,0,0,MAINTAIN REPLENISHMENT,0.0,PIPELINE IN-TRANSIT SUFFICIENT
2019-09-30,N02BA,2.1,1.02,2.44,7.59,6.57,8.92,16.24,31.69,28.14,0,0,MAINTAIN REPLENISHMENT,0.0,PIPELINE IN-TRANSIT SUFFICIENT
2019-10-01,N02BA,0.1,0.92,1.92,7.55,6.63,9.75,15.51,32.4,30.04,0,0,INCREASE REPLENISHMENT,3.0,PROACTIVE (Forward Shortfall)
2019-10-02,N02BA,2.8000000000000003,0.59,2.04,7.51,6.92,9.47,15.59,32.0,29.94,0,0,MAINTAIN REPLENISHMENT,0.0,PIPELINE IN-TRANSIT SUFFICIENT
2019-10-03,N02BA,4.0,1.1,2.59,6.99,5.89,7.62,15.39,28.59,27.14,0,0,MAINTAIN REPLENISHMENT,0.0,PIPELINE IN-TRANSIT SUFFICIENT
2019-10-04,N02BA,2.25,1.32,2.64,8.78,7.46,10.63,18.55,36.97,26.14,0,0,INCREASE REPLENISHMENT,11.0,PROACTIVE (Forward Shortfall)
2019-10-05,N02BA,6.0,1.33,2.64,9.58,8.25,12.02,19.94,40.76,23.89,0,0,INCREASE REPLENISHMENT,6.0,PROACTIVE (Forward Shortfall)
2019-10-06,N02BA,2.0,1.07,2.49,8.6,7.53,10.58,18.05,36.38,17.89,1,0,INCREASE REPLENISHMENT,2.0,REACTIVE (Below ROP)
2019-10-07,N02BA,3.0,1.27,2.55,9.74,8.47,12.45,20.1,41.67,26.89,0,0,INCREASE REPLENISHMENT,7.0,PROACTIVE (Forward Shortfall)
2019-10-08,N02BA,0.5,0.91,2.36,9.33,8.42,12.07,19.15,40.06,29.89,0,0,MAINTAIN REPLENISHMENT,0.0,HEALTHY ZONE
2020-01-01,N02BA,,1.25,3.01,5.64,4.39,4.56,13.59,21.48,31.39,0,1,REDUCE REPLENISHMENT,0.0,OVERSTOCKED
2020-01-02,N02BA,,1.34,3.56,5.84,4.5,3.95,14.63,21.47,35.38,0,1,REDUCE REPLENISHMENT,0.0,OVERSTOCKED
2020-01-03,N02BA,,0.96,3.22,5.54,4.58,4.02,13.68,20.64,31.82,0,1,REDUCE REPLENISHMENT,0.0,OVERSTOCKED
2020-01-04,N02BA,,1.1,3.04,5.65,4.55,4.52,13.64,21.47,28.6,0,1,MAINTAIN REPLENISHMENT,0.0,PIPELINE IN-TRANSIT SUFFICIENT
2020-01-05,N02BA,,1.36,4.01,6.32,4.96,4.0,16.03,22.96,25.56,0,1,MAINTAIN REPLENISHMENT,0.0,PIPELINE IN-TRANSIT SUFFICIENT
2020-01-06,N02BA,,1.33,4.55,6.61,5.28,3.57,17.22,23.4,21.55,0,0,INCREASE REPLENISHMENT,2.0,PROACTIVE (Forward Shortfall)
2020-01-07,N02BA,,1.02,3.12,5.63,4.61,4.35,13.71,21.24,17.0,0,0,INCREASE REPLENISHMENT,3.0,PROACTIVE (Forward Shortfall)
2020-01-08,N02BA,,1.15,3.28,6.04,4.89,4.78,14.62,22.9,13.88,1,0,INCREASE REPLENISHMENT,5.0,REACTIVE (Below ROP)
2020-01-09,N02BA,,1.16,3.78,6.14,4.98,4.09,15.43,22.51,12.6,1,0,INCREASE REPLENISHMENT,2.0,REACTIVE (Below ROP)
2020-01-10,N02BA,,1.14,3.49,5.87,4.73,4.12,14.59,21.73,11.82,1,0,INCREASE REPLENISHMENT,3.0,REACTIVE (Below ROP)
2020-01-11,N02BA,,0.46,3.08,5.68,5.22,4.5,13.74,21.54,13.33,1,0,INCREASE REPLENISHMENT,4.0,REACTIVE (Below ROP)
2020-01-12,N02BA,,1.09,3.34,5.67,4.58,4.04,14.06,21.05,12.25,1,0,INCREASE REPLENISHMENT,2.0,REACTIVE (Below ROP)
2020-01-13,N02BA,,1.02,3.3,5.86,4.84,4.43,14.33,22.01,11.91,1,0,INCREASE REPLENISHMENT,5.0,REACTIVE (Below ROP)
2020-01-14,N02BA,,1.22,4.48,6.48,5.26,3.46,16.9,22.9,12.61,1,0,INCREASE REPLENISHMENT,4.0,REACTIVE (Below ROP)
2020-01-15,N02BA,,1.15,4.33,6.19,5.04,3.22,16.21,21.79,10.13,1,0,INCREASE REPLENISHMENT,3.0,REACTIVE (Below ROP)
2020-01-16,N02BA,,0.83,4.31,6.45,5.62,3.71,16.64,23.06,10.8,1,0,INCREASE REPLENISHMENT,6.0,REACTIVE (Below ROP)
2020-01-17,N02BA,,1.2,4.53,6.26,5.06,3.0,16.59,21.78,10.49,1,0,INCREASE REPLENISHMENT,3.0,REACTIVE (Below ROP)
2020-01-18,N02BA,,1.02,3.45,5.85,4.83,4.16,14.51,21.71,8.96,1,0,INCREASE REPLENISHMENT,4.0,REACTIVE (Below ROP)
2020-01-19,N02BA,,1.1,3.5,5.66,4.56,3.74,14.24,20.72,11.51,1,0,INCREASE REPLENISHMENT,3.0,REACTIVE (Below ROP)
2020-01-20,N02BA,,0.99,3.4,5.94,4.95,4.4,14.6,22.22,11.01,1,0,INCREASE REPLENISHMENT,5.0,REACTIVE (Below ROP)
2020-01-21,N02BA,,0.96,3.42,5.73,4.77,4.0,14.26,21.19,11.61,1,0,INCREASE REPLENISHMENT,2.0,REACTIVE (Below ROP)
2020-01-22,N02BA,,1.14,3.71,5.61,4.47,3.29,14.42,20.12,11.19,1,0,INCREASE REPLENISHMENT,2.0,REACTIVE (Below ROP)
2020-01-23,N02BA,,1.14,4.06,6.31,5.17,3.9,16.08,22.83,12.48,1,0,INCREASE REPLENISHMENT,7.0,REACTIVE (Below ROP)
2020-01-24,N02BA,,1.15,3.9,6.24,5.09,4.05,15.75,22.77,10.42,1,0,INCREASE REPLENISHMENT,4.0,REACTIVE (Below ROP)
2020-01-25,N02BA,,1.63,3.96,6.45,4.82,4.31,16.19,23.66,8.52,1,0,INCREASE REPLENISHMENT,5.0,REACTIVE (Below ROP)
2020-01-26,N02BA,,1.45,4.09,6.92,5.47,4.9,17.17,25.66,11.56,1,0,INCREASE REPLENISHMENT,6.0,REACTIVE (Below ROP)
2020-01-27,N02BA,,1.78,3.97,6.4,4.62,4.21,16.12,23.41,11.47,1,0,INCREASE REPLENISHMENT,1.0,REACTIVE (Below ROP)
2020-01-28,N02BA,,1.48,4.12,6.71,5.23,4.49,16.85,24.62,12.5,1,0,INCREASE REPLENISHMENT,6.0,REACTIVE (Below ROP)
2020-01-29,N02BA,,1.39,4.21,7.62,6.23,5.91,18.54,28.77,14.38,1,0,INCREASE REPLENISHMENT,8.0,REACTIVE (Below ROP)
2020-01-30,N02BA,,1.11,2.77,7.75,6.64,8.63,16.94,31.88,11.17,1,0,INCREASE REPLENISHMENT,7.0,REACTIVE (Below ROP)
2020-01-31,N02BA,,1.67,4.27,7.47,5.8,5.54,18.35,27.95,14.4,1,0,MAINTAIN REPLENISHMENT,0.0,PIPELINE IN-TRANSIT SUFFICIENT
2020-02-01,N02BA,,1.39,4.24,7.35,5.96,5.39,18.11,27.44,18.13,0,0,INCREASE REPLENISHMENT,3.0,PROACTIVE (Forward Shortfall)
2020-02-02,N02BA,,1.42,4.22,7.12,5.7,5.02,17.68,26.38,20.89,0,0,INCREASE REPLENISHMENT,3.0,PROACTIVE (Forward Shortfall)
2020-02-03,N02BA,,1.38,4.23,7.26,5.88,5.25,17.94,27.03,16.67,1,0,INCREASE REPLENISHMENT,5.0,REACTIVE (Below ROP)
2020-02-04,N02BA,,1.42,4.0,7.39,5.97,5.87,17.87,28.04,15.44,1,0,INCREASE REPLENISHMENT,5.0,REACTIVE (Below ROP)
2020-02-05,N02BA,,1.49,4.05,7.29,5.8,5.61,17.76,27.48,14.44,1,0,INCREASE REPLENISHMENT,4.0,REACTIVE (Below ROP)
2020-02-06,N02BA,,1.35,3.94,7.28,5.93,5.79,17.61,27.63,15.39,1,0,INCREASE REPLENISHMENT,4.0,REACTIVE (Below ROP)
2020-02-07,N02BA,,1.34,3.93,7.21,5.87,5.68,17.47,27.31,16.45,1,0,INCREASE REPLENISHMENT,3.0,REACTIVE (Below ROP)
2020-02-08,N02BA,,1.44,4.49,7.37,5.93,4.99,18.46,27.1,16.52,1,0,INCREASE REPLENISHMENT,4.0,REACTIVE (Below ROP)
2020-02-09,N02BA,,1.37,4.55,7.45,6.08,5.02,18.67,27.37,16.03,1,0,INCREASE REPLENISHMENT,5.0,REACTIVE (Below ROP)
2020-02-10,N02BA,,1.29,4.32,7.49,6.2,5.49,18.45,27.96,14.48,1,0,INCREASE REPLENISHMENT,5.0,REACTIVE (Below ROP)
2020-02-11,N02BA,,1.02,2.81,7.2,6.18,7.6,16.03,29.2,14.16,1,0,INCREASE REPLENISHMENT,6.0,REACTIVE (Below ROP)
2020-02-12,N02BA,,1.26,3.94,7.39,6.13,5.98,17.8,28.15,16.35,1,0,INCREASE REPLENISHMENT,1.0,REACTIVE (Below ROP)
2020-02-13,N02BA,,1.09,3.89,7.46,6.37,6.18,17.85,28.56,17.41,1,0,INCREASE REPLENISHMENT,5.0,REACTIVE (Below ROP)
2020-02-14,N02BA,,1.12,4.01,7.61,6.49,6.24,18.27,29.07,19.52,0,0,INCREASE REPLENISHMENT,4.0,PROACTIVE (Forward Shortfall)
2020-02-15,N02BA,,1.25,4.08,7.44,6.19,5.82,18.06,28.14,16.51,1,0,INCREASE REPLENISHMENT,3.0,REACTIVE (Below ROP)
2020-02-16,N02BA,,1.17,4.14,7.67,6.5,6.11,18.53,29.12,17.43,1,0,INCREASE REPLENISHMENT,5.0,REACTIVE (Below ROP)
2020-02-17,N02BA,,1.28,4.0,7.57,6.29,6.18,18.18,28.89,17.29,1,0,INCREASE REPLENISHMENT,4.0,REACTIVE (Below ROP)
2020-02-18,N02BA,,1.33,4.17,7.56,6.23,5.87,18.38,28.55,16.29,1,0,INCREASE REPLENISHMENT,4.0,REACTIVE (Below ROP)
2020-02-19,N02BA,,1.29,4.13,7.46,6.17,5.77,18.16,28.15,17.12,1,0,INCREASE REPLENISHMENT,4.0,REACTIVE (Below ROP)
2020-02-20,N02BA,,1.28,3.91,7.05,5.77,5.44,17.17,26.59,16.99,1,0,INCREASE REPLENISHMENT,2.0,REACTIVE (Below ROP)
2020-02-21,N02BA,,1.25,3.89,6.98,5.73,5.35,17.02,26.29,17.08,0,0,INCREASE REPLENISHMENT,4.0,PROACTIVE (Forward Shortfall)
2020-02-22,N02BA,,1.16,3.78,7.13,5.97,5.8,17.14,27.19,17.19,0,0,INCREASE REPLENISHMENT,5.0,PROACTIVE (Forward Shortfall)
2020-02-23,N02BA,,1.3,4.05,7.25,5.95,5.54,17.69,27.29,15.41,1,0,INCREASE REPLENISHMENT,3.0,REACTIVE (Below ROP)
2020-02-24,N02BA,,1.4,4.15,7.54,6.14,5.87,18.32,28.49,15.36,1,0,INCREASE REPLENISHMENT,6.0,REACTIVE (Below ROP)
2020-02-25,N02BA,,1.34,4.21,7.12,5.78,5.04,17.67,26.4,16.21,1,0,INCREASE REPLENISHMENT,2.0,REACTIVE (Below ROP)
2020-02-26,N02BA,,1.32,4.09,7.29,5.97,5.54,17.81,27.41,15.0,1,0,INCREASE REPLENISHMENT,5.0,REACTIVE (Below ROP)
2020-02-27,N02BA,,1.23,3.91,7.21,5.98,5.72,17.45,27.35,16.91,1,0,INCREASE REPLENISHMENT,4.0,REACTIVE (Below ROP)
2020-02-28,N02BA,,1.47,3.83,7.07,5.6,5.61,17.1,26.82,15.0,1,0,INCREASE REPLENISHMENT,3.0,REACTIVE (Below ROP)
2020-02-29,N02BA,,1.28,3.98,7.28,6.0,5.72,17.66,27.56,16.17,1,0,INCREASE REPLENISHMENT,5.0,REACTIVE (Below ROP)
2020-03-01,N02BA,,1.77,3.97,7.18,5.41,5.56,17.47,27.1,16.19,1,0,INCREASE REPLENISHMENT,3.0,REACTIVE (Below ROP)
2020-03-02,N02BA,,1.28,4.14,7.56,6.28,5.92,18.34,28.6,15.22,1,0,INCREASE REPLENISHMENT,6.0,REACTIVE (Below ROP)
2020-03-03,N02BA,,1.28,4.01,7.23,5.95,5.58,17.61,27.27,16.08,1,0,INCREASE REPLENISHMENT,3.0,REACTIVE (Below ROP)
2020-03-04,N02BA,,1.42,3.97,7.14,5.72,5.49,17.4,26.91,15.07,1,0,INCREASE REPLENISHMENT,3.0,REACTIVE (Below ROP)
2020-03-05,N02BA,,1.3,4.02,7.1,5.8,5.33,17.39,26.63,17.1,1,0,INCREASE REPLENISHMENT,4.0,REACTIVE (Below ROP)
2020-03-06,N02BA,,1.24,4.03,7.52,6.28,6.04,18.13,28.6,16.08,1,0,INCREASE REPLENISHMENT,6.0,REACTIVE (Below ROP)
2020-03-07,N02BA,,1.38,3.95,6.83,5.45,4.99,16.84,25.48,15.05,1,0,INCREASE REPLENISHMENT,1.0,REACTIVE (Below ROP)
2020-03-08,N02BA,,1.28,4.12,7.53,6.25,5.91,18.27,28.5,15.1,1,0,INCREASE REPLENISHMENT,7.0,REACTIVE (Below ROP)
2020-03-09,N02BA,,1.5,4.18,7.56,6.06,5.85,18.39,28.53,16.98,1,0,INCREASE REPLENISHMENT,4.0,REACTIVE (Below ROP)
2020-03-10,N02BA,,1.54,4.17,7.7,6.16,6.11,18.62,29.21,13.8,1,0,INCREASE REPLENISHMENT,5.0,REACTIVE (Below ROP)
2020-03-11,N02BA,,1.32,3.94,7.06,5.74,5.4,17.22,26.58,16.63,1,0,INCREASE REPLENISHMENT,1.0,REACTIVE (Below ROP)
2020-03-12,N02BA,,1.53,3.94,6.8,5.27,4.95,16.77,25.35,16.69,1,0,INCREASE REPLENISHMENT,3.0,REACTIVE (Below ROP)
2020-03-13,N02BA,,1.31,3.97,6.91,5.6,5.09,17.0,25.82,17.75,0,0,INCREASE REPLENISHMENT,5.0,PROACTIVE (Forward Shortfall)
2020-03-14,N02BA,,1.57,4.02,6.79,5.22,4.8,16.86,25.17,14.78,1,0,INCREASE REPLENISHMENT,3.0,REACTIVE (Below ROP)
2020-03-15,N02BA,,1.33,4.14,7.54,6.21,5.89,18.31,28.51,13.76,1,0,INCREASE REPLENISHMENT,7.0,REACTIVE (Below ROP)
2020-03-16,N02BA,,1.52,4.18,7.38,5.86,5.54,18.08,27.68,14.62,1,0,INCREASE REPLENISHMENT,4.0,REACTIVE (Below ROP)
2020-03-17,N02BA,,1.34,4.14,7.22,5.88,5.33,17.75,26.99,13.44,1,0,INCREASE REPLENISHMENT,3.0,REACTIVE (Below ROP)
2020-03-18,N02BA,,1.39,4.08,7.13,5.74,5.28,17.52,26.67,16.3,1,0,INCREASE REPLENISHMENT,4.0,REACTIVE (Below ROP)
2020-03-19,N02BA,,1.24,4.03,7.3,6.06,5.66,17.75,27.56,16.22,1,0,INCREASE REPLENISHMENT,5.0,REACTIVE (Below ROP)
2020-03-20,N02BA,,1.25,4.03,7.46,6.21,5.94,18.03,28.32,15.19,1,0,INCREASE REPLENISHMENT,5.0,REACTIVE (Below ROP)
2020-03-21,N02BA,,1.36,4.07,7.17,5.81,5.37,17.58,26.88,15.16,1,0,INCREASE REPLENISHMENT,2.0,REACTIVE (Below ROP)
2020-03-22,N02BA,,1.4,4.15,6.8,5.4,4.59,17.04,24.99,16.09,1,0,INCREASE REPLENISHMENT,2.0,REACTIVE (Below ROP)
2020-03-23,N02BA,,1.11,2.63,7.21,6.1,7.93,15.82,29.56,16.94,0,0,INCREASE REPLENISHMENT,9.0,PROACTIVE (Forward Shortfall)
2020-03-24,N02BA,,1.47,4.04,7.41,5.94,5.84,17.96,28.07,16.31,1,0,INCREASE REPLENISHMENT,1.0,REACTIVE (Below ROP)
2020-03-25,N02BA,,1.72,3.92,7.08,5.36,5.47,17.23,26.71,14.27,1,0,INCREASE REPLENISHMENT,3.0,REACTIVE (Below ROP)
2020-03-26,N02BA,,1.39,3.95,7.18,5.79,5.59,17.44,27.13,19.35,0,0,INCREASE REPLENISHMENT,4.0,PROACTIVE (Forward Shortfall)
2020-03-27,N02BA,,1.73,4.01,7.55,5.82,6.13,18.16,28.78,16.4,1,0,INCREASE REPLENISHMENT,6.0,REACTIVE (Below ROP)
2020-03-28,N02BA,,1.49,4.01,6.9,5.41,5.01,17.04,25.71,15.39,1,0,INCREASE REPLENISHMENT,1.0,REACTIVE (Below ROP)
2020-03-29,N02BA,,1.42,4.08,7.69,6.27,6.25,18.49,29.32,15.38,1,0,INCREASE REPLENISHMENT,7.0,REACTIVE (Below ROP)
2020-03-30,N02BA,,1.27,3.64,7.29,6.02,6.32,17.24,28.19,17.3,0,0,INCREASE REPLENISHMENT,3.0,PROACTIVE (Forward Shortfall)
2020-03-31,N02BA,,1.57,4.19,7.41,5.84,5.58,18.15,27.81,14.66,1,0,INCREASE REPLENISHMENT,4.0,REACTIVE (Below ROP)
2020-04-01,N02BA,,1.47,4.13,7.43,5.96,5.72,18.11,28.01,17.47,1,0,INCREASE REPLENISHMENT,4.0,REACTIVE (Below ROP)
2020-04-02,N02BA,,1.33,4.19,7.48,6.15,5.7,18.27,28.14,16.34,1,0,INCREASE REPLENISHMENT,4.0,REACTIVE (Below ROP)
2020-04-03,N02BA,,1.43,3.98,7.52,6.09,6.13,18.07,28.69,16.15,1,0,INCREASE REPLENISHMENT,5.0,REACTIVE (Below ROP)
2020-04-04,N02BA,,1.42,4.18,7.41,5.99,5.59,18.13,27.82,16.17,1,0,INCREASE REPLENISHMENT,3.0,REACTIVE (Below ROP)
2020-04-05,N02BA,,1.41,4.04,7.5,6.09,5.99,18.11,28.49,15.99,1,0,INCREASE REPLENISHMENT,5.0,REACTIVE (Below ROP)
2020-04-06,N02BA,,1.43,4.21,7.43,6.0,5.58,18.21,27.87,16.95,1,0,INCREASE REPLENISHMENT,3.0,REACTIVE (Below ROP)
2020-04-07,N02BA,,1.32,4.18,7.49,6.17,5.73,18.27,28.2,15.74,1,0,INCREASE REPLENISHMENT,5.0,REACTIVE (Below ROP)
2020-04-08,N02BA,,1.31,4.12,7.45,6.14,5.77,18.13,28.12,16.56,1,0,INCREASE REPLENISHMENT,4.0,REACTIVE (Below ROP)
2020-04-09,N02BA,,1.35,4.06,7.44,6.09,5.85,18.03,28.17,15.44,1,0,INCREASE REPLENISHMENT,4.0,REACTIVE (Below ROP)
2020-04-10,N02BA,,1.27,4.07,7.39,6.12,5.75,17.96,27.92,16.38,1,0,INCREASE REPLENISHMENT,4.0,REACTIVE (Below ROP)
2020-04-11,N02BA,,1.33,3.99,7.38,6.05,5.87,17.84,28.01,16.31,1,0,INCREASE REPLENISHMENT,4.0,REACTIVE (Below ROP)
2020-04-12,N02BA,,1.43,4.15,7.49,6.06,5.79,18.24,28.26,16.32,1,0,INCREASE REPLENISHMENT,4.0,REACTIVE (Below ROP)
2020-04-13,N02BA,,1.3,4.18,7.3,6.0,5.4,17.94,27.3,16.17,1,0,INCREASE REPLENISHMENT,4.0,REACTIVE (Below ROP)
2020-04-14,N02BA,,1.77,4.12,7.26,5.49,5.44,17.8,27.22,15.99,1,0,INCREASE REPLENISHMENT,4.0,REACTIVE (Below ROP)
2020-04-15,N02BA,,1.31,4.13,7.17,5.86,5.27,17.66,26.78,15.87,1,0,INCREASE REPLENISHMENT,3.0,REACTIVE (Below ROP)
2020-04-16,N02BA,,1.35,4.07,7.44,6.09,5.84,18.05,28.16,15.74,1,0,INCREASE REPLENISHMENT,6.0,REACTIVE (Below ROP)
2020-04-17,N02BA,,1.33,4.06,7.45,6.12,5.87,18.05,28.22,15.67,1,0,INCREASE REPLENISHMENT,4.0,REACTIVE (Below ROP)
2020-04-18,N02BA,,1.35,4.11,7.42,6.07,5.73,18.06,27.99,14.61,1,0,INCREASE REPLENISHMENT,4.0,REACTIVE (Below ROP)
2020-04-19,N02BA,,1.32,4.15,7.34,6.02,5.53,17.98,27.55,16.5,1,0,INCREASE REPLENISHMENT,4.0,REACTIVE (Below ROP)
2020-04-20,N02BA,,1.3,4.16,7.35,6.05,5.53,18.01,27.58,16.35,1,0,INCREASE REPLENISHMENT,4.0,REACTIVE (Below ROP)
2020-04-21,N02BA,,1.32,4.18,7.5,6.18,5.75,18.29,28.25,16.19,1,0,INCREASE REPLENISHMENT,5.0,REACTIVE (Below ROP)
2020-04-22,N02BA,,1.31,4.12,7.44,6.13,5.75,18.11,28.07,16.01,1,0,INCREASE REPLENISHMENT,4.0,REACTIVE (Below ROP)
2020-04-23,N02BA,,1.22,4.06,7.23,6.01,5.49,17.67,27.18,15.89,1,0,INCREASE REPLENISHMENT,3.0,REACTIVE (Below ROP)
2020-04-24,N02BA,,1.23,4.06,7.27,6.04,5.56,17.74,27.37,16.83,1,0,INCREASE REPLENISHMENT,4.0,REACTIVE (Below ROP)
2020-04-25,N02BA,,1.45,4.13,7.46,6.01,5.77,18.16,28.15,16.77,1,0,INCREASE REPLENISHMENT,5.0,REACTIVE (Below ROP)
2020-04-26,N02BA,,1.44,4.18,7.56,6.12,5.85,18.39,28.53,15.64,1,0,INCREASE REPLENISHMENT,4.0,REACTIVE (Below ROP)
2020-04-27,N02BA,,1.36,4.17,7.54,6.18,5.84,18.35,28.46,15.46,1,0,INCREASE REPLENISHMENT,5.0,REACTIVE (Below ROP)
2020-04-28,N02BA,,1.3,4.19,7.53,6.23,5.79,18.36,28.38,16.29,1,0,INCREASE REPLENISHMENT,4.0,REACTIVE (Below ROP)
2020-04-29,N02BA,,1.36,4.13,7.36,6.0,5.59,17.98,27.67,16.1,1,0,INCREASE REPLENISHMENT,3.0,REACTIVE (Below ROP)
2020-04-30,N02BA,,1.19,4.08,7.28,6.09,5.54,17.78,27.38,16.97,1,0,INCREASE REPLENISHMENT,4.0,REACTIVE (Below ROP)
2020-05-01,N02BA,,1.23,4.08,7.49,6.26,5.91,18.15,28.38,16.89,1,0,INCREASE REPLENISHMENT,5.0,REACTIVE (Below ROP)
2020-05-02,N02BA,,1.45,4.13,7.53,6.08,5.89,18.28,28.48,15.81,1,0,INCREASE REPLENISHMENT,4.0,REACTIVE (Below ROP)
2020-05-03,N02BA,,1.33,4.19,7.57,6.24,5.85,18.42,28.56,15.68,1,0,INCREASE REPLENISHMENT,4.0,REACTIVE (Below ROP)
2020-05-04,N02BA,,1.25,4.17,7.5,6.25,5.77,18.28,28.27,16.49,1,0,INCREASE REPLENISHMENT,4.0,REACTIVE (Below ROP)
2020-05-05,N02BA,,1.4,4.18,7.61,6.21,5.94,18.48,28.77,16.32,1,0,INCREASE REPLENISHMENT,5.0,REACTIVE (Below ROP)
2020-05-06,N02BA,,1.76,4.05,7.18,5.42,5.42,17.57,26.96,16.14,1,0,INCREASE REPLENISHMENT,2.0,REACTIVE (Below ROP)
2020-05-07,N02BA,,1.2,4.05,7.19,5.99,5.44,17.59,27.01,16.09,1,0,INCREASE REPLENISHMENT,4.0,REACTIVE (Below ROP)
2020-05-08,N02BA,,1.22,4.07,7.43,6.21,5.82,18.03,28.11,17.04,1,0,INCREASE REPLENISHMENT,6.0,REACTIVE (Below ROP)
2020-05-09,N02BA,,1.45,4.14,7.53,6.08,5.87,18.29,28.46,14.97,1,0,INCREASE REPLENISHMENT,4.0,REACTIVE (Below ROP)
2020-05-10,N02BA,,1.34,4.18,7.55,6.21,5.84,18.38,28.49,14.83,1,0,INCREASE REPLENISHMENT,4.0,REACTIVE (Below ROP)
2020-05-11,N02BA,,1.3,4.16,7.46,6.16,5.72,18.2,28.1,16.65,1,0,INCREASE REPLENISHMENT,4.0,REACTIVE (Below ROP)
2020-05-12,N02BA,,1.3,4.17,7.56,6.26,5.87,18.38,28.55,16.49,1,0,INCREASE REPLENISHMENT,5.0,REACTIVE (Below ROP)
2020-05-13,N02BA,,1.27,4.12,7.23,5.96,5.39,17.75,27.08,16.32,1,0,INCREASE REPLENISHMENT,2.0,REACTIVE (Below ROP)
2020-05-14,N02BA,,1.19,4.06,7.38,6.19,5.75,17.93,27.89,16.2,1,0,INCREASE REPLENISHMENT,5.0,REACTIVE (Below ROP)
2020-05-15,N02BA,,1.2,4.06,7.28,6.08,5.58,17.76,27.42,17.14,1,0,INCREASE REPLENISHMENT,4.0,REACTIVE (Below ROP)
2020-05-16,N02BA,,1.33,4.12,7.24,5.91,5.4,17.76,27.12,15.08,1,0,INCREASE REPLENISHMENT,4.0,REACTIVE (Below ROP)
2020-05-17,N02BA,,1.32,4.17,7.49,6.17,5.75,18.26,28.22,15.96,1,0,INCREASE REPLENISHMENT,5.0,REACTIVE (Below ROP)
2020-05-18,N02BA,,1.24,4.16,7.38,6.14,5.58,18.06,27.72,15.79,1,0,INCREASE REPLENISHMENT,3.0,REACTIVE (Below ROP)
2020-05-19,N02BA,,1.28,4.17,7.54,6.26,5.84,18.35,28.46,15.63,1,0,INCREASE REPLENISHMENT,5.0,REACTIVE (Below ROP)
2020-05-20,N02BA,,1.33,4.12,7.5,6.17,5.85,18.21,28.35,16.46,1,0,INCREASE REPLENISHMENT,4.0,REACTIVE (Below ROP)
2020-05-21,N02BA,,1.19,4.06,7.23,6.04,5.49,17.67,27.18,15.34,1,0,INCREASE REPLENISHMENT,3.0,REACTIVE (Below ROP)
2020-05-22,N02BA,,1.2,3.95,7.39,6.19,5.96,17.81,28.13,16.28,1,0,INCREASE REPLENISHMENT,5.0,REACTIVE (Below ROP)
2020-05-23,N02BA,,1.35,4.12,7.28,5.93,5.47,17.83,27.31,16.33,1,0,INCREASE REPLENISHMENT,3.0,REACTIVE (Below ROP)
2020-05-24,N02BA,,1.33,4.17,7.46,6.13,5.7,18.21,28.08,15.21,1,0,INCREASE REPLENISHMENT,5.0,REACTIVE (Below ROP)
2020-05-25,N02BA,,1.28,4.16,7.34,6.06,5.51,17.99,27.53,16.04,1,0,INCREASE REPLENISHMENT,4.0,REACTIVE (Below ROP)
2020-05-26,N02BA,,1.41,4.17,7.59,6.18,5.92,18.43,28.69,14.88,1,0,INCREASE REPLENISHMENT,5.0,REACTIVE (Below ROP)
2020-05-27,N02BA,,1.29,4.11,7.19,5.9,5.33,17.66,26.9,15.71,1,0,INCREASE REPLENISHMENT,3.0,REACTIVE (Below ROP)
2020-05-28,N02BA,,1.18,4.05,7.21,6.03,5.47,17.62,27.1,15.6,1,0,INCREASE REPLENISHMENT,4.0,REACTIVE (Below ROP)
2020-05-29,N02BA,,1.21,4.07,7.49,6.28,5.92,18.13,28.39,16.55,1,0,INCREASE REPLENISHMENT,5.0,REACTIVE (Below ROP)
2020-05-30,N02BA,,1.31,4.1,7.17,5.86,5.32,17.62,26.83,15.48,1,0,INCREASE REPLENISHMENT,3.0,REACTIVE (Below ROP)
2020-05-31,N02BA,,1.29,4.17,7.42,6.13,5.63,18.14,27.89,15.38,1,0,INCREASE REPLENISHMENT,5.0,REACTIVE (Below ROP)
2020-06-01,N02BA,,1.29,4.16,7.5,6.21,5.79,18.27,28.29,16.21,1,0,INCREASE REPLENISHMENT,5.0,REACTIVE (Below ROP)
2020-06-02,N02BA,,1.25,4.17,7.34,6.09,5.49,18.0,27.51,15.05,1,0,INCREASE REPLENISHMENT,3.0,REACTIVE (Below ROP)
2020-06-03,N02BA,,1.24,4.12,7.18,5.94,5.3,17.66,26.84,15.88,1,0,INCREASE REPLENISHMENT,3.0,REACTIVE (Below ROP)
2020-06-04,N02BA,,1.26,4.06,7.42,6.16,5.82,18.0,28.08,16.76,1,0,INCREASE REPLENISHMENT,6.0,REACTIVE (Below ROP)
2020-06-05,N02BA,,1.13,4.05,7.19,6.06,5.44,17.59,27.01,15.7,1,0,INCREASE REPLENISHMENT,3.0,REACTIVE (Below ROP)
2020-06-06,N02BA,,1.31,4.11,7.35,6.04,5.61,17.94,27.66,14.65,1,0,INCREASE REPLENISHMENT,5.0,REACTIVE (Below ROP)
2020-06-07,N02BA,,1.26,4.17,7.5,6.24,5.77,18.28,28.27,16.54,1,0,INCREASE REPLENISHMENT,4.0,REACTIVE (Below ROP)
2020-06-08,N02BA,,1.19,4.16,7.33,6.14,5.49,17.97,27.48,15.37,1,0,INCREASE REPLENISHMENT,4.0,REACTIVE (Below ROP)
2020-06-09,N02BA,,1.24,4.17,7.3,6.06,5.42,17.93,27.32,16.21,1,0,INCREASE REPLENISHMENT,4.0,REACTIVE (Below ROP)
2020-06-10,N02BA,,1.21,4.12,7.19,5.98,5.32,17.68,26.89,16.04,1,0,INCREASE REPLENISHMENT,3.0,REACTIVE (Below ROP)
2020-06-11,N02BA,,1.1,4.06,7.22,6.12,5.47,17.65,27.13,15.92,1,0,INCREASE REPLENISHMENT,5.0,REACTIVE (Below ROP)
2020-06-12,N02BA,,1.73,3.98,7.18,5.45,5.54,17.48,27.08,15.86,1,0,INCREASE REPLENISHMENT,4.0,REACTIVE (Below ROP)
2020-06-13,N02BA,,1.28,4.11,7.2,5.92,5.35,17.68,26.95,14.88,1,0,INCREASE REPLENISHMENT,4.0,REACTIVE (Below ROP)
2020-06-14,N02BA,,1.27,4.17,7.5,6.23,5.77,18.28,28.27,15.77,1,0,INCREASE REPLENISHMENT,5.0,REACTIVE (Below ROP)
2020-06-15,N02BA,,1.19,4.16,7.43,6.24,5.66,18.14,27.95,15.6,1,0,INCREASE REPLENISHMENT,4.0,REACTIVE (Below ROP)
2020-06-16,N02BA,,1.32,4.17,7.55,6.23,5.85,18.36,28.5,15.44,1,0,INCREASE REPLENISHMENT,5.0,REACTIVE (Below ROP)
2020-06-17,N02BA,,1.22,4.12,7.43,6.21,5.73,18.09,28.02,16.27,1,0,INCREASE REPLENISHMENT,3.0,REACTIVE (Below ROP)
2020-06-18,N02BA,,1.11,4.06,7.33,6.22,5.66,17.84,27.65,16.15,1,0,INCREASE REPLENISHMENT,4.0,REACTIVE (Below ROP)
2020-06-19,N02BA,,1.13,4.06,7.28,6.15,5.58,17.76,27.42,17.09,1,0,INCREASE REPLENISHMENT,4.0,REACTIVE (Below ROP)
2020-06-20,N02BA,,1.29,4.11,7.42,6.13,5.73,18.06,27.99,16.03,1,0,INCREASE REPLENISHMENT,4.0,REACTIVE (Below ROP)
2020-06-21,N02BA,,1.32,4.16,7.14,5.82,5.16,17.64,26.58,15.92,1,0,INCREASE REPLENISHMENT,3.0,REACTIVE (Below ROP)
2020-06-22,N02BA,,1.14,4.15,7.39,6.25,5.61,18.06,27.78,15.76,1,0,INCREASE REPLENISHMENT,6.0,REACTIVE (Below ROP)
2020-06-23,N02BA,,1.17,4.13,7.48,6.31,5.8,18.19,28.24,15.61,1,0,INCREASE REPLENISHMENT,4.0,REACTIVE (Below ROP)
2020-06-24,N02BA,,1.16,4.08,7.37,6.21,5.7,17.94,27.81,14.48,1,0,INCREASE REPLENISHMENT,4.0,REACTIVE (Below ROP)
2020-06-25,N02BA,,1.06,4.02,7.26,6.2,5.61,17.67,27.39,16.4,1,0,INCREASE REPLENISHMENT,3.0,REACTIVE (Below ROP)
2020-06-26,N02BA,,1.25,4.03,7.43,6.18,5.89,17.98,28.18,16.38,1,0,INCREASE REPLENISHMENT,5.0,REACTIVE (Below ROP)
2020-06-27,N02BA,,1.21,4.08,7.42,6.21,5.79,18.03,28.05,16.35,1,0,INCREASE REPLENISHMENT,4.0,REACTIVE (Below ROP)
2020-06-28,N02BA,,1.19,4.09,7.39,6.2,5.72,17.99,27.89,15.27,1,0,INCREASE REPLENISHMENT,4.0,REACTIVE (Below ROP)
2020-06-29,N02BA,,1.11,4.09,7.49,6.38,5.89,18.16,28.36,16.18,1,0,INCREASE REPLENISHMENT,5.0,REACTIVE (Below ROP)
2020-06-30,N02BA,,1.16,4.09,7.52,6.36,5.94,18.21,28.5,16.09,1,0,INCREASE REPLENISHMENT,4.0,REACTIVE (Below ROP)
2020-07-01,N02BA,,1.15,4.07,7.2,6.05,5.42,17.63,27.02,16.0,1,0,INCREASE REPLENISHMENT,3.0,REACTIVE (Below ROP)
2020-07-02,N02BA,,1.07,3.98,7.28,6.21,5.72,17.66,27.56,16.93,1,0,INCREASE REPLENISHMENT,4.0,REACTIVE (Below ROP)
2020-07-03,N02BA,,1.1,3.99,7.31,6.21,5.75,17.72,27.68,16.95,1,0,INCREASE REPLENISHMENT,4.0,REACTIVE (Below ROP)
2020-07-04,N02BA,,1.2,4.04,7.42,6.22,5.85,17.97,28.11,15.96,1,0,INCREASE REPLENISHMENT,5.0,REACTIVE (Below ROP)
2020-07-05,N02BA,,1.21,4.09,7.32,6.11,5.59,17.86,27.55,15.92,1,0,INCREASE REPLENISHMENT,3.0,REACTIVE (Below ROP)
2020-07-06,N02BA,,1.14,4.11,7.39,6.25,5.68,18.01,27.85,15.83,1,0,INCREASE REPLENISHMENT,5.0,REACTIVE (Below ROP)
2020-07-07,N02BA,,1.21,4.09,7.56,6.35,6.01,18.28,28.69,16.72,1,0,INCREASE REPLENISHMENT,4.0,REACTIVE (Below ROP)
2020-07-08,N02BA,,1.15,4.04,7.29,6.14,5.63,17.75,27.5,15.63,1,0,INCREASE REPLENISHMENT,3.0,REACTIVE (Below ROP)
2020-07-09,N02BA,,1.07,4.01,7.3,6.23,5.7,17.73,27.6,16.59,1,0,INCREASE REPLENISHMENT,5.0,REACTIVE (Below ROP)
2020-07-10,N02BA,,1.74,3.97,7.3,5.56,5.77,17.68,27.67,16.58,1,0,INCREASE REPLENISHMENT,4.0,REACTIVE (Below ROP)
2020-07-11,N02BA,,1.27,4.07,7.33,6.06,5.65,17.86,27.64,15.61,1,0,INCREASE REPLENISHMENT,4.0,REACTIVE (Below ROP)
2020-07-12,N02BA,,1.25,4.13,7.33,6.08,5.54,17.93,27.53,16.54,1,0,INCREASE REPLENISHMENT,3.0,REACTIVE (Below ROP)
2020-07-13,N02BA,,1.2,4.12,7.43,6.23,5.73,18.09,28.02,16.41,1,0,INCREASE REPLENISHMENT,5.0,REACTIVE (Below ROP)
2020-07-14,N02BA,,1.24,4.13,7.56,6.32,5.94,18.33,28.62,16.29,1,0,INCREASE REPLENISHMENT,5.0,REACTIVE (Below ROP)
2020-07-15,N02BA,,1.31,4.07,7.48,6.17,5.91,18.12,28.35,15.16,1,0,INCREASE REPLENISHMENT,4.0,REACTIVE (Below ROP)
2020-07-16,N02BA,,1.12,4.02,7.33,6.21,5.73,17.79,27.72,16.09,1,0,INCREASE REPLENISHMENT,3.0,REACTIVE (Below ROP)
2020-07-17,N02BA,,1.14,4.02,7.25,6.11,5.59,17.65,27.34,17.07,1,0,INCREASE REPLENISHMENT,4.0,REACTIVE (Below ROP)
2020-07-18,N02BA,,1.29,4.07,7.41,6.12,5.79,18.0,28.02,17.05,1,0,INCREASE REPLENISHMENT,4.0,REACTIVE (Below ROP)
2020-07-19,N02BA,,1.27,4.12,7.5,6.23,5.85,18.21,28.35,15.98,1,0,INCREASE REPLENISHMENT,5.0,REACTIVE (Below ROP)
2020-07-20,N02BA,,1.78,4.04,7.35,5.57,5.73,17.85,27.78,15.86,1,0,INCREASE REPLENISHMENT,3.0,REACTIVE (Below ROP)
2020-07-21,N02BA,,1.24,4.13,7.39,6.15,5.65,18.04,27.82,15.82,1,0,INCREASE REPLENISHMENT,5.0,REACTIVE (Below ROP)
2020-07-22,N02BA,,1.35,4.08,7.48,6.13,5.89,18.13,28.33,16.69,1,0,INCREASE REPLENISHMENT,4.0,REACTIVE (Below ROP)
2020-07-23,N02BA,,1.14,4.01,7.17,6.03,5.47,17.5,26.98,15.61,1,0,INCREASE REPLENISHMENT,3.0,REACTIVE (Below ROP)
2020-07-24,N02BA,,1.27,4.1,7.43,6.16,5.77,18.07,28.06,16.6,1,0,INCREASE REPLENISHMENT,5.0,REACTIVE (Below ROP)
2020-07-25,N02BA,,1.29,4.15,7.4,6.11,5.63,18.08,27.83,16.5,1,0,INCREASE REPLENISHMENT,4.0,REACTIVE (Below ROP)
2020-07-26,N02BA,,1.26,4.2,7.54,6.28,5.79,18.39,28.41,15.35,1,0,INCREASE REPLENISHMENT,5.0,REACTIVE (Below ROP)
2020-07-27,N02BA,,1.22,4.24,7.51,6.29,5.66,18.38,28.19,16.15,1,0,INCREASE REPLENISHMENT,4.0,REACTIVE (Below ROP)
2020-07-28,N02BA,,1.27,4.25,7.34,6.07,5.35,18.1,27.37,15.91,1,0,INCREASE REPLENISHMENT,3.0,REACTIVE (Below ROP)
2020-07-29,N02BA,,1.27,4.18,7.17,5.9,5.18,17.72,26.69,16.66,1,0,INCREASE REPLENISHMENT,4.0,REACTIVE (Below ROP)
2020-07-30,N02BA,,1.19,4.14,7.33,6.14,5.53,17.95,27.52,16.48,1,0,INCREASE REPLENISHMENT,5.0,REACTIVE (Below ROP)
2020-07-31,N02BA,,1.19,4.15,7.27,6.08,5.4,17.85,27.21,15.34,1,0,INCREASE REPLENISHMENT,3.0,REACTIVE (Below ROP)
2020-08-01,N02BA,,1.41,4.2,7.51,6.1,5.73,18.33,28.26,15.19,1,0,INCREASE REPLENISHMENT,6.0,REACTIVE (Below ROP)
2020-08-02,N02BA,,1.4,4.28,7.5,6.1,5.58,18.42,28.08,15.99,1,0,INCREASE REPLENISHMENT,4.0,REACTIVE (Below ROP)
2020-08-03,N02BA,,1.25,4.28,7.52,6.27,5.61,18.45,28.17,14.71,1,0,INCREASE REPLENISHMENT,4.0,REACTIVE (Below ROP)
2020-08-04,N02BA,,1.31,4.28,7.35,6.04,5.32,18.16,27.37,16.43,1,0,INCREASE REPLENISHMENT,3.0,REACTIVE (Below ROP)
2020-08-05,N02BA,,1.3,4.23,7.5,6.2,5.66,18.35,28.16,16.15,1,0,INCREASE REPLENISHMENT,6.0,REACTIVE (Below ROP)
2020-08-06,N02BA,,1.21,4.18,7.34,6.13,5.47,18.01,27.49,15.92,1,0,INCREASE REPLENISHMENT,3.0,REACTIVE (Below ROP)
2020-08-07,N02BA,,1.24,4.18,7.23,5.99,5.28,17.82,26.97,14.74,1,0,INCREASE REPLENISHMENT,4.0,REACTIVE (Below ROP)
2020-08-08,N02BA,,1.35,4.32,7.32,5.97,5.2,18.16,27.16,16.56,1,0,INCREASE REPLENISHMENT,4.0,REACTIVE (Below ROP)
2020-08-09,N02BA,,1.73,4.27,7.52,5.79,5.63,18.44,28.19,15.24,1,0,INCREASE REPLENISHMENT,5.0,REACTIVE (Below ROP)
2020-08-10,N02BA,,1.73,4.36,7.52,5.79,5.47,18.55,28.03,14.97,1,0,INCREASE REPLENISHMENT,5.0,REACTIVE (Below ROP)
2020-08-11,N02BA,,1.74,4.27,7.6,5.86,5.77,18.58,28.57,14.61,1,0,INCREASE REPLENISHMENT,4.0,REACTIVE (Below ROP)
2020-08-12,N02BA,,1.74,4.21,7.54,5.8,5.77,18.4,28.39,15.34,1,0,INCREASE REPLENISHMENT,5.0,REACTIVE (Below ROP)
2020-08-13,N02BA,,1.67,4.25,7.28,5.61,5.25,18.0,27.09,16.13,1,0,INCREASE REPLENISHMENT,2.0,REACTIVE (Below ROP)
2020-08-14,N02BA,,1.65,4.25,7.23,5.58,5.16,17.91,26.85,15.88,1,0,INCREASE REPLENISHMENT,4.0,REACTIVE (Below ROP)
2020-08-15,N02BA,,1.74,4.3,7.38,5.64,5.33,18.23,27.47,16.63,1,0,INCREASE REPLENISHMENT,5.0,REACTIVE (Below ROP)
2020-08-16,N02BA,,1.73,4.36,7.44,5.71,5.33,18.41,27.65,14.33,1,0,INCREASE REPLENISHMENT,5.0,REACTIVE (Below ROP)
2020-08-17,N02BA,,1.75,4.39,7.38,5.63,5.18,18.35,27.32,13.97,1,0,INCREASE REPLENISHMENT,4.0,REACTIVE (Below ROP)
2020-08-18,N02BA,,1.83,4.4,7.33,5.5,5.07,18.27,27.06,14.58,1,0,INCREASE REPLENISHMENT,4.0,REACTIVE (Below ROP)
2020-08-19,N02BA,,1.91,4.24,7.46,5.55,5.58,18.3,27.96,15.18,1,0,INCREASE REPLENISHMENT,5.0,REACTIVE (Below ROP)
2020-08-20,N02BA,,1.77,4.28,7.29,5.52,5.21,18.05,27.08,14.94,1,0,INCREASE REPLENISHMENT,4.0,REACTIVE (Below ROP)
2020-08-21,N02BA,,1.76,4.27,7.28,5.52,5.21,18.02,27.05,14.66,1,0,INCREASE REPLENISHMENT,4.0,REACTIVE (Below ROP)
2020-08-22,N02BA,,1.85,4.32,7.19,5.34,4.97,17.93,26.54,15.39,1,0,INCREASE REPLENISHMENT,4.0,REACTIVE (Below ROP)
2020-08-23,N02BA,,1.89,4.29,7.52,5.63,5.59,18.46,28.15,15.07,1,0,INCREASE REPLENISHMENT,6.0,REACTIVE (Below ROP)
2020-08-24,N02BA,,1.83,4.39,7.51,5.68,5.4,18.57,27.93,14.78,1,0,INCREASE REPLENISHMENT,4.0,REACTIVE (Below ROP)
2020-08-25,N02BA,,1.82,4.4,7.56,5.74,5.47,18.67,28.15,14.39,1,0,INCREASE REPLENISHMENT,4.0,REACTIVE (Below ROP)
2020-08-26,N02BA,,1.87,4.24,7.51,5.64,5.66,18.38,28.19,15.99,1,0,INCREASE REPLENISHMENT,5.0,REACTIVE (Below ROP)
2020-08-27,N02BA,,1.77,4.28,7.18,5.41,5.02,17.86,26.56,15.75,1,0,INCREASE REPLENISHMENT,2.0,REACTIVE (Below ROP)
2020-08-28,N02BA,,1.89,4.18,7.34,5.45,5.47,18.01,27.49,15.47,1,0,INCREASE REPLENISHMENT,6.0,REACTIVE (Below ROP)
2020-08-29,N02BA,,1.85,4.34,7.3,5.45,5.13,18.15,27.03,16.29,1,0,INCREASE REPLENISHMENT,3.0,REACTIVE (Below ROP)
2020-08-30,N02BA,,1.81,4.38,7.23,5.42,4.94,18.08,26.63,13.95,1,0,INCREASE REPLENISHMENT,4.0,REACTIVE (Below ROP)
2020-08-31,N02BA,,1.93,4.29,7.54,5.61,5.63,18.5,28.25,15.57,1,0,INCREASE REPLENISHMENT,6.0,REACTIVE (Below ROP)
2020-09-01,N02BA,,1.83,4.4,7.38,5.55,5.16,18.36,27.3,14.28,1,0,INCREASE REPLENISHMENT,4.0,REACTIVE (Below ROP)
2020-09-02,N02BA,,1.93,4.26,7.51,5.58,5.63,18.41,28.16,13.88,1,0,INCREASE REPLENISHMENT,5.0,REACTIVE (Below ROP)
2020-09-03,N02BA,,1.75,4.27,7.22,5.47,5.11,17.92,26.77,15.62,1,0,INCREASE REPLENISHMENT,3.0,REACTIVE (Below ROP)
2020-09-04,N02BA,,1.73,4.27,7.18,5.45,5.04,17.85,26.58,15.35,1,0,INCREASE REPLENISHMENT,4.0,REACTIVE (Below ROP)
2020-09-05,N02BA,,1.85,4.34,7.4,5.55,5.3,18.32,27.5,16.08,1,0,INCREASE REPLENISHMENT,5.0,REACTIVE (Below ROP)
2020-09-06,N02BA,,1.82,4.29,7.56,5.74,5.66,18.53,28.34,14.74,1,0,INCREASE REPLENISHMENT,5.0,REACTIVE (Below ROP)
2020-09-07,N02BA,,1.83,4.39,7.51,5.68,5.4,18.57,27.93,14.45,1,0,INCREASE REPLENISHMENT,4.0,REACTIVE (Below ROP)
2020-09-08,N02BA,,1.82,4.4,7.58,5.76,5.51,18.71,28.25,15.06,1,0,INCREASE REPLENISHMENT,5.0,REACTIVE (Below ROP)
2020-09-09,N02BA,,1.84,4.34,7.47,5.63,5.42,18.44,27.83,15.66,1,0,INCREASE REPLENISHMENT,4.0,REACTIVE (Below ROP)
2020-09-10,N02BA,,1.75,4.28,7.27,5.52,5.18,18.02,26.99,15.32,1,0,INCREASE REPLENISHMENT,3.0,REACTIVE (Below ROP)
2020-09-11,N02BA,,1.75,4.28,7.29,5.54,5.21,18.05,27.08,16.04,1,0,INCREASE REPLENISHMENT,5.0,REACTIVE (Below ROP)
2020-09-12,N02BA,,1.84,4.34,7.41,5.57,5.32,18.34,27.55,15.76,1,0,INCREASE REPLENISHMENT,4.0,REACTIVE (Below ROP)
2020-09-13,N02BA,,1.84,4.28,7.26,5.42,5.16,18.0,26.94,14.42,1,0,INCREASE REPLENISHMENT,4.0,REACTIVE (Below ROP)
2020-09-14,N02BA,,1.91,4.28,7.59,5.68,5.73,18.57,28.5,15.14,1,0,INCREASE REPLENISHMENT,6.0,REACTIVE (Below ROP)
2020-09-15,N02BA,,1.82,4.4,7.64,5.82,5.61,18.81,28.53,14.86,1,0,INCREASE REPLENISHMENT,4.0,REACTIVE (Below ROP)
2020-09-16,N02BA,,1.84,4.24,7.55,5.71,5.73,18.45,28.38,14.46,1,0,INCREASE REPLENISHMENT,4.0,REACTIVE (Below ROP)
2020-09-17,N02BA,,1.76,4.27,7.22,5.46,5.11,17.92,26.77,16.22,1,0,INCREASE REPLENISHMENT,3.0,REACTIVE (Below ROP)
2020-09-18,N02BA,,1.77,4.28,7.33,5.56,5.28,18.12,27.27,15.95,1,0,INCREASE REPLENISHMENT,5.0,REACTIVE (Below ROP)
2020-09-19,N02BA,,1.86,4.34,7.26,5.4,5.06,18.08,26.84,15.67,1,0,INCREASE REPLENISHMENT,4.0,REACTIVE (Below ROP)
2020-09-20,N02BA,,1.83,4.29,7.5,5.67,5.56,18.43,28.06,14.33,1,0,INCREASE REPLENISHMENT,5.0,REACTIVE (Below ROP)
2020-09-21,N02BA,,1.87,4.28,7.34,5.47,5.3,18.14,27.32,15.04,1,0,INCREASE REPLENISHMENT,4.0,REACTIVE (Below ROP)
2020-09-22,N02BA,,1.86,4.38,7.29,5.43,5.04,18.18,26.91,14.76,1,0,INCREASE REPLENISHMENT,4.0,REACTIVE (Below ROP)
2020-09-23,N02BA,,1.88,4.34,7.42,5.54,5.33,18.35,27.59,15.38,1,0,INCREASE REPLENISHMENT,5.0,REACTIVE (Below ROP)
2020-09-24,N02BA,,1.8,4.28,7.28,5.48,5.2,18.04,27.04,15.04,1,0,INCREASE REPLENISHMENT,4.0,REACTIVE (Below ROP)
2020-09-25,N02BA,,1.84,4.18,7.1,5.26,5.06,17.6,26.36,14.76,1,0,INCREASE REPLENISHMENT,3.0,REACTIVE (Below ROP)
2020-09-26,N02BA,,1.9,4.34,7.38,5.48,5.27,18.29,27.41,15.58,1,0,INCREASE REPLENISHMENT,5.0,REACTIVE (Below ROP)
2020-09-27,N02BA,,1.86,4.39,7.39,5.53,5.2,18.37,27.37,15.24,1,0,INCREASE REPLENISHMENT,5.0,REACTIVE (Below ROP)
2020-09-28,N02BA,,1.88,4.39,7.43,5.55,5.27,18.44,27.56,13.85,1,0,INCREASE REPLENISHMENT,4.0,REACTIVE (Below ROP)
2020-09-29,N02BA,,1.88,4.4,7.35,5.47,5.11,18.31,27.16,14.46,1,0,INCREASE REPLENISHMENT,4.0,REACTIVE (Below ROP)
2020-09-30,N02BA,,2.0,4.24,7.4,5.4,5.47,18.19,27.67,15.06,1,0,INCREASE REPLENISHMENT,5.0,REACTIVE (Below ROP)
2020-10-01,N02BA,,1.83,4.18,7.29,5.46,5.39,17.93,27.26,14.82,1,0,INCREASE REPLENISHMENT,4.0,REACTIVE (Below ROP)
2020-10-02,N02BA,,1.84,4.28,7.24,5.4,5.13,17.97,26.85,14.64,1,0,INCREASE REPLENISHMENT,4.0,REACTIVE (Below ROP)
2020-10-03,N02BA,,1.91,4.34,7.38,5.47,5.27,18.29,27.41,15.36,1,0,INCREASE REPLENISHMENT,5.0,REACTIVE (Below ROP)
2020-10-04,N02BA,,1.88,4.38,7.2,5.32,4.88,18.02,26.48,15.02,1,0,INCREASE REPLENISHMENT,3.0,REACTIVE (Below ROP)
2020-10-05,N02BA,,1.89,4.39,7.45,5.56,5.3,18.47,27.65,14.64,1,0,INCREASE REPLENISHMENT,6.0,REACTIVE (Below ROP)
2020-10-06,N02BA,,1.89,4.4,7.56,5.67,5.47,18.67,28.15,15.25,1,0,INCREASE REPLENISHMENT,4.0,REACTIVE (Below ROP)
2020-10-07,N02BA,,1.89,4.34,7.35,5.46,5.21,18.23,27.26,13.85,1,0,INCREASE REPLENISHMENT,4.0,REACTIVE (Below ROP)
2020-10-08,N02BA,,1.8,4.28,7.15,5.35,4.97,17.81,26.42,15.51,1,0,INCREASE REPLENISHMENT,3.0,REACTIVE (Below ROP)
2020-10-09,N02BA,,1.81,4.28,7.14,5.33,4.95,17.79,26.37,15.23,1,0,INCREASE REPLENISHMENT,5.0,REACTIVE (Below ROP)
2020-10-10,N02BA,,1.89,4.34,7.38,5.49,5.27,18.29,27.41,14.95,1,0,INCREASE REPLENISHMENT,5.0,REACTIVE (Below ROP)
2020-10-11,N02BA,,1.87,4.38,7.3,5.43,5.06,18.2,26.96,13.61,1,0,INCREASE REPLENISHMENT,4.0,REACTIVE (Below ROP)
2020-10-12,N02BA,,1.87,4.39,7.45,5.58,5.3,18.47,27.65,14.23,1,0,INCREASE REPLENISHMENT,5.0,REACTIVE (Below ROP)
2020-10-13,N02BA,,1.86,4.4,7.44,5.58,5.27,18.47,27.59,14.84,1,0,INCREASE REPLENISHMENT,4.0,REACTIVE (Below ROP)
2020-10-14,N02BA,,1.91,4.24,7.49,5.58,5.63,18.35,28.1,14.44,1,0,INCREASE REPLENISHMENT,5.0,REACTIVE (Below ROP)
2020-10-15,N02BA,,1.81,4.28,7.25,5.44,5.14,17.98,26.89,15.2,1,0,INCREASE REPLENISHMENT,3.0,REACTIVE (Below ROP)
2020-10-16,N02BA,,1.79,4.18,7.41,5.62,5.59,18.13,27.82,14.92,1,0,INCREASE REPLENISHMENT,5.0,REACTIVE (Below ROP)
2020-10-17,N02BA,,1.86,4.25,7.27,5.41,5.23,17.98,27.04,15.74,1,0,INCREASE REPLENISHMENT,4.0,REACTIVE (Below ROP)
2020-10-18,N02BA,,1.84,4.38,7.3,5.46,5.06,18.2,26.96,14.49,1,0,INCREASE REPLENISHMENT,4.0,REACTIVE (Below ROP)
2020-10-19,N02BA,,1.86,4.39,7.55,5.69,5.47,18.64,28.12,15.11,1,0,INCREASE REPLENISHMENT,6.0,REACTIVE (Below ROP)
2020-10-20,N02BA,,1.86,4.4,7.44,5.58,5.27,18.47,27.59,14.72,1,0,INCREASE REPLENISHMENT,3.0,REACTIVE (Below ROP)
2020-10-21,N02BA,,1.85,4.24,7.52,5.67,5.68,18.4,28.24,14.32,1,0,INCREASE REPLENISHMENT,5.0,REACTIVE (Below ROP)
2020-10-22,N02BA,,1.79,4.29,7.42,5.63,5.42,18.29,27.68,16.08,1,0,INCREASE REPLENISHMENT,4.0,REACTIVE (Below ROP)
2020-10-23,N02BA,,1.78,4.29,7.43,5.65,5.44,18.31,27.73,14.79,1,0,INCREASE REPLENISHMENT,4.0,REACTIVE (Below ROP)
2020-10-24,N02BA,,1.86,4.35,7.6,5.74,5.63,18.68,28.43,15.5,1,0,INCREASE REPLENISHMENT,5.0,REACTIVE (Below ROP)
2020-10-25,N02BA,,1.84,4.41,7.55,5.71,5.44,18.67,28.09,15.15,1,0,INCREASE REPLENISHMENT,4.0,REACTIVE (Below ROP)
2020-10-26,N02BA,,1.85,4.29,7.73,5.88,5.96,18.83,29.15,14.74,1,0,INCREASE REPLENISHMENT,6.0,REACTIVE (Below ROP)
2020-10-27,N02BA,,1.84,4.41,7.74,5.9,5.77,19.0,28.99,15.45,1,0,INCREASE REPLENISHMENT,4.0,REACTIVE (Below ROP)
2020-10-28,N02BA,,1.85,4.35,7.37,5.52,5.23,18.28,27.34,15.04,1,0,INCREASE REPLENISHMENT,3.0,REACTIVE (Below ROP)
2020-10-29,N02BA,,1.79,4.29,7.34,5.55,5.28,18.15,27.3,16.69,1,0,INCREASE REPLENISHMENT,4.0,REACTIVE (Below ROP)
2020-10-30,N02BA,,1.78,4.29,7.41,5.63,5.4,18.27,27.63,16.4,1,0,INCREASE REPLENISHMENT,5.0,REACTIVE (Below ROP)
2020-10-31,N02BA,,1.88,4.24,7.32,5.44,5.33,18.05,27.29,15.11,1,0,INCREASE REPLENISHMENT,4.0,REACTIVE (Below ROP)
2020-11-01,N02BA,,1.91,4.3,7.63,5.72,5.77,18.67,28.66,14.87,1,0,INCREASE REPLENISHMENT,5.0,REACTIVE (Below ROP)
2020-11-02,N02BA,,1.84,4.4,7.61,5.77,5.56,18.76,28.39,15.57,1,0,INCREASE REPLENISHMENT,4.0,REACTIVE (Below ROP)
2020-11-03,N02BA,,1.84,4.4,7.42,5.58,5.23,18.43,27.49,15.17,1,0,INCREASE REPLENISHMENT,4.0,REACTIVE (Below ROP)
2020-11-04,N02BA,,1.85,4.35,7.42,5.57,5.32,18.37,27.58,15.77,1,0,INCREASE REPLENISHMENT,4.0,REACTIVE (Below ROP)
2020-11-05,N02BA,,1.78,4.29,7.41,5.63,5.4,18.27,27.63,15.42,1,0,INCREASE REPLENISHMENT,5.0,REACTIVE (Below ROP)
2020-11-06,N02BA,,1.79,4.29,7.35,5.56,5.3,18.17,27.35,15.13,1,0,INCREASE REPLENISHMENT,4.0,REACTIVE (Below ROP)
2020-11-07,N02BA,,1.86,4.35,7.38,5.52,5.25,18.3,27.39,14.84,1,0,INCREASE REPLENISHMENT,4.0,REACTIVE (Below ROP)
2020-11-08,N02BA,,1.83,4.41,7.5,5.67,5.35,18.58,27.85,15.49,1,0,INCREASE REPLENISHMENT,5.0,REACTIVE (Below ROP)
2020-11-09,N02BA,,1.85,4.38,7.49,5.64,5.39,18.53,27.86,15.08,1,0,INCREASE REPLENISHMENT,4.0,REACTIVE (Below ROP)
2020-11-10,N02BA,,1.83,4.41,7.67,5.84,5.65,18.88,28.66,14.7,1,0,INCREASE REPLENISHMENT,5.0,REACTIVE (Below ROP)
2020-11-11,N02BA,,1.83,4.35,7.37,5.54,5.23,18.28,27.34,15.29,1,0,INCREASE REPLENISHMENT,4.0,REACTIVE (Below ROP)
2020-11-12,N02BA,,1.84,4.19,7.27,5.43,5.33,17.9,27.14,14.94,1,0,INCREASE REPLENISHMENT,4.0,REACTIVE (Below ROP)
2020-11-13,N02BA,,1.79,4.29,7.29,5.5,5.2,18.07,27.07,15.75,1,0,INCREASE REPLENISHMENT,4.0,REACTIVE (Below ROP)
2020-11-14,N02BA,,1.84,4.34,7.48,5.64,5.44,18.46,27.88,15.46,1,0,INCREASE REPLENISHMENT,5.0,REACTIVE (Below ROP)
2020-11-15,N02BA,,1.83,4.4,7.53,5.7,5.42,18.62,28.01,15.12,1,0,INCREASE REPLENISHMENT,4.0,REACTIVE (Below ROP)
2020-11-16,N02BA,,1.84,4.39,7.51,5.67,5.4,18.57,27.93,14.72,1,0,INCREASE REPLENISHMENT,5.0,REACTIVE (Below ROP)
2020-11-17,N02BA,,1.84,4.41,7.61,5.77,5.54,18.77,28.37,15.33,1,0,INCREASE REPLENISHMENT,5.0,REACTIVE (Below ROP)
2020-11-18,N02BA,,1.84,4.35,7.46,5.62,5.39,18.44,27.77,14.92,1,0,INCREASE REPLENISHMENT,3.0,REACTIVE (Below ROP)
2020-11-19,N02BA,,1.77,4.19,7.44,5.67,5.63,18.2,27.95,15.57,1,0,INCREASE REPLENISHMENT,5.0,REACTIVE (Below ROP)
2020-11-20,N02BA,,1.77,4.19,7.45,5.68,5.65,18.22,28.0,16.38,1,0,INCREASE REPLENISHMENT,4.0,REACTIVE (Below ROP)
2020-11-21,N02BA,,1.85,4.35,7.41,5.56,5.3,18.35,27.53,15.19,1,0,INCREASE REPLENISHMENT,4.0,REACTIVE (Below ROP)
2020-11-22,N02BA,,1.82,4.4,7.46,5.64,5.3,18.5,27.68,15.84,1,0,INCREASE REPLENISHMENT,4.0,REACTIVE (Below ROP)
2020-11-23,N02BA,,1.84,4.29,7.65,5.81,5.82,18.69,28.77,15.44,1,0,INCREASE REPLENISHMENT,6.0,REACTIVE (Below ROP)
2020-11-24,N02BA,,1.84,4.4,7.53,5.69,5.42,18.62,28.01,15.15,1,0,INCREASE REPLENISHMENT,3.0,REACTIVE (Below ROP)
2020-11-25,N02BA,,1.84,4.34,7.51,5.67,5.49,18.51,28.02,14.75,1,0,INCREASE REPLENISHMENT,5.0,REACTIVE (Below ROP)
2020-11-26,N02BA,,1.78,4.28,7.35,5.57,5.32,18.16,27.37,16.41,1,0,INCREASE REPLENISHMENT,3.0,REACTIVE (Below ROP)
2020-11-27,N02BA,,1.78,4.28,7.31,5.53,5.25,18.09,27.18,15.13,1,0,INCREASE REPLENISHMENT,5.0,REACTIVE (Below ROP)
2020-11-28,N02BA,,1.86,4.28,7.33,5.47,5.28,18.12,27.27,15.85,1,0,INCREASE REPLENISHMENT,4.0,REACTIVE (Below ROP)
2020-11-29,N02BA,,1.83,4.36,7.43,5.6,5.32,18.4,27.61,14.57,1,0,INCREASE REPLENISHMENT,5.0,REACTIVE (Below ROP)
2020-11-30,N02BA,,1.84,4.35,7.59,5.75,5.61,18.66,28.38,15.21,1,0,INCREASE REPLENISHMENT,5.0,REACTIVE (Below ROP)
2020-12-01,N02BA,,1.84,4.36,7.62,5.78,5.65,18.73,28.51,14.86,1,0,INCREASE REPLENISHMENT,4.0,REACTIVE (Below ROP)
2020-12-02,N02BA,,1.83,4.3,7.49,5.66,5.53,18.43,28.0,15.5,1,0,INCREASE REPLENISHMENT,4.0,REACTIVE (Below ROP)
2020-12-03,N02BA,,1.78,4.24,7.44,5.66,5.54,18.26,27.86,16.2,1,0,INCREASE REPLENISHMENT,4.0,REACTIVE (Below ROP)
2020-12-04,N02BA,,1.78,4.24,7.34,5.56,5.37,18.09,27.39,15.96,1,0,INCREASE REPLENISHMENT,4.0,REACTIVE (Below ROP)
2020-12-05,N02BA,,1.86,4.3,7.4,5.54,5.37,18.27,27.57,15.72,1,0,INCREASE REPLENISHMENT,4.0,REACTIVE (Below ROP)
2020-12-06,N02BA,,1.83,4.35,7.56,5.73,5.56,18.61,28.24,15.42,1,0,INCREASE REPLENISHMENT,5.0,REACTIVE (Below ROP)
2020-12-07,N02BA,,1.84,4.29,7.54,5.7,5.63,18.5,28.25,15.07,1,0,INCREASE REPLENISHMENT,5.0,REACTIVE (Below ROP)
2020-12-08,N02BA,,1.84,4.32,7.64,5.8,5.75,18.71,28.67,14.78,1,0,INCREASE REPLENISHMENT,4.0,REACTIVE (Below ROP)
2020-12-09,N02BA,,1.94,4.16,7.56,5.62,5.89,18.37,28.57,15.46,1,0,INCREASE REPLENISHMENT,5.0,REACTIVE (Below ROP)
2020-12-10,N02BA,,1.89,4.09,7.53,5.64,5.96,18.23,28.55,16.3,1,0,INCREASE REPLENISHMENT,4.0,REACTIVE (Below ROP)
2020-12-11,N02BA,,1.76,4.2,7.48,5.72,5.68,18.28,28.12,16.21,1,0,INCREASE REPLENISHMENT,3.0,REACTIVE (Below ROP)
2020-12-12,N02BA,,1.85,4.24,7.42,5.57,5.51,18.23,27.77,17.01,1,0,INCREASE REPLENISHMENT,4.0,REACTIVE (Below ROP)
2020-12-13,N02BA,,1.83,4.28,7.37,5.54,5.35,18.19,27.46,16.77,1,0,INCREASE REPLENISHMENT,4.0,REACTIVE (Below ROP)
2020-12-14,N02BA,,1.83,4.29,7.56,5.73,5.66,18.53,28.34,15.49,1,0,INCREASE REPLENISHMENT,5.0,REACTIVE (Below ROP)
2020-12-15,N02BA,,1.79,4.2,7.66,5.87,5.99,18.59,28.97,15.2,1,0,INCREASE REPLENISHMENT,5.0,REACTIVE (Below ROP)
2020-12-16,N02BA,,1.88,4.04,7.61,5.73,6.18,18.3,29.01,15.0,1,0,INCREASE REPLENISHMENT,5.0,REACTIVE (Below ROP)
2020-12-17,N02BA,,1.34,4.08,7.5,6.16,5.92,18.16,28.42,15.96,1,0,INCREASE REPLENISHMENT,3.0,REACTIVE (Below ROP)
2020-12-18,N02BA,,1.49,4.04,7.41,5.92,5.84,17.96,28.07,16.88,1,0,INCREASE REPLENISHMENT,4.0,REACTIVE (Below ROP)
2020-12-19,N02BA,,1.58,4.13,7.5,5.92,5.84,18.23,28.34,17.84,1,0,INCREASE REPLENISHMENT,4.0,REACTIVE (Below ROP)
2020-12-20,N02BA,,1.6,4.18,7.54,5.94,5.82,18.36,28.44,16.71,1,0,INCREASE REPLENISHMENT,4.0,REACTIVE (Below ROP)
2020-12-21,N02BA,,1.61,4.17,7.73,6.12,6.17,18.68,29.36,16.53,1,0,INCREASE REPLENISHMENT,5.0,REACTIVE (Below ROP)
2020-12-22,N02BA,,1.62,4.16,7.63,6.01,6.01,18.49,28.9,16.36,1,0,INCREASE REPLENISHMENT,4.0,REACTIVE (Below ROP)
2020-12-23,N02BA,,1.18,4.0,7.4,6.22,5.89,17.89,28.09,16.2,1,0,INCREASE REPLENISHMENT,3.0,REACTIVE (Below ROP)
2020-12-24,N02BA,,1.18,4.03,7.5,6.32,6.01,18.1,28.51,17.2,1,0,INCREASE REPLENISHMENT,5.0,REACTIVE (Below ROP)
2020-12-25,N02BA,,1.14,4.03,7.61,6.47,6.2,18.29,29.03,17.17,1,0,INCREASE REPLENISHMENT,4.0,REACTIVE (Below ROP)
2020-12-26,N02BA,,1.57,4.08,7.54,5.97,5.99,18.23,28.61,16.14,1,0,INCREASE REPLENISHMENT,4.0,REACTIVE (Below ROP)
2020-12-27,N02BA,,1.57,4.11,7.79,6.22,6.37,18.7,29.74,17.06,1,0,INCREASE REPLENISHMENT,5.0,REACTIVE (Below ROP)
2020-12-28,N02BA,,1.48,4.04,7.73,6.25,6.39,18.51,29.58,16.95,1,0,INCREASE REPLENISHMENT,4.0,REACTIVE (Below ROP)
2020-12-29,N02BA,,1.69,4.02,7.79,6.1,6.53,18.59,29.9,16.91,1,0,INCREASE REPLENISHMENT,4.0,REACTIVE (Below ROP)
2020-12-30,N02BA,,1.54,3.95,7.5,5.96,6.15,18.0,28.65,17.89,1,0,INCREASE REPLENISHMENT,3.0,REACTIVE (Below ROP)
2020-12-31,N02BA,,1.43,3.91,7.52,6.09,6.25,17.98,28.81,17.94,1,0,INCREASE REPLENISHMENT,4.0,REACTIVE (Below ROP)
2019-01-01,N02BE,0.0,2.83,2.59,42.41,39.58,68.97,76.74,196.2,196.2,0,0,MAINTAIN REPLENISHMENT,0.0,PIPELINE IN-TRANSIT SUFFICIENT
2019-01-02,N02BE,36.8,31.93,39.56,89.01,57.08,85.65,204.33,352.68,196.2,1,0,INCREASE REPLENISHMENT,157.0,REACTIVE (Below ROP)
2019-01-03,N02BE,42.4,24.03,28.91,78.62,54.59,86.1,172.83,321.96,159.4,1,0,INCREASE REPLENISHMENT,6.0,REACTIVE (Below ROP)
2019-01-04,N02BE,55.8,31.77,33.53,83.18,51.41,86.0,186.59,335.54,117.0,1,0,INCREASE REPLENISHMENT,56.0,REACTIVE (Below ROP)
2019-01-05,N02BE,62.75,38.74,43.34,92.88,54.14,85.81,215.83,364.45,218.2,0,0,INCREASE REPLENISHMENT,85.0,PROACTIVE (Forward Shortfall)
2019-01-06,N02BE,47.4,28.46,27.54,75.19,46.73,82.53,165.15,308.1,161.45,1,0,INCREASE REPLENISHMENT,6.0,REACTIVE (Below ROP)
2019-01-07,N02BE,0.0,6.39,2.46,47.83,41.44,78.58,85.96,222.07,170.05,0,0,MAINTAIN REPLENISHMENT,0.0,PIPELINE IN-TRANSIT SUFFICIENT
2019-01-08,N02BE,41.8,35.62,28.52,84.28,48.66,96.58,182.14,349.42,255.05,0,0,INCREASE REPLENISHMENT,89.0,PROACTIVE (Forward Shortfall)
2019-01-09,N02BE,64.8,36.84,31.57,76.85,40.01,78.43,173.14,308.98,219.25,0,0,INCREASE REPLENISHMENT,1.0,PROACTIVE (Forward Shortfall)
2019-01-10,N02BE,39.1,34.12,36.02,84.77,50.65,84.44,192.5,338.75,154.45,1,0,INCREASE REPLENISHMENT,95.0,REACTIVE (Below ROP)
2019-01-11,N02BE,61.6,38.17,40.8,89.75,51.58,84.78,207.18,354.03,204.35,1,0,INCREASE REPLENISHMENT,54.0,REACTIVE (Below ROP)
2019-01-12,N02BE,74.5,37.35,54.22,104.37,67.02,86.86,249.52,399.97,143.75,1,0,INCREASE REPLENISHMENT,108.0,REACTIVE (Below ROP)
2019-01-13,N02BE,73.0,33.84,31.78,85.67,51.83,93.34,188.68,350.35,164.25,1,0,INCREASE REPLENISHMENT,25.0,REACTIVE (Below ROP)
2019-01-14,N02BE,51.0,25.46,35.56,93.26,67.8,99.94,206.62,379.72,145.25,1,0,INCREASE REPLENISHMENT,102.0,REACTIVE (Below ROP)
2019-01-15,N02BE,30.4,37.95,41.0,74.58,36.63,58.16,181.16,281.9,202.25,0,0,MAINTAIN REPLENISHMENT,0.0,PIPELINE IN-TRANSIT SUFFICIENT
2019-01-16,N02BE,48.8,34.67,42.83,81.55,46.88,67.07,195.56,311.72,196.85,0,0,INCREASE REPLENISHMENT,13.0,PROACTIVE (Forward Shortfall)
2019-01-17,N02BE,55.6,28.86,37.0,75.21,46.35,66.18,177.18,291.81,250.05,0,0,INCREASE REPLENISHMENT,29.0,PROACTIVE (Forward Shortfall)
2019-01-18,N02BE,27.8,35.5,50.56,86.04,50.54,61.45,213.13,319.57,194.45,1,0,INCREASE REPLENISHMENT,84.0,REACTIVE (Below ROP)
2019-01-19,N02BE,77.4,39.24,49.48,91.19,51.95,72.24,220.68,345.81,179.65,1,0,INCREASE REPLENISHMENT,54.0,REACTIVE (Below ROP)
2019-01-20,N02BE,93.05,29.89,46.41,89.38,59.49,74.43,213.66,342.57,131.25,1,0,INCREASE REPLENISHMENT,74.0,REACTIVE (Below ROP)
2019-01-21,N02BE,67.15,41.7,43.16,95.41,53.71,90.5,219.98,376.73,122.2,1,0,INCREASE REPLENISHMENT,127.0,REACTIVE (Below ROP)
2019-01-22,N02BE,74.9,45.63,41.52,94.46,48.83,91.69,216.25,375.07,109.05,1,0,INCREASE REPLENISHMENT,66.0,REACTIVE (Below ROP)
2019-01-23,N02BE,58.4,42.07,44.36,92.28,50.21,83.0,216.08,359.84,108.15,1,0,INCREASE REPLENISHMENT,59.0,REACTIVE (Below ROP)
2019-01-24,N02BE,47.3,40.23,48.31,94.61,54.38,80.19,225.12,364.02,176.75,1,0,INCREASE REPLENISHMENT,63.0,REACTIVE (Below ROP)
2019-01-25,N02BE,32.65,38.62,42.44,90.43,51.81,83.12,210.44,354.41,195.45,1,0,INCREASE REPLENISHMENT,37.0,REACTIVE (Below ROP)
2019-01-26,N02BE,97.8,40.46,53.18,98.54,58.08,78.57,238.11,374.19,221.8,1,0,INCREASE REPLENISHMENT,53.0,REACTIVE (Below ROP)
2019-01-27,N02BE,100.1,45.87,59.05,111.17,65.3,90.27,267.42,423.78,187.0,1,0,INCREASE REPLENISHMENT,147.0,REACTIVE (Below ROP)
2019-01-28,N02BE,45.0,42.37,51.78,106.69,64.32,95.11,250.45,415.18,123.9,1,0,INCREASE REPLENISHMENT,92.0,REACTIVE (Below ROP)
2019-01-29,N02BE,38.8,43.84,46.26,104.23,60.39,100.41,239.19,413.1,131.9,1,0,INCREASE REPLENISHMENT,43.0,REACTIVE (Below ROP)
2019-01-30,N02BE,52.312,39.54,49.2,109.72,70.18,104.82,252.42,433.98,240.1,1,0,INCREASE REPLENISHMENT,59.0,REACTIVE (Below ROP)
2019-01-31,N02BE,62.2,37.11,46.9,107.73,70.62,105.36,246.06,428.55,279.79,0,0,INCREASE REPLENISHMENT,47.0,PROACTIVE (Forward Shortfall)
2019-02-01,N02BE,38.9,22.2,31.25,91.1,68.9,103.66,197.41,376.96,260.59,0,0,INCREASE REPLENISHMENT,11.0,PROACTIVE (Forward Shortfall)
2019-02-02,N02BE,64.262,42.73,60.52,118.36,75.63,100.18,281.74,455.26,280.69,1,0,INCREASE REPLENISHMENT,117.0,REACTIVE (Below ROP)
2019-02-03,N02BE,47.088,47.8,64.98,112.89,65.09,82.98,277.92,421.65,263.43,1,0,INCREASE REPLENISHMENT,31.0,REACTIVE (Below ROP)
2019-02-04,N02BE,47.0,33.0,31.0,56.64,23.64,44.41,137.41,214.33,227.34,0,1,MAINTAIN REPLENISHMENT,0.0,PIPELINE IN-TRANSIT SUFFICIENT
2019-02-05,N02BE,33.8,36.42,40.59,65.99,29.57,43.99,165.76,241.96,297.34,0,1,MAINTAIN REPLENISHMENT,0.0,PIPELINE IN-TRANSIT SUFFICIENT
2019-02-06,N02BE,29.0,38.31,38.13,65.61,27.3,47.6,161.99,244.43,294.54,0,1,MAINTAIN REPLENISHMENT,0.0,PIPELINE IN-TRANSIT SUFFICIENT
2019-02-07,N02BE,42.6,34.43,44.34,76.25,41.82,55.27,188.29,284.02,265.54,0,0,INCREASE REPLENISHMENT,19.0,PROACTIVE (Forward Shortfall)
2019-02-08,N02BE,50.2,33.6,40.56,69.11,35.51,49.45,171.13,256.78,222.94,0,0,INCREASE REPLENISHMENT,15.0,PROACTIVE (Forward Shortfall)
2019-02-09,N02BE,51.65,36.62,56.9,84.9,48.28,48.5,219.2,303.2,172.74,1,0,INCREASE REPLENISHMENT,97.0,REACTIVE (Below ROP)
2019-02-10,N02BE,43.2,38.76,39.07,63.87,25.11,42.95,160.16,234.56,140.09,1,0,MAINTAIN REPLENISHMENT,0.0,PIPELINE IN-TRANSIT SUFFICIENT
2019-02-11,N02BE,30.0,34.62,30.76,63.93,29.31,57.45,149.73,249.24,111.89,1,0,INCREASE REPLENISHMENT,41.0,REACTIVE (Below ROP)
2019-02-12,N02BE,34.6,31.77,36.62,64.98,33.21,49.12,158.98,244.06,178.89,0,0,INCREASE REPLENISHMENT,25.0,PROACTIVE (Forward Shortfall)
2019-02-13,N02BE,27.2,30.61,35.81,62.96,32.35,47.03,154.46,235.91,144.29,1,0,INCREASE REPLENISHMENT,26.0,REACTIVE (Below ROP)
2019-02-14,N02BE,54.5,33.91,35.6,65.63,31.72,52.01,158.81,248.9,158.09,1,0,INCREASE REPLENISHMENT,40.0,REACTIVE (Below ROP)
2019-02-15,N02BE,52.05,31.67,39.48,66.61,34.94,46.99,165.43,246.82,128.59,1,0,INCREASE REPLENISHMENT,53.0,REACTIVE (Below ROP)
2019-02-16,N02BE,36.4,38.16,48.75,82.39,44.23,58.27,204.52,305.44,102.54,1,0,INCREASE REPLENISHMENT,110.0,REACTIVE (Below ROP)
2019-02-17,N02BE,15.162,33.08,34.79,62.33,29.25,47.7,152.07,234.69,106.14,1,0,MAINTAIN REPLENISHMENT,0.0,PIPELINE IN-TRANSIT SUFFICIENT
2019-02-18,N02BE,27.4,26.67,27.36,60.04,33.37,56.6,138.68,236.72,143.98,0,0,MAINTAIN REPLENISHMENT,0.0,PIPELINE IN-TRANSIT SUFFICIENT
2019-02-19,N02BE,27.4,26.94,29.19,62.29,35.35,57.33,144.9,244.2,226.58,0,0,INCREASE REPLENISHMENT,18.0,PROACTIVE (Forward Shortfall)
2019-02-20,N02BE,30.6,23.34,33.88,67.62,44.28,58.44,160.08,261.3,199.18,0,0,INCREASE REPLENISHMENT,45.0,PROACTIVE (Forward Shortfall)
2019-02-21,N02BE,45.4,27.62,34.86,68.16,40.54,57.68,162.26,262.16,168.58,0,0,INCREASE REPLENISHMENT,31.0,PROACTIVE (Forward Shortfall)
2019-02-22,N02BE,16.0,27.82,38.33,68.01,40.19,51.41,166.4,255.44,141.18,1,0,INCREASE REPLENISHMENT,39.0,REACTIVE (Below ROP)
2019-02-23,N02BE,38.2,25.23,36.14,62.57,37.34,45.78,154.2,233.49,170.18,0,0,MAINTAIN REPLENISHMENT,0.0,PIPELINE IN-TRANSIT SUFFICIENT
2019-02-24,N02BE,19.0,22.93,28.39,55.31,32.38,46.63,131.8,212.56,162.98,0,0,INCREASE REPLENISHMENT,11.0,PROACTIVE (Forward Shortfall)
2019-02-25,N02BE,25.2,21.93,29.11,59.74,37.81,53.05,140.38,232.27,182.98,0,0,INCREASE REPLENISHMENT,39.0,PROACTIVE (Forward Shortfall)
2019-02-26,N02BE,27.0,19.0,27.99,56.08,37.08,48.65,132.62,216.89,157.78,0,0,INCREASE REPLENISHMENT,10.0,PROACTIVE (Forward Shortfall)
2019-02-27,N02BE,13.4,21.22,29.87,65.52,44.3,61.75,151.36,258.31,141.78,1,0,INCREASE REPLENISHMENT,68.0,REACTIVE (Below ROP)
2019-02-28,N02BE,34.0,19.39,26.71,55.28,35.89,49.48,129.61,215.32,167.38,0,0,MAINTAIN REPLENISHMENT,0.0,PIPELINE IN-TRANSIT SUFFICIENT
2019-03-01,N02BE,22.2,13.4,20.7,47.72,34.32,46.8,108.9,189.96,143.38,0,0,MAINTAIN REPLENISHMENT,0.0,PIPELINE IN-TRANSIT SUFFICIENT
2019-03-02,N02BE,46.0,14.41,20.51,51.02,36.61,52.84,114.37,205.9,189.18,0,0,INCREASE REPLENISHMENT,17.0,PROACTIVE (Forward Shortfall)
2019-03-03,N02BE,20.0,19.6,29.63,56.0,36.4,45.67,134.56,213.67,143.18,0,0,INCREASE REPLENISHMENT,54.0,PROACTIVE (Forward Shortfall)
2019-03-04,N02BE,41.0,19.44,27.34,58.17,38.73,53.4,135.42,227.91,123.18,1,0,INCREASE REPLENISHMENT,34.0,REACTIVE (Below ROP)
2019-03-05,N02BE,20.0,18.86,24.95,54.01,35.15,50.33,125.18,212.36,99.18,1,0,INCREASE REPLENISHMENT,26.0,REACTIVE (Below ROP)
2019-03-06,N02BE,31.0,15.73,24.43,53.98,38.25,51.18,124.47,213.12,133.18,0,0,INCREASE REPLENISHMENT,20.0,PROACTIVE (Forward Shortfall)
2019-03-07,N02BE,10.0,17.68,24.1,54.9,37.22,53.35,125.65,218.05,136.18,0,0,INCREASE REPLENISHMENT,36.0,PROACTIVE (Forward Shortfall)
2019-03-08,N02BE,33.7,16.36,23.49,54.09,37.73,53.0,123.47,215.27,152.18,0,0,INCREASE REPLENISHMENT,8.0,PROACTIVE (Forward Shortfall)
2019-03-09,N02BE,45.2,22.78,27.44,58.03,35.25,52.98,135.3,227.07,138.48,0,0,INCREASE REPLENISHMENT,45.0,PROACTIVE (Forward Shortfall)
2019-03-10,N02BE,51.0,18.71,30.13,60.36,41.65,52.36,142.75,233.44,129.28,1,0,INCREASE REPLENISHMENT,52.0,REACTIVE (Below ROP)
2019-03-11,N02BE,26.4,23.36,31.93,65.68,42.32,58.46,154.25,255.5,86.28,1,0,INCREASE REPLENISHMENT,73.0,REACTIVE (Below ROP)
2019-03-12,N02BE,31.85,19.43,26.36,59.55,40.12,57.49,136.57,236.14,104.88,1,0,INCREASE REPLENISHMENT,7.0,REACTIVE (Below ROP)
2019-03-13,N02BE,22.0,21.83,29.23,60.7,38.87,54.51,142.2,236.61,125.03,1,0,INCREASE REPLENISHMENT,32.0,REACTIVE (Below ROP)
2019-03-14,N02BE,47.2,20.71,27.46,60.17,39.46,56.66,139.04,237.17,176.03,0,0,INCREASE REPLENISHMENT,23.0,PROACTIVE (Forward Shortfall)
2019-03-15,N02BE,40.0,20.3,30.97,60.88,40.58,51.81,144.72,234.45,135.83,1,0,INCREASE REPLENISHMENT,44.0,REACTIVE (Below ROP)
2019-03-16,N02BE,29.0,21.11,35.18,62.35,41.24,47.06,152.6,234.11,127.83,1,0,INCREASE REPLENISHMENT,40.0,REACTIVE (Below ROP)
2019-03-17,N02BE,55.0,19.46,28.87,55.75,36.29,46.56,133.17,213.81,121.83,1,0,INCREASE REPLENISHMENT,8.0,REACTIVE (Below ROP)
2019-03-18,N02BE,23.0,22.73,25.41,54.31,31.58,50.06,126.29,212.99,110.83,1,0,INCREASE REPLENISHMENT,55.0,REACTIVE (Below ROP)
2019-03-19,N02BE,26.2,22.26,30.22,60.14,37.88,51.82,142.48,232.24,127.83,1,0,INCREASE REPLENISHMENT,42.0,REACTIVE (Below ROP)
2019-03-20,N02BE,28.9,22.27,30.63,61.44,39.17,53.36,145.25,237.68,109.63,1,0,INCREASE REPLENISHMENT,32.0,REACTIVE (Below ROP)
2019-03-21,N02BE,18.8,22.23,31.61,60.63,38.4,50.26,145.09,232.15,135.73,1,0,INCREASE REPLENISHMENT,23.0,REACTIVE (Below ROP)
2019-03-22,N02BE,41.0,19.31,28.33,57.81,38.5,51.06,136.05,224.49,158.93,0,0,INCREASE REPLENISHMENT,11.0,PROACTIVE (Forward Shortfall)
2019-03-23,N02BE,15.5,20.1,30.91,60.63,40.53,51.48,144.21,233.37,149.93,0,0,INCREASE REPLENISHMENT,50.0,PROACTIVE (Forward Shortfall)
2019-03-24,N02BE,43.2,19.91,38.4,71.04,51.13,56.53,171.73,269.65,157.43,1,0,INCREASE REPLENISHMENT,52.0,REACTIVE (Below ROP)
2019-03-25,N02BE,27.0,20.38,23.97,51.0,30.62,46.82,118.73,199.82,125.23,0,0,MAINTAIN REPLENISHMENT,0.0,PIPELINE IN-TRANSIT SUFFICIENT
2019-03-26,N02BE,36.0,20.6,27.49,55.36,34.76,48.27,130.74,214.35,148.23,0,0,INCREASE REPLENISHMENT,15.0,PROACTIVE (Forward Shortfall)
2019-03-27,N02BE,25.6,18.91,25.15,53.37,34.46,48.88,124.33,208.99,164.23,0,0,INCREASE REPLENISHMENT,30.0,PROACTIVE (Forward Shortfall)
2019-03-28,N02BE,14.0,20.45,28.49,55.0,34.55,45.92,131.39,210.92,138.63,0,0,INCREASE REPLENISHMENT,28.0,PROACTIVE (Forward Shortfall)
2019-03-29,N02BE,25.3,18.01,26.92,55.26,37.25,49.09,129.85,214.87,139.63,0,0,INCREASE REPLENISHMENT,18.0,PROACTIVE (Forward Shortfall)
2019-03-30,N02BE,18.0,17.31,27.25,53.04,35.73,44.67,126.42,203.79,144.33,0,0,INCREASE REPLENISHMENT,14.0,PROACTIVE (Forward Shortfall)
2019-03-31,N02BE,27.0,21.14,27.45,52.42,31.28,43.25,125.6,200.51,154.33,0,0,INCREASE REPLENISHMENT,15.0,PROACTIVE (Forward Shortfall)
2019-04-01,N02BE,34.65,17.8,21.53,45.3,27.5,41.17,105.76,177.07,145.33,0,0,INCREASE REPLENISHMENT,3.0,PROACTIVE (Forward Shortfall)
2019-04-02,N02BE,24.0,19.94,27.81,51.7,31.76,41.38,124.81,196.48,124.68,1,0,INCREASE REPLENISHMENT,54.0,REACTIVE (Below ROP)
2019-04-03,N02BE,18.3,18.88,25.6,47.95,29.07,38.71,115.51,182.56,115.68,0,0,INCREASE REPLENISHMENT,10.0,PROACTIVE (Forward Shortfall)
2019-04-04,N02BE,39.0,16.32,21.8,44.79,28.47,39.82,105.22,174.19,100.38,1,0,INCREASE REPLENISHMENT,10.0,REACTIVE (Below ROP)
2019-04-05,N02BE,25.2,19.49,25.64,52.02,32.53,45.69,122.61,201.75,115.38,1,0,INCREASE REPLENISHMENT,67.0,REACTIVE (Below ROP)
2019-04-06,N02BE,13.2,19.63,27.82,52.51,32.88,42.76,126.22,200.29,100.18,1,0,INCREASE REPLENISHMENT,24.0,REACTIVE (Below ROP)
2019-04-07,N02BE,19.0,16.56,25.78,52.25,35.69,45.85,123.19,202.6,96.98,1,0,INCREASE REPLENISHMENT,15.0,REACTIVE (Below ROP)
2019-04-08,N02BE,10.0,7.75,9.32,32.76,25.01,40.6,68.56,138.88,144.98,0,1,MAINTAIN REPLENISHMENT,0.0,PIPELINE IN-TRANSIT SUFFICIENT
2019-04-09,N02BE,12.0,10.75,18.78,44.24,33.49,44.1,100.44,176.82,158.98,0,0,INCREASE REPLENISHMENT,3.0,PROACTIVE (Forward Shortfall)
2019-04-10,N02BE,34.0,16.07,21.25,46.86,30.79,44.36,108.11,184.94,161.98,0,0,INCREASE REPLENISHMENT,20.0,PROACTIVE (Forward Shortfall)
2019-04-11,N02BE,15.9,13.95,21.23,48.94,34.99,48.0,111.69,194.82,127.98,0,0,INCREASE REPLENISHMENT,44.0,PROACTIVE (Forward Shortfall)
2019-04-12,N02BE,16.6,14.63,18.18,43.32,28.69,43.54,98.08,173.5,115.08,0,0,MAINTAIN REPLENISHMENT,0.0,PIPELINE IN-TRANSIT SUFFICIENT
2019-04-13,N02BE,14.0,10.99,16.96,41.09,30.1,41.79,92.67,165.06,118.48,0,0,INCREASE REPLENISHMENT,3.0,PROACTIVE (Forward Shortfall)
2019-04-14,N02BE,23.0,14.4,20.39,47.36,32.96,46.71,107.88,188.79,148.48,0,0,INCREASE REPLENISHMENT,38.0,PROACTIVE (Forward Shortfall)
2019-04-15,N02BE,8.8,16.1,18.29,45.73,29.63,47.53,102.4,184.72,125.48,0,0,INCREASE REPLENISHMENT,19.0,PROACTIVE (Forward Shortfall)
2019-04-16,N02BE,27.200000000000003,13.54,18.76,44.69,31.15,44.91,101.19,178.98,119.68,0,0,INCREASE REPLENISHMENT,3.0,PROACTIVE (Forward Shortfall)
2019-04-17,N02BE,13.5,15.54,19.5,44.95,29.41,44.08,102.58,178.93,130.48,0,0,INCREASE REPLENISHMENT,27.0,PROACTIVE (Forward Shortfall)
2019-04-18,N02BE,0.0,15.88,19.78,45.8,29.92,45.07,104.41,182.47,135.98,0,0,INCREASE REPLENISHMENT,17.0,PROACTIVE (Forward Shortfall)
2019-04-19,N02BE,25.0,9.87,18.55,44.74,34.87,45.36,101.01,179.58,138.98,0,0,MAINTAIN REPLENISHMENT,0.0,PIPELINE IN-TRANSIT SUFFICIENT
2019-04-20,N02BE,22.4,12.85,19.34,43.89,31.04,42.52,100.54,174.19,140.98,0,0,INCREASE REPLENISHMENT,17.0,PROACTIVE (Forward Shortfall)
2019-04-21,N02BE,21.0,11.08,20.56,46.66,35.58,45.21,106.89,185.19,135.58,0,0,INCREASE REPLENISHMENT,33.0,PROACTIVE (Forward Shortfall)
2019-04-22,N02BE,51.0,11.67,16.81,43.58,31.91,46.37,96.8,177.11,114.58,0,0,INCREASE REPLENISHMENT,13.0,PROACTIVE (Forward Shortfall)
2019-04-23,N02BE,18.4,14.93,21.08,56.95,42.02,62.13,125.37,232.98,80.58,1,0,INCREASE REPLENISHMENT,107.0,REACTIVE (Below ROP)
2019-04-24,N02BE,39.1,15.09,21.3,57.06,41.97,61.94,125.84,233.12,95.18,1,0,INCREASE REPLENISHMENT,18.0,REACTIVE (Below ROP)
2019-04-25,N02BE,15.0,16.48,26.14,63.45,46.97,64.62,143.04,254.97,69.08,1,0,INCREASE REPLENISHMENT,61.0,REACTIVE (Below ROP)
2019-04-26,N02BE,32.6,13.45,21.16,51.99,38.54,53.4,116.88,209.37,161.08,0,0,MAINTAIN REPLENISHMENT,0.0,PIPELINE IN-TRANSIT SUFFICIENT
2019-04-27,N02BE,25.2,11.95,20.41,51.4,39.45,53.68,114.91,207.88,146.48,0,0,INCREASE REPLENISHMENT,1.0,PROACTIVE (Forward Shortfall)
2019-04-28,N02BE,0.0,18.65,23.84,54.48,35.83,53.07,124.59,216.51,182.28,0,0,INCREASE REPLENISHMENT,34.0,PROACTIVE (Forward Shortfall)
2019-04-29,N02BE,27.6,17.29,29.68,68.3,51.01,66.89,155.93,271.79,182.28,0,0,INCREASE REPLENISHMENT,55.0,PROACTIVE (Forward Shortfall)
2019-04-30,N02BE,22.0,15.91,22.85,53.54,37.63,53.16,121.71,213.78,155.68,0,0,MAINTAIN REPLENISHMENT,0.0,PIPELINE IN-TRANSIT SUFFICIENT
2019-05-01,N02BE,8.0,14.73,15.77,46.21,31.48,52.72,100.03,191.35,167.68,0,0,MAINTAIN REPLENISHMENT,0.0,PIPELINE IN-TRANSIT SUFFICIENT
2019-05-02,N02BE,20.0,15.75,22.16,50.3,34.55,48.74,115.22,199.64,214.68,0,1,MAINTAIN REPLENISHMENT,0.0,PIPELINE IN-TRANSIT SUFFICIENT
2019-05-03,N02BE,24.0,13.14,20.65,48.57,35.43,48.36,110.31,194.07,194.68,0,1,MAINTAIN REPLENISHMENT,0.0,PIPELINE IN-TRANSIT SUFFICIENT
2019-05-04,N02BE,25.0,15.52,20.94,46.34,30.82,43.99,106.81,183.01,170.68,0,0,INCREASE REPLENISHMENT,13.0,PROACTIVE (Forward Shortfall)
2019-05-05,N02BE,31.0,17.04,24.84,50.19,33.15,43.91,118.43,194.48,145.68,0,0,INCREASE REPLENISHMENT,36.0,PROACTIVE (Forward Shortfall)
2019-05-06,N02BE,23.0,17.69,21.87,42.62,24.93,35.94,101.55,163.8,114.68,0,0,INCREASE REPLENISHMENT,1.0,PROACTIVE (Forward Shortfall)
2019-05-07,N02BE,33.4,15.54,21.09,46.69,31.15,44.34,107.61,184.41,104.68,1,0,INCREASE REPLENISHMENT,43.0,REACTIVE (Below ROP)
2019-05-08,N02BE,13.0,17.2,19.11,43.43,26.23,42.12,99.45,172.41,107.28,0,0,INCREASE REPLENISHMENT,22.0,PROACTIVE (Forward Shortfall)
2019-05-09,N02BE,12.5,14.74,19.96,44.67,29.93,42.8,102.68,176.81,95.28,1,0,INCREASE REPLENISHMENT,17.0,REACTIVE (Below ROP)
2019-05-10,N02BE,11.6,14.48,20.21,46.54,32.06,45.6,106.23,185.22,125.78,0,0,INCREASE REPLENISHMENT,21.0,PROACTIVE (Forward Shortfall)
2019-05-11,N02BE,16.8,14.56,21.8,46.83,32.27,43.35,108.75,183.84,136.18,0,0,INCREASE REPLENISHMENT,10.0,PROACTIVE (Forward Shortfall)
2019-05-12,N02BE,38.8,16.15,20.66,43.83,27.68,40.13,102.11,171.62,136.38,0,0,INCREASE REPLENISHMENT,5.0,PROACTIVE (Forward Shortfall)
2019-05-13,N02BE,26.2,16.31,19.65,46.5,30.19,46.51,105.46,186.01,118.58,0,0,INCREASE REPLENISHMENT,53.0,PROACTIVE (Forward Shortfall)
2019-05-14,N02BE,25.0,14.26,20.65,47.8,33.54,47.03,108.98,190.43,102.38,1,0,INCREASE REPLENISHMENT,31.0,REACTIVE (Below ROP)
2019-05-15,N02BE,28.4,12.49,17.34,44.84,32.35,47.63,99.65,182.15,82.38,1,0,INCREASE REPLENISHMENT,16.0,REACTIVE (Below ROP)
2019-05-16,N02BE,12.0,15.84,20.72,45.23,29.39,42.45,104.61,178.14,106.98,0,0,INCREASE REPLENISHMENT,25.0,PROACTIVE (Forward Shortfall)
2019-05-17,N02BE,28.0,16.07,21.76,49.92,33.85,48.77,114.05,198.53,125.98,0,0,INCREASE REPLENISHMENT,32.0,PROACTIVE (Forward Shortfall)
2019-05-18,N02BE,14.0,17.9,25.34,47.63,29.73,38.61,114.63,181.5,113.98,1,0,INCREASE REPLENISHMENT,11.0,REACTIVE (Below ROP)
2019-05-19,N02BE,26.4,15.68,24.85,48.13,32.45,40.32,114.87,184.71,124.98,0,0,INCREASE REPLENISHMENT,17.0,PROACTIVE (Forward Shortfall)
2019-05-20,N02BE,21.3,13.17,20.82,47.23,34.06,45.74,108.2,187.43,130.58,0,0,INCREASE REPLENISHMENT,29.0,PROACTIVE (Forward Shortfall)
2019-05-21,N02BE,17.6,15.17,20.46,46.13,30.96,44.46,105.84,182.85,120.28,0,0,INCREASE REPLENISHMENT,17.0,PROACTIVE (Forward Shortfall)
2019-05-22,N02BE,28.2,16.36,20.25,46.56,30.2,45.57,106.32,185.25,119.68,0,0,INCREASE REPLENISHMENT,20.0,PROACTIVE (Forward Shortfall)
2019-05-23,N02BE,26.1,14.36,19.37,47.35,32.99,48.46,106.57,190.51,120.48,0,0,INCREASE REPLENISHMENT,34.0,PROACTIVE (Forward Shortfall)
2019-05-24,N02BE,36.2,16.09,21.91,46.45,30.36,42.5,108.23,181.85,111.38,0,0,INCREASE REPLENISHMENT,17.0,PROACTIVE (Forward Shortfall)
2019-05-25,N02BE,35.0,18.2,24.39,46.88,28.68,38.95,112.12,179.59,95.18,1,0,INCREASE REPLENISHMENT,34.0,REACTIVE (Below ROP)
2019-05-26,N02BE,30.0,19.79,26.41,46.31,26.52,34.47,113.7,173.4,94.18,1,0,INCREASE REPLENISHMENT,29.0,REACTIVE (Below ROP)
2019-05-27,N02BE,19.0,17.6,24.56,50.32,32.72,44.62,118.3,195.58,81.18,1,0,INCREASE REPLENISHMENT,52.0,REACTIVE (Below ROP)
2019-05-28,N02BE,18.2,18.08,23.44,46.31,28.23,39.61,109.93,178.54,96.18,1,0,INCREASE REPLENISHMENT,2.0,REACTIVE (Below ROP)
2019-05-29,N02BE,15.0,17.65,22.2,45.79,28.14,40.86,107.46,178.23,106.98,1,0,INCREASE REPLENISHMENT,18.0,REACTIVE (Below ROP)
2019-05-30,N02BE,17.2,17.12,22.16,46.05,28.93,41.38,107.86,179.53,143.98,0,0,INCREASE REPLENISHMENT,16.0,PROACTIVE (Forward Shortfall)
2019-05-31,N02BE,22.662,16.58,21.75,45.93,29.35,41.88,107.13,179.67,128.78,0,0,INCREASE REPLENISHMENT,17.0,PROACTIVE (Forward Shortfall)
2019-06-01,N02BE,21.4,17.64,21.88,44.63,26.99,39.4,105.04,173.29,124.11,0,0,INCREASE REPLENISHMENT,17.0,PROACTIVE (Forward Shortfall)
2019-06-02,N02BE,28.0,15.83,22.93,46.24,30.41,40.37,109.16,179.09,118.71,0,0,INCREASE REPLENISHMENT,27.0,PROACTIVE (Forward Shortfall)
2019-06-03,N02BE,15.4,15.76,21.52,42.85,27.09,36.94,101.5,165.49,107.71,0,0,INCREASE REPLENISHMENT,14.0,PROACTIVE (Forward Shortfall)
2019-06-04,N02BE,28.2,15.73,21.95,43.94,28.21,38.09,103.94,169.91,109.31,0,0,INCREASE REPLENISHMENT,20.0,PROACTIVE (Forward Shortfall)
2019-06-05,N02BE,26.1,14.08,20.28,45.76,31.68,44.13,104.97,181.41,108.11,0,0,INCREASE REPLENISHMENT,40.0,PROACTIVE (Forward Shortfall)
2019-06-06,N02BE,27.0,16.35,21.91,45.13,28.78,40.22,105.95,175.61,96.01,1,0,INCREASE REPLENISHMENT,20.0,REACTIVE (Below ROP)
2019-06-07,N02BE,22.0,19.09,23.79,47.43,28.34,40.95,112.32,183.24,89.01,1,0,INCREASE REPLENISHMENT,35.0,REACTIVE (Below ROP)
2019-06-08,N02BE,22.4,17.42,23.49,48.19,30.77,42.78,113.25,187.35,107.01,1,0,INCREASE REPLENISHMENT,26.0,REACTIVE (Below ROP)
2019-06-09,N02BE,16.5,17.13,22.15,43.86,26.73,37.6,104.05,169.18,104.61,0,0,INCREASE REPLENISHMENT,4.0,PROACTIVE (Forward Shortfall)
2019-06-10,N02BE,15.0,14.9,18.98,44.36,29.46,43.96,100.9,177.04,123.11,0,0,INCREASE REPLENISHMENT,24.0,PROACTIVE (Forward Shortfall)
2019-06-11,N02BE,25.0,15.36,19.48,44.42,29.06,43.2,101.64,176.46,134.11,0,0,INCREASE REPLENISHMENT,15.0,PROACTIVE (Forward Shortfall)
2019-06-12,N02BE,16.2,13.92,18.34,43.44,29.52,43.47,98.49,173.79,113.11,0,0,INCREASE REPLENISHMENT,22.0,PROACTIVE (Forward Shortfall)
2019-06-13,N02BE,19.4,14.06,19.25,46.85,32.79,47.8,105.55,188.35,120.91,0,0,INCREASE REPLENISHMENT,31.0,PROACTIVE (Forward Shortfall)
2019-06-14,N02BE,15.0,15.39,18.57,43.3,27.91,42.83,98.54,172.73,116.51,0,0,INCREASE REPLENISHMENT,4.0,PROACTIVE (Forward Shortfall)
2019-06-15,N02BE,15.0,13.43,18.69,47.59,34.16,50.06,106.13,192.83,123.51,0,0,INCREASE REPLENISHMENT,35.0,PROACTIVE (Forward Shortfall)
2019-06-16,N02BE,18.0,13.67,20.49,45.36,31.69,43.08,104.55,179.16,139.51,0,0,INCREASE REPLENISHMENT,1.0,PROACTIVE (Forward Shortfall)
2019-06-17,N02BE,18.0,14.3,19.05,43.71,29.41,42.71,99.86,173.84,125.51,0,0,INCREASE REPLENISHMENT,13.0,PROACTIVE (Forward Shortfall)
2019-06-18,N02BE,29.5,12.82,19.66,45.67,32.85,45.05,104.03,182.06,142.51,0,0,INCREASE REPLENISHMENT,26.0,PROACTIVE (Forward Shortfall)
2019-06-19,N02BE,18.0,14.23,20.12,44.28,30.05,41.85,102.21,174.69,114.01,0,0,INCREASE REPLENISHMENT,22.0,PROACTIVE (Forward Shortfall)
2019-06-20,N02BE,15.0,14.81,20.67,44.21,29.4,40.77,102.78,173.4,109.01,0,0,INCREASE REPLENISHMENT,17.0,PROACTIVE (Forward Shortfall)
2019-06-21,N02BE,24.8,11.78,19.44,43.39,31.61,41.48,99.8,171.65,120.01,0,0,INCREASE REPLENISHMENT,13.0,PROACTIVE (Forward Shortfall)
2019-06-22,N02BE,25.0,11.64,18.11,44.3,32.66,45.36,99.69,178.26,117.21,0,0,INCREASE REPLENISHMENT,32.0,PROACTIVE (Forward Shortfall)
2019-06-23,N02BE,18.2,10.54,19.85,45.6,35.06,44.6,104.15,181.4,109.21,0,0,INCREASE REPLENISHMENT,28.0,PROACTIVE (Forward Shortfall)
2019-06-24,N02BE,19.0,12.19,18.67,43.01,30.82,42.16,98.17,171.19,104.01,0,0,INCREASE REPLENISHMENT,8.0,PROACTIVE (Forward Shortfall)
2019-06-25,N02BE,12.0,10.59,18.35,42.75,32.16,42.26,97.31,170.51,117.01,0,0,INCREASE REPLENISHMENT,18.0,PROACTIVE (Forward Shortfall)
2019-06-26,N02BE,11.6,13.22,17.93,44.07,30.85,45.28,99.07,177.49,133.01,0,0,INCREASE REPLENISHMENT,19.0,PROACTIVE (Forward Shortfall)
2019-06-27,N02BE,15.0,9.7,15.98,41.06,31.36,43.44,91.38,166.62,129.41,0,0,INCREASE REPLENISHMENT,1.0,PROACTIVE (Forward Shortfall)
2019-06-28,N02BE,15.0,13.19,17.48,43.12,29.93,44.41,96.85,173.77,132.41,0,0,INCREASE REPLENISHMENT,22.0,PROACTIVE (Forward Shortfall)
2019-06-29,N02BE,18.3,13.25,18.03,44.11,30.86,45.17,99.26,177.5,136.41,0,0,INCREASE REPLENISHMENT,19.0,PROACTIVE (Forward Shortfall)
2019-06-30,N02BE,40.0,12.45,17.76,41.68,29.23,41.43,94.71,166.47,119.11,0,0,INCREASE REPLENISHMENT,7.0,PROACTIVE (Forward Shortfall)
2019-07-01,N02BE,14.0,13.75,17.28,44.12,30.37,46.49,98.33,178.85,101.11,0,0,INCREASE REPLENISHMENT,52.0,PROACTIVE (Forward Shortfall)
2019-07-02,N02BE,14.0,14.88,17.97,46.98,32.1,50.25,104.16,191.19,106.11,0,0,INCREASE REPLENISHMENT,27.0,PROACTIVE (Forward Shortfall)
2019-07-03,N02BE,30.05,13.25,15.59,45.25,32.0,51.37,98.14,187.12,99.11,0,0,INCREASE REPLENISHMENT,10.0,PROACTIVE (Forward Shortfall)
2019-07-04,N02BE,13.0,13.48,17.79,45.23,31.75,47.53,100.9,183.22,121.06,0,0,INCREASE REPLENISHMENT,26.0,PROACTIVE (Forward Shortfall)
2019-07-05,N02BE,20.0,14.23,18.37,46.26,32.03,48.31,103.42,187.09,135.06,0,0,INCREASE REPLENISHMENT,17.0,PROACTIVE (Forward Shortfall)
2019-07-06,N02BE,16.0,13.99,19.17,46.55,32.56,47.42,104.93,187.07,125.06,0,0,INCREASE REPLENISHMENT,20.0,PROACTIVE (Forward Shortfall)
2019-07-07,N02BE,25.0,16.25,19.88,45.39,29.14,44.18,103.82,180.35,135.06,0,0,INCREASE REPLENISHMENT,9.0,PROACTIVE (Forward Shortfall)
2019-07-08,N02BE,21.4,14.0,18.49,44.24,30.24,44.6,100.07,177.32,127.06,0,0,INCREASE REPLENISHMENT,22.0,PROACTIVE (Forward Shortfall)
2019-07-09,N02BE,15.0,12.91,18.94,43.47,30.56,42.49,99.31,172.9,125.66,0,0,INCREASE REPLENISHMENT,17.0,PROACTIVE (Forward Shortfall)
2019-07-10,N02BE,19.6,15.35,18.89,45.05,29.7,45.31,101.98,180.46,119.66,0,0,INCREASE REPLENISHMENT,22.0,PROACTIVE (Forward Shortfall)
2019-07-11,N02BE,19.0,16.28,19.09,43.98,27.7,43.11,100.38,175.05,122.06,0,0,INCREASE REPLENISHMENT,14.0,PROACTIVE (Forward Shortfall)
2019-07-12,N02BE,34.0,15.74,19.55,44.33,28.59,42.92,101.57,175.91,120.06,0,0,INCREASE REPLENISHMENT,20.0,PROACTIVE (Forward Shortfall)
2019-07-13,N02BE,17.6,14.84,21.27,46.43,31.59,43.58,107.39,182.87,108.06,0,0,INCREASE REPLENISHMENT,41.0,PROACTIVE (Forward Shortfall)
2019-07-14,N02BE,23.0,15.88,23.53,44.14,28.26,35.7,106.29,168.12,104.46,1,0,INCREASE REPLENISHMENT,3.0,REACTIVE (Below ROP)
2019-07-15,N02BE,24.0,13.45,20.23,45.63,32.18,43.99,104.68,180.88,101.46,1,0,INCREASE REPLENISHMENT,36.0,REACTIVE (Below ROP)
2019-07-16,N02BE,14.0,15.2,19.97,44.49,29.29,42.47,102.38,175.94,118.46,0,0,INCREASE REPLENISHMENT,19.0,PROACTIVE (Forward Shortfall)
2019-07-17,N02BE,26.0,15.39,20.92,44.02,28.63,40.01,102.77,172.07,107.46,0,0,INCREASE REPLENISHMENT,10.0,PROACTIVE (Forward Shortfall)
2019-07-18,N02BE,24.0,15.06,19.98,45.17,30.11,43.63,103.57,179.14,117.46,0,0,INCREASE REPLENISHMENT,33.0,PROACTIVE (Forward Shortfall)
2019-07-19,N02BE,28.0,16.62,21.21,44.93,28.31,41.08,104.71,175.87,112.46,0,0,INCREASE REPLENISHMENT,21.0,PROACTIVE (Forward Shortfall)
2019-07-20,N02BE,17.2,15.44,22.68,47.17,31.73,42.42,110.46,183.93,94.46,1,0,INCREASE REPLENISHMENT,36.0,REACTIVE (Below ROP)
2019-07-21,N02BE,16.0,16.47,23.09,46.65,30.18,40.81,110.08,180.76,110.26,0,0,INCREASE REPLENISHMENT,14.0,PROACTIVE (Forward Shortfall)
2019-07-22,N02BE,14.25,14.61,20.59,45.06,30.45,42.38,104.15,177.56,115.26,0,0,INCREASE REPLENISHMENT,13.0,PROACTIVE (Forward Shortfall)
2019-07-23,N02BE,7.25,14.97,18.87,44.89,29.92,45.07,101.68,179.74,137.01,0,0,INCREASE REPLENISHMENT,16.0,PROACTIVE (Forward Shortfall)
2019-07-24,N02BE,30.875,15.58,18.5,44.76,29.18,45.48,100.98,179.76,143.76,0,0,INCREASE REPLENISHMENT,7.0,PROACTIVE (Forward Shortfall)
2019-07-25,N02BE,20.0,14.66,19.74,44.89,30.23,43.56,102.78,178.23,125.89,0,0,INCREASE REPLENISHMENT,30.0,PROACTIVE (Forward Shortfall)
2019-07-26,N02BE,17.0,16.02,19.85,46.23,30.21,45.69,105.24,184.38,121.89,0,0,INCREASE REPLENISHMENT,26.0,PROACTIVE (Forward Shortfall)
2019-07-27,N02BE,22.0,9.4,18.4,44.9,35.5,45.9,101.1,180.6,111.89,0,0,INCREASE REPLENISHMENT,13.0,PROACTIVE (Forward Shortfall)
2019-07-28,N02BE,13.0,11.85,18.93,42.27,30.42,40.43,97.22,167.24,119.89,0,0,INCREASE REPLENISHMENT,9.0,PROACTIVE (Forward Shortfall)
2019-07-29,N02BE,25.45,13.08,17.14,43.57,30.49,45.78,97.2,176.49,132.89,0,0,INCREASE REPLENISHMENT,22.0,PROACTIVE (Forward Shortfall)
2019-07-30,N02BE,19.0,12.76,17.38,43.59,30.83,45.4,97.54,176.17,120.44,0,0,INCREASE REPLENISHMENT,25.0,PROACTIVE (Forward Shortfall)
2019-07-31,N02BE,21.0,15.34,18.93,42.8,27.46,41.34,98.13,169.74,110.44,0,0,INCREASE REPLENISHMENT,13.0,PROACTIVE (Forward Shortfall)
2019-08-01,N02BE,37.0,12.74,16.54,41.57,28.83,43.35,92.97,168.06,111.44,0,0,INCREASE REPLENISHMENT,19.0,PROACTIVE (Forward Shortfall)
2019-08-02,N02BE,18.0,14.86,20.6,47.59,32.73,46.75,108.55,189.52,99.44,1,0,INCREASE REPLENISHMENT,59.0,REACTIVE (Below ROP)
2019-08-03,N02BE,12.0,14.88,21.21,47.4,32.52,45.36,108.99,187.56,94.44,1,0,INCREASE REPLENISHMENT,16.0,REACTIVE (Below ROP)
2019-08-04,N02BE,24.0,13.11,19.94,46.17,33.06,45.43,105.25,183.94,101.44,1,0,INCREASE REPLENISHMENT,8.0,REACTIVE (Below ROP)
2019-08-05,N02BE,6.0,14.48,20.55,46.01,31.53,44.1,105.75,182.13,136.44,0,0,INCREASE REPLENISHMENT,22.0,PROACTIVE (Forward Shortfall)
2019-08-06,N02BE,17.25,15.46,19.63,45.3,29.84,44.46,103.35,180.36,146.44,0,0,INCREASE REPLENISHMENT,4.0,PROACTIVE (Forward Shortfall)
2019-08-07,N02BE,9.0,15.05,19.01,46.34,31.29,47.34,104.37,186.36,137.19,0,0,INCREASE REPLENISHMENT,24.0,PROACTIVE (Forward Shortfall)
2019-08-08,N02BE,15.0,14.36,19.36,47.7,33.34,49.09,107.17,192.19,150.19,0,0,INCREASE REPLENISHMENT,15.0,PROACTIVE (Forward Shortfall)
2019-08-09,N02BE,8.0,15.78,20.35,46.37,30.59,45.07,106.12,184.18,139.19,0,0,INCREASE REPLENISHMENT,6.0,PROACTIVE (Forward Shortfall)
2019-08-10,N02BE,15.0,14.93,19.6,49.52,34.59,51.82,110.62,200.38,155.19,0,0,INCREASE REPLENISHMENT,25.0,PROACTIVE (Forward Shortfall)
2019-08-11,N02BE,16.0,16.28,20.68,44.43,28.15,41.14,103.18,174.43,155.19,0,0,MAINTAIN REPLENISHMENT,0.0,PIPELINE IN-TRANSIT SUFFICIENT
2019-08-12,N02BE,36.0,14.28,18.22,42.21,27.93,41.55,96.21,168.18,145.19,0,0,MAINTAIN REPLENISHMENT,0.0,PIPELINE IN-TRANSIT SUFFICIENT
2019-08-13,N02BE,15.0,16.19,18.3,47.57,31.38,50.7,105.6,193.41,134.19,0,0,INCREASE REPLENISHMENT,60.0,PROACTIVE (Forward Shortfall)
2019-08-14,N02BE,20.0,14.81,18.89,45.0,30.19,45.22,101.89,180.22,119.19,0,0,INCREASE REPLENISHMENT,2.0,PROACTIVE (Forward Shortfall)
2019-08-15,N02BE,12.0,14.94,17.96,42.97,28.03,43.32,97.2,172.23,99.19,0,0,INCREASE REPLENISHMENT,12.0,PROACTIVE (Forward Shortfall)
2019-08-16,N02BE,13.0,15.87,17.96,46.73,30.86,49.83,103.71,190.02,147.19,0,0,INCREASE REPLENISHMENT,29.0,PROACTIVE (Forward Shortfall)
2019-08-17,N02BE,18.0,15.81,19.54,48.03,32.22,49.35,107.97,193.44,136.19,0,0,INCREASE REPLENISHMENT,17.0,PROACTIVE (Forward Shortfall)
2019-08-18,N02BE,11.0,14.63,19.78,48.38,33.75,49.54,108.88,194.68,130.19,0,0,INCREASE REPLENISHMENT,19.0,PROACTIVE (Forward Shortfall)
2019-08-19,N02BE,9.0,15.52,18.27,45.82,30.3,47.72,102.53,185.18,148.19,0,0,INCREASE REPLENISHMENT,1.0,PROACTIVE (Forward Shortfall)
2019-08-20,N02BE,13.4,15.09,19.19,46.53,31.44,47.35,104.92,186.94,156.19,0,0,INCREASE REPLENISHMENT,11.0,PROACTIVE (Forward Shortfall)
2019-08-21,N02BE,19.45,16.02,21.12,46.95,30.93,44.74,108.1,185.59,161.79,0,0,INCREASE REPLENISHMENT,12.0,PROACTIVE (Forward Shortfall)
2019-08-22,N02BE,20.0,14.85,19.33,46.57,31.72,47.18,105.17,186.89,143.34,0,0,INCREASE REPLENISHMENT,21.0,PROACTIVE (Forward Shortfall)
2019-08-23,N02BE,12.0,15.4,19.27,45.71,30.31,45.8,103.61,182.93,134.34,0,0,INCREASE REPLENISHMENT,16.0,PROACTIVE (Forward Shortfall)
2019-08-24,N02BE,24.6,15.33,19.25,46.45,31.12,47.11,104.86,186.46,134.34,0,0,INCREASE REPLENISHMENT,16.0,PROACTIVE (Forward Shortfall)
2019-08-25,N02BE,17.0,15.61,20.08,47.95,32.34,48.27,108.51,192.12,130.74,0,0,INCREASE REPLENISHMENT,30.0,PROACTIVE (Forward Shortfall)
2019-08-26,N02BE,18.0,16.32,21.21,47.33,31.01,45.24,108.87,187.23,129.74,0,0,INCREASE REPLENISHMENT,12.0,PROACTIVE (Forward Shortfall)
2019-08-27,N02BE,21.0,14.58,17.18,45.88,31.3,49.71,101.25,187.35,127.74,0,0,INCREASE REPLENISHMENT,18.0,PROACTIVE (Forward Shortfall)
2019-08-28,N02BE,10.0,14.83,17.64,45.34,30.51,47.98,100.9,184.0,136.74,0,0,INCREASE REPLENISHMENT,18.0,PROACTIVE (Forward Shortfall)
2019-08-29,N02BE,17.4,15.03,18.0,41.48,26.45,40.67,94.67,165.11,138.74,0,0,MAINTAIN REPLENISHMENT,0.0,PIPELINE IN-TRANSIT SUFFICIENT
2019-08-30,N02BE,19.0,15.43,17.18,45.6,30.17,49.22,100.76,186.02,139.34,0,0,INCREASE REPLENISHMENT,29.0,PROACTIVE (Forward Shortfall)
2019-08-31,N02BE,15.0,14.48,18.02,47.61,33.13,51.25,105.31,194.08,138.34,0,0,INCREASE REPLENISHMENT,27.0,PROACTIVE (Forward Shortfall)
2019-09-01,N02BE,17.0,14.48,17.66,45.68,31.2,48.53,101.51,185.57,123.34,0,0,INCREASE REPLENISHMENT,7.0,PROACTIVE (Forward Shortfall)
2019-09-02,N02BE,18.0,15.22,19.03,39.72,24.5,35.84,92.93,155.0,135.34,0,0,MAINTAIN REPLENISHMENT,0.0,PIPELINE IN-TRANSIT SUFFICIENT
2019-09-03,N02BE,12.125,15.85,17.4,46.01,30.16,49.55,101.75,187.58,144.34,0,0,INCREASE REPLENISHMENT,37.0,PROACTIVE (Forward Shortfall)
2019-09-04,N02BE,29.23,15.11,18.68,46.68,31.57,48.5,104.54,188.54,139.21,0,0,INCREASE REPLENISHMENT,13.0,PROACTIVE (Forward Shortfall)
2019-09-05,N02BE,14.0,16.16,19.21,47.13,30.97,48.36,105.99,189.75,109.98,0,0,INCREASE REPLENISHMENT,30.0,PROACTIVE (Forward Shortfall)
2019-09-06,N02BE,28.4,15.45,20.01,42.34,26.89,38.68,98.71,165.7,132.98,0,0,MAINTAIN REPLENISHMENT,0.0,PIPELINE IN-TRANSIT SUFFICIENT
2019-09-07,N02BE,27.0,11.69,19.88,48.39,36.7,49.38,109.02,194.55,117.58,0,0,INCREASE REPLENISHMENT,47.0,PROACTIVE (Forward Shortfall)
2019-09-08,N02BE,26.0,14.1,20.7,45.87,31.77,43.6,105.7,181.21,120.58,0,0,INCREASE REPLENISHMENT,14.0,PROACTIVE (Forward Shortfall)
2019-09-09,N02BE,26.0,13.6,19.66,44.05,30.45,42.24,101.22,174.39,94.58,1,0,INCREASE REPLENISHMENT,19.0,REACTIVE (Below ROP)
2019-09-10,N02BE,22.0,14.4,18.2,44.1,29.7,44.86,99.46,177.16,115.58,0,0,INCREASE REPLENISHMENT,29.0,PROACTIVE (Forward Shortfall)
2019-09-11,N02BE,42.0,13.33,19.0,43.26,29.93,42.02,99.02,171.8,107.58,0,0,INCREASE REPLENISHMENT,17.0,PROACTIVE (Forward Shortfall)
2019-09-12,N02BE,21.975,18.42,24.46,55.14,36.72,53.14,126.52,218.56,84.58,1,0,INCREASE REPLENISHMENT,88.0,REACTIVE (Below ROP)
2019-09-13,N02BE,17.0,17.85,24.39,51.22,33.37,46.47,119.64,200.13,91.61,1,0,INCREASE REPLENISHMENT,4.0,REACTIVE (Below ROP)
2019-09-14,N02BE,24.0,17.23,24.16,53.7,36.47,51.16,123.64,212.26,91.61,1,0,INCREASE REPLENISHMENT,29.0,REACTIVE (Below ROP)
2019-09-15,N02BE,25.4,17.95,26.24,53.78,35.83,47.7,126.42,209.04,155.61,0,0,INCREASE REPLENISHMENT,21.0,PROACTIVE (Forward Shortfall)
2019-09-16,N02BE,22.0,17.66,25.7,51.16,33.5,44.1,121.2,197.58,134.21,0,0,INCREASE REPLENISHMENT,14.0,PROACTIVE (Forward Shortfall)
2019-09-17,N02BE,19.2,16.9,24.72,49.27,32.37,42.52,116.68,190.33,141.21,0,0,INCREASE REPLENISHMENT,15.0,PROACTIVE (Forward Shortfall)
2019-09-18,N02BE,22.0,15.04,24.95,47.99,32.95,39.91,114.76,183.88,143.01,0,0,INCREASE REPLENISHMENT,12.0,PROACTIVE (Forward Shortfall)
2019-09-19,N02BE,33.0,17.33,24.18,49.23,31.9,43.39,115.93,191.08,135.01,0,0,INCREASE REPLENISHMENT,30.0,PROACTIVE (Forward Shortfall)
2019-09-20,N02BE,51.3,16.47,24.95,51.84,35.37,46.57,121.42,202.09,117.01,1,0,INCREASE REPLENISHMENT,44.0,REACTIVE (Below ROP)
2019-09-21,N02BE,44.25,19.8,31.32,58.53,38.73,47.13,141.09,222.72,77.71,1,0,INCREASE REPLENISHMENT,72.0,REACTIVE (Below ROP)
2019-09-22,N02BE,56.5,20.2,31.22,61.04,40.84,51.65,145.31,234.77,63.46,1,0,INCREASE REPLENISHMENT,56.0,REACTIVE (Below ROP)
2019-09-23,N02BE,55.0,25.34,33.9,69.49,44.15,61.64,163.34,270.11,50.96,1,0,INCREASE REPLENISHMENT,92.0,REACTIVE (Below ROP)
2019-09-24,N02BE,61.3,22.53,33.4,69.48,46.95,62.49,162.69,270.93,72.0,1,0,INCREASE REPLENISHMENT,51.0,REACTIVE (Below ROP)
2019-09-25,N02BE,32.5,31.95,36.12,69.42,37.47,57.68,166.04,265.94,66.7,1,0,INCREASE REPLENISHMENT,57.0,REACTIVE (Below ROP)
2019-09-26,N02BE,31.0,24.44,38.17,66.08,41.64,48.34,162.85,246.58,126.2,1,0,INCREASE REPLENISHMENT,13.0,REACTIVE (Below ROP)
2019-09-27,N02BE,41.1,26.78,44.78,73.58,46.8,49.88,184.22,270.62,146.2,1,0,INCREASE REPLENISHMENT,55.0,REACTIVE (Below ROP)
2019-09-28,N02BE,48.0,27.68,41.37,70.31,42.63,50.13,174.24,261.06,162.1,1,0,INCREASE REPLENISHMENT,31.0,REACTIVE (Below ROP)
2019-09-29,N02BE,67.8,28.8,53.91,82.84,54.04,50.11,211.84,298.63,127.1,1,0,INCREASE REPLENISHMENT,86.0,REACTIVE (Below ROP)
2019-09-30,N02BE,49.4,34.68,37.91,71.13,36.45,57.54,171.27,270.93,114.3,1,0,INCREASE REPLENISHMENT,40.0,REACTIVE (Below ROP)
2019-10-01,N02BE,47.0,25.79,40.12,72.74,46.95,56.5,176.86,274.72,95.9,1,0,INCREASE REPLENISHMENT,53.0,REACTIVE (Below ROP)
2019-10-02,N02BE,30.2,26.62,42.24,72.0,45.38,51.55,178.27,267.55,134.9,1,0,INCREASE REPLENISHMENT,40.0,REACTIVE (Below ROP)
2019-10-03,N02BE,40.4,25.79,40.84,71.44,45.65,53.0,175.52,267.32,144.7,1,0,INCREASE REPLENISHMENT,30.0,REACTIVE (Below ROP)
2019-10-04,N02BE,22.45,26.27,36.73,64.77,38.5,48.57,158.76,242.88,157.3,1,0,INCREASE REPLENISHMENT,16.0,REACTIVE (Below ROP)
2019-10-05,N02BE,25.4,28.74,48.66,82.96,54.22,59.41,205.39,308.29,174.85,1,0,INCREASE REPLENISHMENT,88.0,REACTIVE (Below ROP)
2019-10-06,N02BE,34.6,26.15,44.09,80.99,54.84,63.91,196.18,306.88,179.45,1,0,INCREASE REPLENISHMENT,24.0,REACTIVE (Below ROP)
2019-10-07,N02BE,50.8,24.18,44.0,69.83,45.65,44.74,176.74,254.23,160.85,1,0,MAINTAIN REPLENISHMENT,0.0,PIPELINE IN-TRANSIT SUFFICIENT
2019-10-08,N02BE,44.3,29.11,34.73,61.19,32.08,45.83,150.02,229.4,198.05,0,0,INCREASE REPLENISHMENT,8.0,PROACTIVE (Forward Shortfall)
2020-01-01,N02BE,,19.49,33.76,53.76,34.27,34.64,135.92,195.92,177.75,0,0,INCREASE REPLENISHMENT,11.0,PROACTIVE (Forward Shortfall)
2020-01-02,N02BE,,23.08,35.03,51.15,28.07,27.92,133.01,181.37,143.99,0,0,INCREASE REPLENISHMENT,19.0,PROACTIVE (Forward Shortfall)
2020-01-03,N02BE,,23.02,35.02,52.2,29.18,29.76,134.82,186.36,116.96,1,0,INCREASE REPLENISHMENT,40.0,REACTIVE (Below ROP)
2020-01-04,N02BE,,22.79,52.99,60.94,38.15,13.77,172.74,196.59,92.94,1,0,INCREASE REPLENISHMENT,45.0,REACTIVE (Below ROP)
2020-01-05,N02BE,,24.28,54.38,62.53,38.25,14.12,177.26,201.71,58.95,1,0,INCREASE REPLENISHMENT,58.0,REACTIVE (Below ROP)
2020-01-06,N02BE,,22.2,34.96,52.87,30.67,31.02,135.9,189.63,44.57,1,0,INCREASE REPLENISHMENT,43.0,REACTIVE (Below ROP)
2020-01-07,N02BE,,20.76,32.8,49.37,28.61,28.7,127.1,176.81,54.61,1,0,INCREASE REPLENISHMENT,22.0,REACTIVE (Below ROP)
2020-01-08,N02BE,,20.6,32.57,46.85,26.25,24.73,122.44,165.28,79.81,1,0,INCREASE REPLENISHMENT,21.0,REACTIVE (Below ROP)
2020-01-09,N02BE,,20.46,32.07,47.71,27.25,27.09,123.3,170.22,90.24,1,0,INCREASE REPLENISHMENT,37.0,REACTIVE (Below ROP)
2020-01-10,N02BE,,19.73,31.66,51.94,32.21,35.13,130.11,190.95,80.17,1,0,INCREASE REPLENISHMENT,53.0,REACTIVE (Below ROP)
2020-01-11,N02BE,,21.42,36.8,54.04,32.62,29.86,140.26,191.98,69.51,1,0,INCREASE REPLENISHMENT,33.0,REACTIVE (Below ROP)
2020-01-12,N02BE,,21.43,36.9,53.86,32.43,29.38,140.08,190.96,69.71,1,0,INCREASE REPLENISHMENT,36.0,REACTIVE (Below ROP)
2020-01-13,N02BE,,17.84,31.45,47.41,29.57,27.64,121.99,169.87,85.81,1,0,INCREASE REPLENISHMENT,16.0,REACTIVE (Below ROP)
2020-01-14,N02BE,,19.16,31.23,47.6,28.44,28.35,122.04,171.15,87.36,1,0,INCREASE REPLENISHMENT,32.0,REACTIVE (Below ROP)
2020-01-15,N02BE,,19.38,30.54,46.21,26.83,27.14,118.76,165.77,92.13,1,0,INCREASE REPLENISHMENT,26.0,REACTIVE (Below ROP)
2020-01-16,N02BE,,19.4,30.59,47.38,27.98,29.08,120.85,171.22,77.59,1,0,INCREASE REPLENISHMENT,36.0,REACTIVE (Below ROP)
2020-01-17,N02BE,,19.56,30.73,47.65,28.09,29.31,121.5,172.26,79.0,1,0,INCREASE REPLENISHMENT,32.0,REACTIVE (Below ROP)
2020-01-18,N02BE,,20.25,35.28,52.24,31.99,29.38,135.22,186.1,74.27,1,0,INCREASE REPLENISHMENT,44.0,REACTIVE (Below ROP)
2020-01-19,N02BE,,14.6,37.58,56.13,41.53,32.13,144.87,200.52,74.99,1,0,INCREASE REPLENISHMENT,50.0,REACTIVE (Below ROP)
2020-01-20,N02BE,,16.99,29.33,46.82,29.83,30.29,118.28,170.75,69.41,1,0,INCREASE REPLENISHMENT,8.0,REACTIVE (Below ROP)
2020-01-21,N02BE,,17.44,29.33,46.67,29.23,30.03,118.02,170.04,84.08,1,0,INCREASE REPLENISHMENT,28.0,REACTIVE (Below ROP)
2020-01-22,N02BE,,17.69,29.54,45.83,28.14,28.22,116.84,165.71,104.75,1,0,INCREASE REPLENISHMENT,25.0,REACTIVE (Below ROP)
2020-01-23,N02BE,,18.0,30.05,47.52,29.52,30.26,120.41,172.82,83.21,1,0,INCREASE REPLENISHMENT,37.0,REACTIVE (Below ROP)
2020-01-24,N02BE,,17.83,30.17,48.29,30.46,31.38,121.89,176.25,81.16,1,0,INCREASE REPLENISHMENT,34.0,REACTIVE (Below ROP)
2020-01-25,N02BE,,16.88,35.16,51.45,34.57,28.22,133.7,182.57,75.99,1,0,INCREASE REPLENISHMENT,36.0,REACTIVE (Below ROP)
2020-01-26,N02BE,,16.98,34.72,53.66,36.68,32.81,136.97,193.79,77.83,1,0,INCREASE REPLENISHMENT,46.0,REACTIVE (Below ROP)
2020-01-27,N02BE,,17.32,31.18,47.17,29.85,27.7,121.24,169.21,77.11,1,0,INCREASE REPLENISHMENT,11.0,REACTIVE (Below ROP)
2020-01-28,N02BE,,17.45,29.88,46.43,28.98,28.67,118.31,167.96,81.93,1,0,INCREASE REPLENISHMENT,30.0,REACTIVE (Below ROP)
2020-01-29,N02BE,,18.38,30.04,46.02,27.64,27.68,117.8,165.74,98.05,1,0,INCREASE REPLENISHMENT,27.0,REACTIVE (Below ROP)
2020-01-30,N02BE,,17.83,30.05,46.6,28.77,28.67,118.82,168.47,79.01,1,0,INCREASE REPLENISHMENT,33.0,REACTIVE (Below ROP)
2020-01-31,N02BE,,18.43,30.2,46.88,28.45,28.89,119.49,169.53,78.96,1,0,INCREASE REPLENISHMENT,31.0,REACTIVE (Below ROP)
2020-02-01,N02BE,,17.77,35.63,51.59,33.82,27.64,134.53,182.41,75.76,1,0,INCREASE REPLENISHMENT,43.0,REACTIVE (Below ROP)
2020-02-02,N02BE,,17.53,35.95,53.81,36.28,30.93,138.78,192.36,73.13,1,0,INCREASE REPLENISHMENT,46.0,REACTIVE (Below ROP)
2020-02-03,N02BE,,18.33,30.22,45.95,27.62,27.25,117.91,165.1,68.18,1,0,INCREASE REPLENISHMENT,8.0,REACTIVE (Below ROP)
2020-02-04,N02BE,,18.15,29.6,46.02,27.87,28.44,117.24,166.5,80.96,1,0,INCREASE REPLENISHMENT,32.0,REACTIVE (Below ROP)
2020-02-05,N02BE,,18.34,29.8,45.76,27.42,27.64,117.04,164.92,97.36,1,0,INCREASE REPLENISHMENT,28.0,REACTIVE (Below ROP)
2020-02-06,N02BE,,18.08,30.02,46.61,28.53,28.73,118.79,168.56,75.56,1,0,INCREASE REPLENISHMENT,33.0,REACTIVE (Below ROP)
2020-02-07,N02BE,,18.09,30.26,46.84,28.75,28.72,119.5,169.24,77.54,1,0,INCREASE REPLENISHMENT,31.0,REACTIVE (Below ROP)
2020-02-08,N02BE,,18.17,35.05,52.53,34.36,30.28,135.43,187.87,75.28,1,0,INCREASE REPLENISHMENT,49.0,REACTIVE (Below ROP)
2020-02-09,N02BE,,17.96,35.62,53.97,36.01,31.78,138.64,193.69,73.23,1,0,INCREASE REPLENISHMENT,41.0,REACTIVE (Below ROP)
2020-02-10,N02BE,,17.94,30.27,45.85,27.91,26.99,117.8,164.54,68.61,1,0,INCREASE REPLENISHMENT,6.0,REACTIVE (Below ROP)
2020-02-11,N02BE,,17.5,29.66,45.5,28.0,27.44,116.42,163.94,87.34,1,0,INCREASE REPLENISHMENT,30.0,REACTIVE (Below ROP)
2020-02-12,N02BE,,17.62,29.58,45.74,28.12,27.99,116.73,165.21,98.68,1,0,INCREASE REPLENISHMENT,31.0,REACTIVE (Below ROP)
2020-02-13,N02BE,,17.61,29.66,46.91,29.3,29.88,118.86,170.61,75.1,1,0,INCREASE REPLENISHMENT,35.0,REACTIVE (Below ROP)
2020-02-14,N02BE,,17.54,30.19,46.31,28.77,27.92,118.49,166.85,75.44,1,0,INCREASE REPLENISHMENT,26.0,REACTIVE (Below ROP)
2020-02-15,N02BE,,17.73,34.61,50.66,32.93,27.8,131.63,179.78,76.25,1,0,INCREASE REPLENISHMENT,43.0,REACTIVE (Below ROP)
2020-02-16,N02BE,,17.92,35.58,53.23,35.31,30.57,137.31,190.26,76.64,1,0,INCREASE REPLENISHMENT,45.0,REACTIVE (Below ROP)
2020-02-17,N02BE,,17.64,30.33,46.15,28.51,27.4,118.39,165.85,67.06,1,0,INCREASE REPLENISHMENT,11.0,REACTIVE (Below ROP)
2020-02-18,N02BE,,17.24,29.75,45.66,28.42,27.56,116.81,164.54,79.73,1,0,INCREASE REPLENISHMENT,29.0,REACTIVE (Below ROP)
2020-02-19,N02BE,,17.39,29.46,45.55,28.16,27.87,116.25,164.52,94.98,1,0,INCREASE REPLENISHMENT,30.0,REACTIVE (Below ROP)
2020-02-20,N02BE,,17.43,29.75,46.31,28.88,28.68,117.93,167.61,76.52,1,0,INCREASE REPLENISHMENT,33.0,REACTIVE (Below ROP)
2020-02-21,N02BE,,17.44,30.15,46.53,29.09,28.37,118.82,167.96,75.77,1,0,INCREASE REPLENISHMENT,30.0,REACTIVE (Below ROP)
2020-02-22,N02BE,,17.55,34.82,50.62,33.07,27.37,131.83,179.23,75.62,1,0,INCREASE REPLENISHMENT,41.0,REACTIVE (Below ROP)
2020-02-23,N02BE,,17.84,35.44,52.38,34.54,29.34,135.66,186.48,73.8,1,0,INCREASE REPLENISHMENT,42.0,REACTIVE (Below ROP)
2020-02-24,N02BE,,17.69,30.25,45.9,28.21,27.11,117.86,164.81,68.36,1,0,INCREASE REPLENISHMENT,14.0,REACTIVE (Below ROP)
2020-02-25,N02BE,,17.55,29.22,45.39,27.84,28.01,115.67,164.18,79.11,1,0,INCREASE REPLENISHMENT,30.0,REACTIVE (Below ROP)
2020-02-26,N02BE,,17.71,29.46,45.49,27.78,27.76,116.14,164.23,91.89,1,0,INCREASE REPLENISHMENT,29.0,REACTIVE (Below ROP)
2020-02-27,N02BE,,17.55,29.84,46.07,28.52,28.11,117.63,166.32,76.43,1,0,INCREASE REPLENISHMENT,31.0,REACTIVE (Below ROP)
2020-02-28,N02BE,,12.65,24.54,46.42,33.77,37.9,111.52,177.16,76.59,1,0,INCREASE REPLENISHMENT,41.0,REACTIVE (Below ROP)
2020-02-29,N02BE,,15.44,34.62,49.74,34.3,26.19,130.05,175.41,81.05,1,0,INCREASE REPLENISHMENT,23.0,REACTIVE (Below ROP)
2020-03-01,N02BE,,12.08,35.03,52.16,40.08,29.67,134.76,186.15,77.43,1,0,INCREASE REPLENISHMENT,45.0,REACTIVE (Below ROP)
2020-03-02,N02BE,,15.52,30.1,45.52,30.0,26.71,117.01,163.27,83.4,1,0,INCREASE REPLENISHMENT,12.0,REACTIVE (Below ROP)
2020-03-03,N02BE,,15.42,28.98,44.8,29.38,27.4,114.34,161.8,76.3,1,0,INCREASE REPLENISHMENT,29.0,REACTIVE (Below ROP)
2020-03-04,N02BE,,15.38,29.31,44.87,29.49,26.95,114.88,161.56,92.32,1,0,INCREASE REPLENISHMENT,29.0,REACTIVE (Below ROP)
2020-03-05,N02BE,,15.47,29.54,45.47,30.0,27.59,116.21,164.0,75.01,1,0,INCREASE REPLENISHMENT,31.0,REACTIVE (Below ROP)
2020-03-06,N02BE,,15.39,30.09,45.93,30.54,27.44,117.71,165.23,74.47,1,0,INCREASE REPLENISHMENT,31.0,REACTIVE (Below ROP)
2020-03-07,N02BE,,16.95,34.88,49.94,32.99,26.08,130.72,175.9,73.38,1,0,INCREASE REPLENISHMENT,41.0,REACTIVE (Below ROP)
2020-03-08,N02BE,,16.91,35.81,51.6,34.69,27.35,134.78,182.15,69.5,1,0,INCREASE REPLENISHMENT,41.0,REACTIVE (Below ROP)
2020-03-09,N02BE,,16.83,30.1,45.35,28.52,26.41,116.71,162.46,64.69,1,0,INCREASE REPLENISHMENT,16.0,REACTIVE (Below ROP)
2020-03-10,N02BE,,16.7,29.64,45.01,28.31,26.62,115.54,161.65,75.59,1,0,INCREASE REPLENISHMENT,30.0,REACTIVE (Below ROP)
2020-03-11,N02BE,,16.8,28.67,44.9,28.1,28.11,114.12,162.81,86.95,1,0,INCREASE REPLENISHMENT,30.0,REACTIVE (Below ROP)
2020-03-12,N02BE,,12.76,23.49,44.88,32.12,37.05,107.52,171.69,74.28,1,0,INCREASE REPLENISHMENT,38.0,REACTIVE (Below ROP)
2020-03-13,N02BE,,15.56,29.3,45.11,29.55,27.38,115.28,162.71,80.79,1,0,INCREASE REPLENISHMENT,14.0,REACTIVE (Below ROP)
2020-03-14,N02BE,,15.28,34.02,48.76,33.48,25.53,127.59,171.81,81.49,1,0,INCREASE REPLENISHMENT,39.0,REACTIVE (Below ROP)
2020-03-15,N02BE,,15.34,34.9,50.96,35.62,27.82,132.52,180.7,85.47,1,0,INCREASE REPLENISHMENT,43.0,REACTIVE (Below ROP)
2020-03-16,N02BE,,15.18,29.33,44.73,29.55,26.67,114.66,160.86,64.57,1,0,INCREASE REPLENISHMENT,15.0,REACTIVE (Below ROP)
2020-03-17,N02BE,,15.47,28.92,44.95,29.48,27.76,114.52,162.61,74.24,1,0,INCREASE REPLENISHMENT,31.0,REACTIVE (Below ROP)
2020-03-18,N02BE,,15.53,29.03,45.13,29.6,27.89,114.98,163.28,88.32,1,0,INCREASE REPLENISHMENT,29.0,REACTIVE (Below ROP)
2020-03-19,N02BE,,15.43,28.87,45.1,29.67,28.11,114.72,163.41,74.29,1,0,INCREASE REPLENISHMENT,30.0,REACTIVE (Below ROP)
2020-03-20,N02BE,,16.66,29.25,45.0,28.34,27.28,115.03,162.28,76.42,1,0,INCREASE REPLENISHMENT,27.0,REACTIVE (Below ROP)
2020-03-21,N02BE,,16.81,33.92,48.8,31.99,25.77,127.53,172.17,76.17,1,0,INCREASE REPLENISHMENT,39.0,REACTIVE (Below ROP)
2020-03-22,N02BE,,16.73,34.98,51.35,34.62,28.35,133.29,182.4,72.25,1,0,INCREASE REPLENISHMENT,45.0,REACTIVE (Below ROP)
2020-03-23,N02BE,,16.62,29.24,44.56,27.94,26.54,114.26,160.22,64.27,1,0,INCREASE REPLENISHMENT,12.0,REACTIVE (Below ROP)
2020-03-24,N02BE,,16.74,28.87,44.9,28.16,27.76,114.37,162.46,74.03,1,0,INCREASE REPLENISHMENT,32.0,REACTIVE (Below ROP)
2020-03-25,N02BE,,12.72,23.43,44.41,31.69,36.34,106.63,169.57,90.16,1,0,INCREASE REPLENISHMENT,36.0,REACTIVE (Below ROP)
2020-03-26,N02BE,,15.12,29.58,45.59,30.47,27.73,116.47,164.5,78.73,1,0,INCREASE REPLENISHMENT,18.0,REACTIVE (Below ROP)
2020-03-27,N02BE,,15.37,30.02,46.09,30.72,27.83,117.89,166.1,81.15,1,0,INCREASE REPLENISHMENT,31.0,REACTIVE (Below ROP)
2020-03-28,N02BE,,15.76,33.64,48.99,33.23,26.59,127.51,173.56,87.13,1,0,INCREASE REPLENISHMENT,38.0,REACTIVE (Below ROP)
2020-03-29,N02BE,,15.41,34.98,50.77,35.36,27.35,132.29,179.66,71.49,1,0,INCREASE REPLENISHMENT,40.0,REACTIVE (Below ROP)
2020-03-30,N02BE,,15.42,29.24,44.57,29.15,26.55,114.27,160.26,67.51,1,0,INCREASE REPLENISHMENT,15.0,REACTIVE (Below ROP)
2020-03-31,N02BE,,12.55,23.37,44.17,31.62,36.03,106.14,168.54,76.27,1,0,INCREASE REPLENISHMENT,38.0,REACTIVE (Below ROP)
2020-04-01,N02BE,,15.51,29.01,43.89,28.38,25.77,112.8,157.44,92.9,1,0,INCREASE REPLENISHMENT,12.0,REACTIVE (Below ROP)
2020-04-02,N02BE,,14.94,28.93,45.86,30.92,29.32,116.11,166.9,78.89,1,0,INCREASE REPLENISHMENT,39.0,REACTIVE (Below ROP)
2020-04-03,N02BE,,15.07,29.12,45.19,30.12,27.83,115.19,163.4,87.96,1,0,INCREASE REPLENISHMENT,25.0,REACTIVE (Below ROP)
2020-04-04,N02BE,,15.08,33.62,48.74,33.66,26.19,127.05,172.41,70.84,1,0,INCREASE REPLENISHMENT,38.0,REACTIVE (Below ROP)
2020-04-05,N02BE,,15.02,34.66,51.01,35.99,28.32,132.3,181.35,76.22,1,0,INCREASE REPLENISHMENT,43.0,REACTIVE (Below ROP)
2020-04-06,N02BE,,14.89,29.72,45.05,30.16,26.55,115.71,161.7,66.56,1,0,INCREASE REPLENISHMENT,15.0,REACTIVE (Below ROP)
2020-04-07,N02BE,,14.9,29.22,44.97,30.07,27.28,114.94,162.19,74.84,1,0,INCREASE REPLENISHMENT,30.0,REACTIVE (Below ROP)
2020-04-08,N02BE,,16.17,29.26,45.04,28.87,27.33,115.11,162.45,88.62,1,0,INCREASE REPLENISHMENT,29.0,REACTIVE (Below ROP)
2020-04-09,N02BE,,16.35,30.02,46.48,30.13,28.51,118.57,167.95,74.36,1,0,INCREASE REPLENISHMENT,35.0,REACTIVE (Below ROP)
2020-04-10,N02BE,,16.46,29.39,45.18,28.72,27.35,115.52,162.89,74.34,1,0,INCREASE REPLENISHMENT,25.0,REACTIVE (Below ROP)
2020-04-11,N02BE,,16.59,32.62,48.9,32.31,28.2,126.06,174.9,73.95,1,0,INCREASE REPLENISHMENT,41.0,REACTIVE (Below ROP)
2020-04-12,N02BE,,16.46,33.71,51.23,34.77,30.35,131.48,184.04,76.33,1,0,INCREASE REPLENISHMENT,42.0,REACTIVE (Below ROP)
2020-04-13,N02BE,,14.37,29.85,45.43,31.06,26.99,116.54,163.28,67.62,1,0,INCREASE REPLENISHMENT,13.0,REACTIVE (Below ROP)
2020-04-14,N02BE,,16.35,29.43,45.2,28.85,27.31,115.6,162.91,78.77,1,0,INCREASE REPLENISHMENT,30.0,REACTIVE (Below ROP)
2020-04-15,N02BE,,16.23,29.47,45.21,28.98,27.26,115.67,162.89,91.34,1,0,INCREASE REPLENISHMENT,29.0,REACTIVE (Below ROP)
2020-04-16,N02BE,,16.28,29.47,45.93,29.65,28.51,116.92,166.3,74.87,1,0,INCREASE REPLENISHMENT,33.0,REACTIVE (Below ROP)
2020-04-17,N02BE,,16.43,29.83,45.94,29.51,27.9,117.39,165.72,75.4,1,0,INCREASE REPLENISHMENT,29.0,REACTIVE (Below ROP)
2020-04-18,N02BE,,16.49,33.71,48.82,32.33,26.17,127.3,172.63,74.57,1,0,INCREASE REPLENISHMENT,37.0,REACTIVE (Below ROP)
2020-04-19,N02BE,,14.82,34.08,51.41,36.59,30.02,132.26,184.25,73.86,1,0,INCREASE REPLENISHMENT,45.0,REACTIVE (Below ROP)
2020-04-20,N02BE,,14.35,29.76,45.62,31.27,27.47,116.75,164.33,68.78,1,0,INCREASE REPLENISHMENT,14.0,REACTIVE (Below ROP)
2020-04-21,N02BE,,16.21,29.34,45.35,29.14,27.73,115.75,163.78,76.02,1,0,INCREASE REPLENISHMENT,29.0,REACTIVE (Below ROP)
2020-04-22,N02BE,,16.33,29.41,46.21,29.88,29.1,117.33,167.73,91.68,1,0,INCREASE REPLENISHMENT,34.0,REACTIVE (Below ROP)
2020-04-23,N02BE,,16.35,29.38,45.55,29.2,28.01,116.15,164.66,76.27,1,0,INCREASE REPLENISHMENT,26.0,REACTIVE (Below ROP)
2020-04-24,N02BE,,16.34,29.74,45.53,29.19,27.35,116.57,163.94,75.89,1,0,INCREASE REPLENISHMENT,29.0,REACTIVE (Below ROP)
2020-04-25,N02BE,,16.49,33.61,48.9,32.41,26.48,127.31,173.18,80.15,1,0,INCREASE REPLENISHMENT,39.0,REACTIVE (Below ROP)
2020-04-26,N02BE,,16.49,33.94,50.76,34.27,29.13,130.95,181.41,72.54,1,0,INCREASE REPLENISHMENT,41.0,REACTIVE (Below ROP)
2020-04-27,N02BE,,16.24,29.84,45.29,29.05,26.76,116.28,162.63,67.6,1,0,INCREASE REPLENISHMENT,16.0,REACTIVE (Below ROP)
2020-04-28,N02BE,,16.16,29.94,46.19,30.03,28.15,117.97,166.72,76.76,1,0,INCREASE REPLENISHMENT,33.0,REACTIVE (Below ROP)
2020-04-29,N02BE,,16.77,29.39,45.05,28.28,27.12,115.29,162.27,87.82,1,0,INCREASE REPLENISHMENT,26.0,REACTIVE (Below ROP)
2020-04-30,N02BE,,16.77,29.39,45.56,28.79,28.01,116.18,164.69,74.43,1,0,INCREASE REPLENISHMENT,32.0,REACTIVE (Below ROP)
2020-05-01,N02BE,,16.85,29.79,45.61,28.76,27.4,116.77,164.23,78.04,1,0,INCREASE REPLENISHMENT,29.0,REACTIVE (Below ROP)
2020-05-02,N02BE,,16.89,34.16,48.96,32.07,25.63,128.11,172.51,74.25,1,0,INCREASE REPLENISHMENT,38.0,REACTIVE (Below ROP)
2020-05-03,N02BE,,16.94,34.22,50.73,33.79,28.6,131.26,180.79,72.09,1,0,INCREASE REPLENISHMENT,42.0,REACTIVE (Below ROP)
2020-05-04,N02BE,,16.89,29.94,44.81,27.92,25.76,115.58,160.19,66.87,1,0,INCREASE REPLENISHMENT,14.0,REACTIVE (Below ROP)
2020-05-05,N02BE,,16.87,29.48,44.53,27.66,26.07,114.51,159.66,74.93,1,0,INCREASE REPLENISHMENT,29.0,REACTIVE (Below ROP)
2020-05-06,N02BE,,16.96,29.52,44.72,27.76,26.33,114.89,160.49,87.45,1,0,INCREASE REPLENISHMENT,31.0,REACTIVE (Below ROP)
2020-05-07,N02BE,,16.94,29.52,45.14,28.2,27.05,115.61,162.47,71.93,1,0,INCREASE REPLENISHMENT,31.0,REACTIVE (Below ROP)
2020-05-08,N02BE,,17.03,30.33,45.15,28.12,25.67,116.66,161.12,71.41,1,0,INCREASE REPLENISHMENT,28.0,REACTIVE (Below ROP)
2020-05-09,N02BE,,17.08,34.36,48.96,31.88,25.29,128.37,172.17,72.08,1,0,INCREASE REPLENISHMENT,42.0,REACTIVE (Below ROP)
2020-05-10,N02BE,,17.11,34.45,50.61,33.5,27.99,131.34,179.82,68.72,1,0,INCREASE REPLENISHMENT,42.0,REACTIVE (Below ROP)
2020-05-11,N02BE,,16.84,29.81,44.9,28.06,26.14,115.57,160.84,62.27,1,0,INCREASE REPLENISHMENT,15.0,REACTIVE (Below ROP)
2020-05-12,N02BE,,16.86,29.54,44.46,27.6,25.84,114.46,159.22,74.46,1,0,INCREASE REPLENISHMENT,28.0,REACTIVE (Below ROP)
2020-05-13,N02BE,,16.96,29.61,44.56,27.6,25.89,114.72,159.57,86.92,1,0,INCREASE REPLENISHMENT,30.0,REACTIVE (Below ROP)
2020-05-14,N02BE,,16.98,29.57,45.08,28.1,26.86,115.57,162.1,72.31,1,0,INCREASE REPLENISHMENT,32.0,REACTIVE (Below ROP)
2020-05-15,N02BE,,17.05,30.33,45.11,28.06,25.6,116.59,160.93,70.74,1,0,INCREASE REPLENISHMENT,29.0,REACTIVE (Below ROP)
2020-05-16,N02BE,,17.07,34.41,49.88,32.81,26.79,130.02,176.43,70.41,1,0,INCREASE REPLENISHMENT,46.0,REACTIVE (Below ROP)
2020-05-17,N02BE,,17.11,34.45,51.24,34.13,29.08,132.43,182.8,68.0,1,0,INCREASE REPLENISHMENT,40.0,REACTIVE (Below ROP)
2020-05-18,N02BE,,16.89,30.06,45.05,28.16,25.96,116.14,161.11,62.55,1,0,INCREASE REPLENISHMENT,13.0,REACTIVE (Below ROP)
2020-05-19,N02BE,,16.82,29.51,44.89,28.07,26.64,115.17,161.31,78.49,1,0,INCREASE REPLENISHMENT,30.0,REACTIVE (Below ROP)
2020-05-20,N02BE,,16.95,29.58,44.73,27.78,26.24,114.98,160.43,88.98,1,0,INCREASE REPLENISHMENT,29.0,REACTIVE (Below ROP)
2020-05-21,N02BE,,16.97,29.35,45.54,28.57,28.04,116.09,164.66,72.4,1,0,INCREASE REPLENISHMENT,34.0,REACTIVE (Below ROP)
2020-05-22,N02BE,,17.16,30.31,45.3,28.14,25.96,116.89,161.86,73.05,1,0,INCREASE REPLENISHMENT,26.0,REACTIVE (Below ROP)
2020-05-23,N02BE,,17.16,34.6,49.76,32.6,26.26,130.06,175.54,71.74,1,0,INCREASE REPLENISHMENT,44.0,REACTIVE (Below ROP)
2020-05-24,N02BE,,17.2,34.59,51.29,34.09,28.93,132.7,182.8,71.14,1,0,INCREASE REPLENISHMENT,42.0,REACTIVE (Below ROP)
2020-05-25,N02BE,,17.0,30.34,45.11,28.11,25.58,116.6,160.91,62.55,1,0,INCREASE REPLENISHMENT,13.0,REACTIVE (Below ROP)
2020-05-26,N02BE,,17.28,29.41,44.62,27.34,26.34,114.57,160.2,76.21,1,0,INCREASE REPLENISHMENT,29.0,REACTIVE (Below ROP)
2020-05-27,N02BE,,17.32,29.36,44.82,27.5,26.78,114.86,161.24,88.8,1,0,INCREASE REPLENISHMENT,31.0,REACTIVE (Below ROP)
2020-05-28,N02BE,,17.37,29.87,45.43,28.06,26.95,116.56,163.24,72.44,1,0,INCREASE REPLENISHMENT,31.0,REACTIVE (Below ROP)
2020-05-29,N02BE,,17.33,29.81,45.35,28.02,26.92,116.35,162.97,71.57,1,0,INCREASE REPLENISHMENT,30.0,REACTIVE (Below ROP)
2020-05-30,N02BE,,17.5,34.32,49.41,31.91,26.14,129.1,174.37,72.76,1,0,INCREASE REPLENISHMENT,41.0,REACTIVE (Below ROP)
2020-05-31,N02BE,,17.5,34.36,51.13,33.63,29.05,132.13,182.44,69.44,1,0,INCREASE REPLENISHMENT,42.0,REACTIVE (Below ROP)
2020-06-01,N02BE,,17.31,30.3,44.85,27.54,25.2,116.1,159.75,65.08,1,0,INCREASE REPLENISHMENT,12.0,REACTIVE (Below ROP)
2020-06-02,N02BE,,17.26,29.32,44.65,27.39,26.55,114.51,160.5,75.78,1,0,INCREASE REPLENISHMENT,31.0,REACTIVE (Below ROP)
2020-06-03,N02BE,,17.37,29.35,44.47,27.1,26.19,114.24,159.6,88.46,1,0,INCREASE REPLENISHMENT,29.0,REACTIVE (Below ROP)
2020-06-04,N02BE,,17.32,29.35,45.24,27.92,27.52,115.57,163.24,71.11,1,0,INCREASE REPLENISHMENT,33.0,REACTIVE (Below ROP)
2020-06-05,N02BE,,17.44,30.1,45.2,27.76,26.15,116.45,161.75,72.76,1,0,INCREASE REPLENISHMENT,27.0,REACTIVE (Below ROP)
2020-06-06,N02BE,,17.55,34.3,49.21,31.66,25.82,128.72,173.45,71.66,1,0,INCREASE REPLENISHMENT,42.0,REACTIVE (Below ROP)
2020-06-07,N02BE,,17.55,34.36,50.91,33.36,28.67,131.75,181.4,70.36,1,0,INCREASE REPLENISHMENT,43.0,REACTIVE (Below ROP)
2020-06-08,N02BE,,17.3,29.74,44.5,27.2,25.57,114.79,159.07,63.0,1,0,INCREASE REPLENISHMENT,12.0,REACTIVE (Below ROP)
2020-06-09,N02BE,,17.22,29.81,44.61,27.39,25.63,115.06,159.46,75.26,1,0,INCREASE REPLENISHMENT,30.0,REACTIVE (Below ROP)
2020-06-10,N02BE,,17.37,29.83,44.62,27.25,25.62,115.11,159.48,88.45,1,0,INCREASE REPLENISHMENT,30.0,REACTIVE (Below ROP)
2020-06-11,N02BE,,17.37,29.32,45.25,27.88,27.59,115.55,163.34,70.62,1,0,INCREASE REPLENISHMENT,33.0,REACTIVE (Below ROP)
2020-06-12,N02BE,,17.41,30.19,45.14,27.73,25.89,116.46,161.31,71.3,1,0,INCREASE REPLENISHMENT,28.0,REACTIVE (Below ROP)
2020-06-13,N02BE,,17.55,34.26,48.6,31.05,24.84,127.62,170.64,71.11,1,0,INCREASE REPLENISHMENT,39.0,REACTIVE (Below ROP)
2020-06-14,N02BE,,17.5,34.18,50.72,33.22,28.65,131.19,180.81,69.85,1,0,INCREASE REPLENISHMENT,44.0,REACTIVE (Below ROP)
2020-06-15,N02BE,,17.35,30.27,44.6,27.25,24.82,115.63,158.62,63.67,1,0,INCREASE REPLENISHMENT,12.0,REACTIVE (Below ROP)
2020-06-16,N02BE,,17.25,29.81,44.49,27.24,25.43,114.86,158.9,72.4,1,0,INCREASE REPLENISHMENT,31.0,REACTIVE (Below ROP)
2020-06-17,N02BE,,17.36,29.81,44.65,27.29,25.7,115.13,159.65,86.59,1,0,INCREASE REPLENISHMENT,31.0,REACTIVE (Below ROP)
2020-06-18,N02BE,,17.32,29.32,45.34,28.02,27.75,115.71,163.77,68.78,1,0,INCREASE REPLENISHMENT,33.0,REACTIVE (Below ROP)
2020-06-19,N02BE,,17.34,29.88,45.41,28.07,26.9,116.54,163.13,70.46,1,0,INCREASE REPLENISHMENT,29.0,REACTIVE (Below ROP)
2020-06-20,N02BE,,17.48,34.48,49.52,32.04,26.05,129.49,174.61,71.58,1,0,INCREASE REPLENISHMENT,42.0,REACTIVE (Below ROP)
2020-06-21,N02BE,,17.51,34.44,51.4,33.89,29.38,132.7,183.58,70.1,1,0,INCREASE REPLENISHMENT,43.0,REACTIVE (Below ROP)
2020-06-22,N02BE,,17.34,30.27,45.01,27.67,25.53,116.34,160.56,64.66,1,0,INCREASE REPLENISHMENT,11.0,REACTIVE (Below ROP)
2020-06-23,N02BE,,17.28,29.86,44.74,27.46,25.77,115.35,159.99,76.39,1,0,INCREASE REPLENISHMENT,30.0,REACTIVE (Below ROP)
2020-06-24,N02BE,,17.31,29.32,44.81,27.5,26.83,114.79,161.26,89.53,1,0,INCREASE REPLENISHMENT,31.0,REACTIVE (Below ROP)
2020-06-25,N02BE,,17.33,29.21,45.42,28.09,28.08,115.71,164.34,71.21,1,0,INCREASE REPLENISHMENT,33.0,REACTIVE (Below ROP)
2020-06-26,N02BE,,17.45,30.06,45.21,27.76,26.24,116.42,161.87,72.0,1,0,INCREASE REPLENISHMENT,26.0,REACTIVE (Below ROP)
2020-06-27,N02BE,,17.42,34.81,49.59,32.17,25.6,130.03,174.37,72.94,1,0,INCREASE REPLENISHMENT,43.0,REACTIVE (Below ROP)
2020-06-28,N02BE,,17.35,34.55,51.41,34.06,29.2,132.85,183.43,71.13,1,0,INCREASE REPLENISHMENT,44.0,REACTIVE (Below ROP)
2020-06-29,N02BE,,17.06,30.35,45.16,28.1,25.65,116.7,161.13,62.58,1,0,INCREASE REPLENISHMENT,12.0,REACTIVE (Below ROP)
2020-06-30,N02BE,,16.77,29.46,44.92,28.15,26.78,115.16,161.54,75.23,1,0,INCREASE REPLENISHMENT,31.0,REACTIVE (Below ROP)
2020-07-01,N02BE,,16.82,29.67,44.91,28.09,26.4,115.41,161.13,89.77,1,0,INCREASE REPLENISHMENT,29.0,REACTIVE (Below ROP)
2020-07-02,N02BE,,17.16,29.79,45.25,28.09,26.78,116.15,162.53,72.1,1,0,INCREASE REPLENISHMENT,31.0,REACTIVE (Below ROP)
2020-07-03,N02BE,,17.38,29.87,45.26,27.88,26.66,116.27,162.44,73.31,1,0,INCREASE REPLENISHMENT,30.0,REACTIVE (Below ROP)
2020-07-04,N02BE,,17.39,34.68,49.49,32.1,25.65,129.69,174.12,72.44,1,0,INCREASE REPLENISHMENT,41.0,REACTIVE (Below ROP)
2020-07-05,N02BE,,17.44,34.55,51.35,33.91,29.1,132.75,183.15,68.76,1,0,INCREASE REPLENISHMENT,44.0,REACTIVE (Below ROP)
2020-07-06,N02BE,,17.27,30.3,45.0,27.73,25.46,116.36,160.46,64.21,1,0,INCREASE REPLENISHMENT,12.0,REACTIVE (Below ROP)
2020-07-07,N02BE,,17.16,28.96,44.88,27.72,27.57,114.45,162.21,74.91,1,0,INCREASE REPLENISHMENT,32.0,REACTIVE (Below ROP)
2020-07-08,N02BE,,17.34,29.39,44.52,27.18,26.21,114.38,159.77,89.95,1,0,INCREASE REPLENISHMENT,26.0,REACTIVE (Below ROP)
2020-07-09,N02BE,,17.26,29.16,45.47,28.21,28.25,115.73,164.66,72.56,1,0,INCREASE REPLENISHMENT,35.0,REACTIVE (Below ROP)
2020-07-10,N02BE,,10.0,24.8,45.14,35.14,35.23,109.63,170.65,75.4,1,0,INCREASE REPLENISHMENT,35.0,REACTIVE (Below ROP)
2020-07-11,N02BE,,15.9,34.51,48.54,32.64,24.3,127.83,169.92,76.6,1,0,INCREASE REPLENISHMENT,24.0,REACTIVE (Below ROP)
2020-07-12,N02BE,,15.71,34.66,50.53,34.82,27.49,131.47,179.08,77.09,1,0,INCREASE REPLENISHMENT,43.0,REACTIVE (Below ROP)
2020-07-13,N02BE,,15.73,29.61,44.8,29.07,26.31,115.14,160.71,77.43,1,0,INCREASE REPLENISHMENT,17.0,REACTIVE (Below ROP)
2020-07-14,N02BE,,15.68,29.36,44.28,28.6,25.84,113.92,158.68,71.82,1,0,INCREASE REPLENISHMENT,27.0,REACTIVE (Below ROP)
2020-07-15,N02BE,,15.78,29.28,44.52,28.74,26.4,114.24,159.96,85.46,1,0,INCREASE REPLENISHMENT,31.0,REACTIVE (Below ROP)
2020-07-16,N02BE,,15.84,29.32,44.8,28.96,26.81,114.77,161.21,73.18,1,0,INCREASE REPLENISHMENT,31.0,REACTIVE (Below ROP)
2020-07-17,N02BE,,15.79,29.89,45.05,29.26,26.26,115.93,161.41,70.86,1,0,INCREASE REPLENISHMENT,29.0,REACTIVE (Below ROP)
2020-07-18,N02BE,,16.98,34.41,48.63,31.65,24.63,127.86,170.52,71.97,1,0,INCREASE REPLENISHMENT,39.0,REACTIVE (Below ROP)
2020-07-19,N02BE,,16.93,34.68,50.62,33.69,27.61,131.65,179.47,68.56,1,0,INCREASE REPLENISHMENT,43.0,REACTIVE (Below ROP)
2020-07-20,N02BE,,9.67,24.49,44.47,34.8,34.61,108.08,168.02,62.88,1,0,INCREASE REPLENISHMENT,24.0,REACTIVE (Below ROP)
2020-07-21,N02BE,,15.68,29.29,44.23,28.55,25.88,113.75,158.57,77.39,1,0,INCREASE REPLENISHMENT,15.0,REACTIVE (Below ROP)
2020-07-22,N02BE,,15.56,29.39,44.78,29.22,26.66,114.83,161.0,91.1,1,0,INCREASE REPLENISHMENT,31.0,REACTIVE (Below ROP)
2020-07-23,N02BE,,15.75,28.99,44.78,29.03,27.35,114.32,161.69,85.71,1,0,INCREASE REPLENISHMENT,30.0,REACTIVE (Below ROP)
2020-07-24,N02BE,,15.97,30.14,45.0,29.03,25.74,116.16,160.74,71.72,1,0,INCREASE REPLENISHMENT,29.0,REACTIVE (Below ROP)
2020-07-25,N02BE,,15.98,34.62,48.85,32.87,24.65,128.51,171.2,72.58,1,0,INCREASE REPLENISHMENT,40.0,REACTIVE (Below ROP)
2020-07-26,N02BE,,15.93,34.68,50.69,34.76,27.73,131.77,179.8,67.96,1,0,INCREASE REPLENISHMENT,43.0,REACTIVE (Below ROP)
2020-07-27,N02BE,,15.88,29.74,44.41,28.53,25.41,114.63,158.64,62.28,1,0,INCREASE REPLENISHMENT,14.0,REACTIVE (Below ROP)
2020-07-28,N02BE,,16.74,29.35,44.57,27.83,26.36,114.41,160.07,72.54,1,0,INCREASE REPLENISHMENT,31.0,REACTIVE (Below ROP)
2020-07-29,N02BE,,16.89,29.39,44.48,27.59,26.14,114.31,159.58,86.19,1,0,INCREASE REPLENISHMENT,29.0,REACTIVE (Below ROP)
2020-07-30,N02BE,,16.77,29.13,45.02,28.25,27.52,114.91,162.58,70.8,1,0,INCREASE REPLENISHMENT,32.0,REACTIVE (Below ROP)
2020-07-31,N02BE,,16.85,29.92,45.08,28.23,26.26,116.02,161.5,72.67,1,0,INCREASE REPLENISHMENT,28.0,REACTIVE (Below ROP)
2020-08-01,N02BE,,17.1,34.3,48.98,31.88,25.43,128.33,172.37,71.75,1,0,INCREASE REPLENISHMENT,41.0,REACTIVE (Below ROP)
2020-08-02,N02BE,,17.22,34.52,50.89,33.67,28.35,131.91,181.02,69.45,1,0,INCREASE REPLENISHMENT,43.0,REACTIVE (Below ROP)
2020-08-03,N02BE,,17.1,29.74,44.54,27.44,25.63,114.85,159.25,62.93,1,0,INCREASE REPLENISHMENT,13.0,REACTIVE (Below ROP)
2020-08-04,N02BE,,16.96,29.32,44.46,27.5,26.22,114.18,159.6,74.19,1,0,INCREASE REPLENISHMENT,30.0,REACTIVE (Below ROP)
2020-08-05,N02BE,,17.02,29.45,44.74,27.72,26.48,114.83,160.7,87.87,1,0,INCREASE REPLENISHMENT,30.0,REACTIVE (Below ROP)
2020-08-06,N02BE,,17.08,29.38,44.91,27.83,26.9,115.04,161.63,71.42,1,0,INCREASE REPLENISHMENT,31.0,REACTIVE (Below ROP)
2020-08-07,N02BE,,16.91,30.15,45.3,28.39,26.24,116.69,162.14,72.04,1,0,INCREASE REPLENISHMENT,30.0,REACTIVE (Below ROP)
2020-08-08,N02BE,,17.15,34.53,48.89,31.74,24.87,128.46,171.54,71.89,1,0,INCREASE REPLENISHMENT,39.0,REACTIVE (Below ROP)
2020-08-09,N02BE,,17.03,34.44,51.01,33.98,28.7,132.02,181.73,68.36,1,0,INCREASE REPLENISHMENT,45.0,REACTIVE (Below ROP)
2020-08-10,N02BE,,16.9,30.01,44.7,27.8,25.44,115.47,159.54,63.92,1,0,INCREASE REPLENISHMENT,12.0,REACTIVE (Below ROP)
2020-08-11,N02BE,,16.83,29.58,44.77,27.94,26.31,115.05,160.62,72.91,1,0,INCREASE REPLENISHMENT,31.0,REACTIVE (Below ROP)
2020-08-12,N02BE,,16.93,29.47,44.71,27.78,26.4,114.81,160.53,88.33,1,0,INCREASE REPLENISHMENT,30.0,REACTIVE (Below ROP)
2020-08-13,N02BE,,16.98,29.61,44.91,27.93,26.5,115.33,161.23,70.86,1,0,INCREASE REPLENISHMENT,30.0,REACTIVE (Below ROP)
2020-08-14,N02BE,,17.03,30.36,45.01,27.98,25.37,116.45,160.4,72.25,1,0,INCREASE REPLENISHMENT,29.0,REACTIVE (Below ROP)
2020-08-15,N02BE,,17.15,34.53,49.5,32.35,25.93,129.52,174.43,71.89,1,0,INCREASE REPLENISHMENT,44.0,REACTIVE (Below ROP)
2020-08-16,N02BE,,17.15,34.62,51.36,34.21,28.99,132.85,183.07,67.36,1,0,INCREASE REPLENISHMENT,43.0,REACTIVE (Below ROP)
2020-08-17,N02BE,,16.95,30.03,44.97,28.02,25.88,115.97,160.79,61.74,1,0,INCREASE REPLENISHMENT,13.0,REACTIVE (Below ROP)
2020-08-18,N02BE,,17.38,29.66,45.05,27.67,26.66,115.64,161.81,75.71,1,0,INCREASE REPLENISHMENT,31.0,REACTIVE (Below ROP)
2020-08-19,N02BE,,17.48,29.53,45.1,27.62,26.97,115.56,162.27,89.05,1,0,INCREASE REPLENISHMENT,30.0,REACTIVE (Below ROP)
2020-08-20,N02BE,,17.42,29.44,45.53,28.11,27.87,116.19,164.46,72.52,1,0,INCREASE REPLENISHMENT,31.0,REACTIVE (Below ROP)
2020-08-21,N02BE,,17.56,30.31,45.52,27.96,26.34,117.27,162.9,74.08,1,0,INCREASE REPLENISHMENT,28.0,REACTIVE (Below ROP)
2020-08-22,N02BE,,17.67,34.74,49.85,32.18,26.17,130.39,175.72,73.77,1,0,INCREASE REPLENISHMENT,43.0,REACTIVE (Below ROP)
2020-08-23,N02BE,,17.67,34.83,51.71,34.04,29.24,133.73,184.37,70.03,1,0,INCREASE REPLENISHMENT,44.0,REACTIVE (Below ROP)
2020-08-24,N02BE,,17.48,30.03,44.99,27.51,25.91,116.0,160.88,63.2,1,0,INCREASE REPLENISHMENT,11.0,REACTIVE (Below ROP)
2020-08-25,N02BE,,17.39,29.44,45.08,27.69,27.09,115.41,162.33,76.17,1,0,INCREASE REPLENISHMENT,32.0,REACTIVE (Below ROP)
2020-08-26,N02BE,,18.73,29.64,44.92,26.19,26.47,115.39,161.23,90.73,1,0,INCREASE REPLENISHMENT,28.0,REACTIVE (Below ROP)
2020-08-27,N02BE,,18.71,29.61,45.25,26.54,27.09,115.92,162.84,72.09,1,0,INCREASE REPLENISHMENT,31.0,REACTIVE (Below ROP)
2020-08-28,N02BE,,18.79,30.36,45.32,26.53,25.91,116.99,161.87,74.48,1,0,INCREASE REPLENISHMENT,29.0,REACTIVE (Below ROP)
2020-08-29,N02BE,,18.83,34.74,49.8,30.97,26.08,130.3,175.48,72.12,1,0,INCREASE REPLENISHMENT,44.0,REACTIVE (Below ROP)
2020-08-30,N02BE,,18.88,34.83,51.65,32.77,29.13,133.62,184.08,68.38,1,0,INCREASE REPLENISHMENT,43.0,REACTIVE (Below ROP)
2020-08-31,N02BE,,18.64,29.92,45.33,26.69,26.69,116.45,162.68,62.55,1,0,INCREASE REPLENISHMENT,14.0,REACTIVE (Below ROP)
2020-09-01,N02BE,,18.71,29.51,45.14,26.43,27.07,115.6,162.49,76.63,1,0,INCREASE REPLENISHMENT,29.0,REACTIVE (Below ROP)
2020-09-02,N02BE,,18.85,29.71,45.28,26.43,26.97,116.1,162.81,90.12,1,0,INCREASE REPLENISHMENT,30.0,REACTIVE (Below ROP)
2020-09-03,N02BE,,18.87,30.26,45.67,26.8,26.69,117.47,163.7,74.41,1,0,INCREASE REPLENISHMENT,31.0,REACTIVE (Below ROP)
2020-09-04,N02BE,,18.95,31.44,45.74,26.79,24.77,119.09,161.99,73.15,1,0,INCREASE REPLENISHMENT,28.0,REACTIVE (Below ROP)
2020-09-05,N02BE,,18.99,35.61,50.27,31.28,25.39,132.22,176.2,71.71,1,0,INCREASE REPLENISHMENT,46.0,REACTIVE (Below ROP)
2020-09-06,N02BE,,19.05,35.86,52.13,33.08,28.18,135.76,184.57,67.1,1,0,INCREASE REPLENISHMENT,44.0,REACTIVE (Below ROP)
2020-09-07,N02BE,,18.92,29.96,46.01,27.09,27.8,117.68,165.83,59.24,1,0,INCREASE REPLENISHMENT,17.0,REACTIVE (Below ROP)
2020-09-08,N02BE,,18.84,29.26,46.72,27.88,30.24,118.02,170.4,75.28,1,0,INCREASE REPLENISHMENT,35.0,REACTIVE (Below ROP)
2020-09-09,N02BE,,18.98,30.35,48.38,29.4,31.23,122.28,176.37,90.02,1,0,INCREASE REPLENISHMENT,35.0,REACTIVE (Below ROP)
2020-09-10,N02BE,,18.97,30.45,48.99,30.02,32.11,123.46,179.08,76.67,1,0,INCREASE REPLENISHMENT,33.0,REACTIVE (Below ROP)
2020-09-11,N02BE,,18.92,31.32,49.44,30.52,31.38,125.34,179.7,81.22,1,0,INCREASE REPLENISHMENT,31.0,REACTIVE (Below ROP)
2020-09-12,N02BE,,19.1,36.15,53.49,34.39,30.03,138.48,190.5,84.9,1,0,INCREASE REPLENISHMENT,42.0,REACTIVE (Below ROP)
2020-09-13,N02BE,,19.09,36.23,55.13,36.04,32.74,141.43,198.13,81.75,1,0,INCREASE REPLENISHMENT,44.0,REACTIVE (Below ROP)
2020-09-14,N02BE,,18.91,29.99,49.48,30.57,33.76,123.73,182.2,76.52,1,0,INCREASE REPLENISHMENT,20.0,REACTIVE (Below ROP)
2020-09-15,N02BE,,18.83,29.45,49.4,30.57,34.55,122.9,182.75,88.53,1,0,INCREASE REPLENISHMENT,31.0,REACTIVE (Below ROP)
2020-09-16,N02BE,,18.81,30.18,49.44,30.63,33.36,123.9,181.68,103.08,1,0,INCREASE REPLENISHMENT,28.0,REACTIVE (Below ROP)
2020-09-17,N02BE,,18.85,30.26,49.57,30.72,33.45,124.23,182.16,92.9,1,0,INCREASE REPLENISHMENT,31.0,REACTIVE (Below ROP)
2020-09-18,N02BE,,18.91,31.33,49.37,30.46,31.25,125.24,179.36,93.64,1,0,INCREASE REPLENISHMENT,27.0,REACTIVE (Below ROP)
2020-09-19,N02BE,,18.97,35.82,54.08,35.11,31.63,139.09,193.87,90.31,1,0,INCREASE REPLENISHMENT,46.0,REACTIVE (Below ROP)
2020-09-20,N02BE,,19.05,36.13,55.77,36.72,34.02,142.41,201.33,85.49,1,0,INCREASE REPLENISHMENT,43.0,REACTIVE (Below ROP)
2020-09-21,N02BE,,18.93,30.1,49.32,30.39,33.29,123.59,181.25,76.36,1,0,INCREASE REPLENISHMENT,16.0,REACTIVE (Below ROP)
2020-09-22,N02BE,,18.73,30.15,51.02,32.29,36.15,126.6,189.21,92.26,1,0,INCREASE REPLENISHMENT,38.0,REACTIVE (Below ROP)
2020-09-23,N02BE,,18.82,31.66,50.66,31.84,32.91,127.89,184.89,105.11,1,0,INCREASE REPLENISHMENT,26.0,REACTIVE (Below ROP)
2020-09-24,N02BE,,18.98,31.48,49.66,30.68,31.49,125.93,180.47,89.45,1,0,INCREASE REPLENISHMENT,28.0,REACTIVE (Below ROP)
2020-09-25,N02BE,,18.89,32.24,50.7,31.81,31.97,128.69,184.07,95.97,1,0,INCREASE REPLENISHMENT,35.0,REACTIVE (Below ROP)
2020-09-26,N02BE,,19.03,38.61,55.5,36.47,29.25,145.08,195.75,89.73,1,0,INCREASE REPLENISHMENT,44.0,REACTIVE (Below ROP)
2020-09-27,N02BE,,18.98,39.69,56.34,37.36,28.84,147.91,197.86,79.12,1,0,INCREASE REPLENISHMENT,40.0,REACTIVE (Below ROP)
2020-09-28,N02BE,,19.04,31.89,51.92,32.88,34.69,130.36,190.45,74.43,1,0,INCREASE REPLENISHMENT,33.0,REACTIVE (Below ROP)
2020-09-29,N02BE,,18.89,31.03,51.54,32.65,35.52,128.61,190.14,86.54,1,0,INCREASE REPLENISHMENT,31.0,REACTIVE (Below ROP)
2020-09-30,N02BE,,18.91,30.83,50.54,31.63,34.14,126.63,185.76,95.51,1,0,INCREASE REPLENISHMENT,27.0,REACTIVE (Below ROP)
2020-10-01,N02BE,,19.14,31.48,50.87,31.73,33.58,128.02,186.19,97.68,1,0,INCREASE REPLENISHMENT,31.0,REACTIVE (Below ROP)
2020-10-02,N02BE,,19.25,32.62,51.01,31.76,31.85,129.71,184.88,97.2,1,0,INCREASE REPLENISHMENT,30.0,REACTIVE (Below ROP)
2020-10-03,N02BE,,19.43,38.53,54.92,35.49,28.39,143.98,193.15,91.58,1,0,INCREASE REPLENISHMENT,41.0,REACTIVE (Below ROP)
2020-10-04,N02BE,,19.39,39.75,56.58,37.19,29.15,148.4,198.89,84.05,1,0,INCREASE REPLENISHMENT,44.0,REACTIVE (Below ROP)
2020-10-05,N02BE,,19.24,32.81,52.16,32.92,33.52,131.95,190.0,74.3,1,0,INCREASE REPLENISHMENT,31.0,REACTIVE (Below ROP)
2020-10-06,N02BE,,19.07,31.17,51.81,32.74,35.75,129.26,191.18,82.49,1,0,INCREASE REPLENISHMENT,34.0,REACTIVE (Below ROP)
2020-10-07,N02BE,,19.38,31.21,49.62,30.24,31.89,125.52,180.75,95.32,1,0,INCREASE REPLENISHMENT,21.0,REACTIVE (Below ROP)
2020-10-08,N02BE,,19.45,31.13,49.08,29.63,31.09,124.48,178.33,95.11,1,0,INCREASE REPLENISHMENT,29.0,REACTIVE (Below ROP)
2020-10-09,N02BE,,19.5,31.54,49.3,29.8,30.76,125.38,178.66,97.98,1,0,INCREASE REPLENISHMENT,31.0,REACTIVE (Below ROP)
2020-10-10,N02BE,,19.67,36.69,53.69,34.02,29.44,139.51,190.51,87.44,1,0,INCREASE REPLENISHMENT,44.0,REACTIVE (Below ROP)
2020-10-11,N02BE,,19.66,37.83,55.95,36.29,31.38,144.87,199.23,79.75,1,0,INCREASE REPLENISHMENT,45.0,REACTIVE (Below ROP)
2020-10-12,N02BE,,19.48,30.36,49.91,30.43,33.86,124.94,183.59,72.92,1,0,INCREASE REPLENISHMENT,22.0,REACTIVE (Below ROP)
2020-10-13,N02BE,,18.97,29.1,49.67,30.7,35.63,122.93,184.64,86.56,1,0,INCREASE REPLENISHMENT,32.0,REACTIVE (Below ROP)
2020-10-14,N02BE,,19.1,29.86,48.39,29.29,32.09,121.67,177.26,102.46,1,0,INCREASE REPLENISHMENT,21.0,REACTIVE (Below ROP)
2020-10-15,N02BE,,19.43,30.52,49.01,29.58,32.03,123.59,179.06,94.6,1,0,INCREASE REPLENISHMENT,32.0,REACTIVE (Below ROP)
2020-10-16,N02BE,,19.43,31.48,49.71,30.28,31.58,126.02,180.71,96.08,1,0,INCREASE REPLENISHMENT,32.0,REACTIVE (Below ROP)
2020-10-17,N02BE,,19.57,36.86,53.99,34.42,29.67,140.25,191.64,85.6,1,0,INCREASE REPLENISHMENT,43.0,REACTIVE (Below ROP)
2020-10-18,N02BE,,19.73,38.47,56.25,36.52,30.8,146.21,199.55,80.74,1,0,INCREASE REPLENISHMENT,44.0,REACTIVE (Below ROP)
2020-10-19,N02BE,,19.41,29.87,49.63,30.22,34.23,123.84,183.12,74.27,1,0,INCREASE REPLENISHMENT,22.0,REACTIVE (Below ROP)
2020-10-20,N02BE,,19.06,29.27,49.27,30.21,34.64,122.45,182.45,87.4,1,0,INCREASE REPLENISHMENT,30.0,REACTIVE (Below ROP)
2020-10-21,N02BE,,19.23,30.73,47.15,27.92,28.44,120.63,169.89,102.13,1,0,INCREASE REPLENISHMENT,16.0,REACTIVE (Below ROP)
2020-10-22,N02BE,,19.4,30.49,47.12,27.72,28.8,120.27,170.16,93.4,1,0,INCREASE REPLENISHMENT,31.0,REACTIVE (Below ROP)
2020-10-23,N02BE,,19.53,31.42,46.61,27.08,26.31,120.57,166.14,92.91,1,0,INCREASE REPLENISHMENT,27.0,REACTIVE (Below ROP)
2020-10-24,N02BE,,19.62,36.74,51.56,31.94,25.67,135.89,180.35,77.49,1,0,INCREASE REPLENISHMENT,45.0,REACTIVE (Below ROP)
2020-10-25,N02BE,,19.02,37.62,54.01,34.99,28.39,141.25,190.42,71.75,1,0,INCREASE REPLENISHMENT,47.0,REACTIVE (Below ROP)
2020-10-26,N02BE,,19.63,29.9,46.57,26.94,28.87,118.57,168.58,61.13,1,0,INCREASE REPLENISHMENT,16.0,REACTIVE (Below ROP)
2020-10-27,N02BE,,18.91,26.66,45.3,26.39,32.29,112.27,168.19,76.23,1,0,INCREASE REPLENISHMENT,29.0,REACTIVE (Below ROP)
2020-10-28,N02BE,,19.41,29.4,45.96,26.55,28.68,116.88,166.56,96.57,1,0,INCREASE REPLENISHMENT,25.0,REACTIVE (Below ROP)
2020-10-29,N02BE,,19.38,28.92,46.75,27.37,30.88,117.64,171.13,83.17,1,0,INCREASE REPLENISHMENT,34.0,REACTIVE (Below ROP)
2020-10-30,N02BE,,19.5,29.73,46.25,26.75,28.61,117.8,167.36,83.25,1,0,INCREASE REPLENISHMENT,26.0,REACTIVE (Below ROP)
2020-10-31,N02BE,,19.64,34.82,50.53,30.89,27.21,131.67,178.8,78.52,1,0,INCREASE REPLENISHMENT,41.0,REACTIVE (Below ROP)
2020-11-01,N02BE,,19.27,35.53,53.86,34.59,31.75,138.34,193.33,77.7,1,0,INCREASE REPLENISHMENT,49.0,REACTIVE (Below ROP)
2020-11-02,N02BE,,19.5,29.68,46.38,26.88,28.93,117.97,168.07,68.17,1,0,INCREASE REPLENISHMENT,10.0,REACTIVE (Below ROP)
2020-11-03,N02BE,,19.52,29.24,46.0,26.48,29.03,116.75,167.03,79.49,1,0,INCREASE REPLENISHMENT,29.0,REACTIVE (Below ROP)
2020-11-04,N02BE,,18.28,28.88,46.07,27.79,29.77,116.41,167.98,99.25,1,0,INCREASE REPLENISHMENT,30.0,REACTIVE (Below ROP)
2020-11-05,N02BE,,18.39,29.3,46.42,28.03,29.65,117.55,168.91,80.37,1,0,INCREASE REPLENISHMENT,30.0,REACTIVE (Below ROP)
2020-11-06,N02BE,,18.3,29.87,46.3,28.0,28.46,118.07,167.36,80.07,1,0,INCREASE REPLENISHMENT,28.0,REACTIVE (Below ROP)
2020-11-07,N02BE,,18.46,34.98,50.95,32.49,27.66,132.6,180.51,80.2,1,0,INCREASE REPLENISHMENT,43.0,REACTIVE (Below ROP)
2020-11-08,N02BE,,18.5,35.56,52.52,34.02,29.38,136.06,186.94,75.22,1,0,INCREASE REPLENISHMENT,41.0,REACTIVE (Below ROP)
2020-11-09,N02BE,,18.19,29.55,45.82,27.63,28.18,116.83,165.64,67.66,1,0,INCREASE REPLENISHMENT,14.0,REACTIVE (Below ROP)
2020-11-10,N02BE,,18.17,28.84,45.66,27.49,29.13,115.65,166.11,81.11,1,0,INCREASE REPLENISHMENT,30.0,REACTIVE (Below ROP)
2020-11-11,N02BE,,18.22,28.88,45.67,27.45,29.08,115.72,166.09,93.27,1,0,INCREASE REPLENISHMENT,29.0,REACTIVE (Below ROP)
2020-11-12,N02BE,,18.42,29.3,46.02,27.6,28.96,116.86,167.02,78.39,1,0,INCREASE REPLENISHMENT,30.0,REACTIVE (Below ROP)
2020-11-13,N02BE,,18.45,30.06,45.91,27.46,27.45,117.63,165.18,79.09,1,0,INCREASE REPLENISHMENT,28.0,REACTIVE (Below ROP)
2020-11-14,N02BE,,18.51,34.87,50.24,31.73,26.62,131.23,177.34,78.03,1,0,INCREASE REPLENISHMENT,42.0,REACTIVE (Below ROP)
2020-11-15,N02BE,,18.65,35.54,52.06,33.41,28.61,135.23,184.79,73.16,1,0,INCREASE REPLENISHMENT,42.0,REACTIVE (Below ROP)
2020-11-16,N02BE,,18.46,29.64,45.77,27.31,27.94,116.86,165.25,65.62,1,0,INCREASE REPLENISHMENT,16.0,REACTIVE (Below ROP)
2020-11-17,N02BE,,18.44,29.14,45.55,27.11,28.42,115.84,165.07,77.98,1,0,INCREASE REPLENISHMENT,30.0,REACTIVE (Below ROP)
2020-11-18,N02BE,,18.5,29.11,45.85,27.35,28.99,116.32,166.54,90.84,1,0,INCREASE REPLENISHMENT,30.0,REACTIVE (Below ROP)
2020-11-19,N02BE,,18.55,28.89,45.99,27.44,29.62,116.29,167.59,77.73,1,0,INCREASE REPLENISHMENT,30.0,REACTIVE (Below ROP)
2020-11-20,N02BE,,18.66,29.97,45.87,27.21,27.54,117.45,165.15,78.84,1,0,INCREASE REPLENISHMENT,27.0,REACTIVE (Below ROP)
2020-11-21,N02BE,,18.75,35.25,50.08,31.33,25.69,131.44,175.93,78.87,1,0,INCREASE REPLENISHMENT,41.0,REACTIVE (Below ROP)
2020-11-22,N02BE,,18.69,35.17,51.97,33.28,29.1,134.61,185.01,73.62,1,0,INCREASE REPLENISHMENT,44.0,REACTIVE (Below ROP)
2020-11-23,N02BE,,18.58,29.64,45.65,27.07,27.73,116.65,164.68,65.45,1,0,INCREASE REPLENISHMENT,15.0,REACTIVE (Below ROP)
2020-11-24,N02BE,,18.55,29.28,45.39,26.84,27.9,115.74,164.07,76.81,1,0,INCREASE REPLENISHMENT,29.0,REACTIVE (Below ROP)
2020-11-25,N02BE,,18.57,29.14,45.52,26.95,28.37,115.79,164.93,91.53,1,0,INCREASE REPLENISHMENT,30.0,REACTIVE (Below ROP)
2020-11-26,N02BE,,18.7,29.51,45.85,27.15,28.3,116.83,165.85,77.39,1,0,INCREASE REPLENISHMENT,30.0,REACTIVE (Below ROP)
2020-11-27,N02BE,,18.66,29.9,46.15,27.49,28.15,117.85,166.6,76.88,1,0,INCREASE REPLENISHMENT,30.0,REACTIVE (Below ROP)
2020-11-28,N02BE,,18.87,35.0,50.19,31.32,26.31,131.31,176.88,76.98,1,0,INCREASE REPLENISHMENT,40.0,REACTIVE (Below ROP)
2020-11-29,N02BE,,18.85,35.38,52.3,33.45,29.31,135.45,186.21,71.98,1,0,INCREASE REPLENISHMENT,45.0,REACTIVE (Below ROP)
2020-11-30,N02BE,,18.6,29.81,45.6,27.0,27.35,116.78,164.15,66.6,1,0,INCREASE REPLENISHMENT,13.0,REACTIVE (Below ROP)
2020-12-01,N02BE,,18.58,29.66,45.57,26.99,27.56,116.54,164.27,76.79,1,0,INCREASE REPLENISHMENT,30.0,REACTIVE (Below ROP)
2020-12-02,N02BE,,18.64,29.36,45.84,27.2,28.54,116.62,166.06,92.13,1,0,INCREASE REPLENISHMENT,31.0,REACTIVE (Below ROP)
2020-12-03,N02BE,,18.65,29.88,45.87,27.22,27.7,117.34,165.31,75.77,1,0,INCREASE REPLENISHMENT,29.0,REACTIVE (Below ROP)
2020-12-04,N02BE,,18.72,30.12,46.18,27.46,27.82,118.18,166.36,75.89,1,0,INCREASE REPLENISHMENT,31.0,REACTIVE (Below ROP)
2020-12-05,N02BE,,18.82,35.02,50.5,31.68,26.81,131.87,178.31,76.77,1,0,INCREASE REPLENISHMENT,42.0,REACTIVE (Below ROP)
2020-12-06,N02BE,,18.81,35.6,52.32,33.51,28.96,135.76,185.92,70.75,1,0,INCREASE REPLENISHMENT,43.0,REACTIVE (Below ROP)
2020-12-07,N02BE,,18.55,29.81,45.83,27.28,27.75,117.18,165.24,66.15,1,0,INCREASE REPLENISHMENT,15.0,REACTIVE (Below ROP)
2020-12-08,N02BE,,18.55,29.42,46.0,27.45,28.72,116.98,166.72,78.34,1,0,INCREASE REPLENISHMENT,31.0,REACTIVE (Below ROP)
2020-12-09,N02BE,,18.53,29.37,46.1,27.57,28.98,117.09,167.28,91.92,1,0,INCREASE REPLENISHMENT,30.0,REACTIVE (Below ROP)
2020-12-10,N02BE,,18.56,29.84,46.43,27.87,28.73,118.25,168.02,77.55,1,0,INCREASE REPLENISHMENT,30.0,REACTIVE (Below ROP)
2020-12-11,N02BE,,18.69,30.06,46.12,27.43,27.82,118.0,166.18,78.71,1,0,INCREASE REPLENISHMENT,28.0,REACTIVE (Below ROP)
2020-12-12,N02BE,,18.73,34.97,50.42,31.69,26.76,131.67,178.02,78.65,1,0,INCREASE REPLENISHMENT,42.0,REACTIVE (Below ROP)
2020-12-13,N02BE,,18.7,35.38,52.34,33.64,29.38,135.52,186.4,73.68,1,0,INCREASE REPLENISHMENT,43.0,REACTIVE (Below ROP)
2020-12-14,N02BE,,18.44,29.81,46.13,27.69,28.27,117.7,166.66,66.3,1,0,INCREASE REPLENISHMENT,16.0,REACTIVE (Below ROP)
2020-12-15,N02BE,,18.44,29.75,45.91,27.47,27.99,117.24,165.72,78.49,1,0,INCREASE REPLENISHMENT,29.0,REACTIVE (Below ROP)
2020-12-16,N02BE,,18.75,29.45,45.85,27.1,28.41,116.76,165.96,91.74,1,0,INCREASE REPLENISHMENT,30.0,REACTIVE (Below ROP)
2020-12-17,N02BE,,18.76,29.89,46.27,27.51,28.37,118.04,167.18,78.29,1,0,INCREASE REPLENISHMENT,30.0,REACTIVE (Below ROP)
2020-12-18,N02BE,,18.62,30.06,46.18,27.56,27.92,118.1,166.46,77.4,1,0,INCREASE REPLENISHMENT,30.0,REACTIVE (Below ROP)
2020-12-19,N02BE,,18.71,34.97,50.42,31.71,26.76,131.67,178.02,77.34,1,0,INCREASE REPLENISHMENT,41.0,REACTIVE (Below ROP)
2020-12-20,N02BE,,18.71,35.43,54.3,35.59,32.68,138.97,195.58,72.37,1,0,INCREASE REPLENISHMENT,53.0,REACTIVE (Below ROP)
2020-12-21,N02BE,,17.76,30.17,45.24,27.48,26.1,116.61,161.82,66.94,1,0,INCREASE REPLENISHMENT,1.0,REACTIVE (Below ROP)
2020-12-22,N02BE,,18.46,30.42,45.15,26.69,25.51,116.77,160.96,77.77,1,0,INCREASE REPLENISHMENT,30.0,REACTIVE (Below ROP)
2020-12-23,N02BE,,18.51,30.06,46.09,27.58,27.76,117.94,166.03,100.35,1,0,INCREASE REPLENISHMENT,35.0,REACTIVE (Below ROP)
2020-12-24,N02BE,,18.6,30.36,46.52,27.92,27.99,119.07,167.55,71.29,1,0,INCREASE REPLENISHMENT,32.0,REACTIVE (Below ROP)
2020-12-25,N02BE,,18.67,31.08,47.19,28.52,27.9,121.14,169.47,70.93,1,0,INCREASE REPLENISHMENT,32.0,REACTIVE (Below ROP)
2020-12-26,N02BE,,18.7,46.89,56.12,37.42,15.99,156.66,184.35,74.85,1,0,INCREASE REPLENISHMENT,46.0,REACTIVE (Below ROP)
2020-12-27,N02BE,,19.1,47.62,58.58,39.48,18.98,161.84,194.72,59.96,1,0,INCREASE REPLENISHMENT,57.0,REACTIVE (Below ROP)
2020-12-28,N02BE,,19.22,32.15,48.69,29.47,28.65,125.1,174.72,44.34,1,0,INCREASE REPLENISHMENT,28.0,REACTIVE (Below ROP)
2020-12-29,N02BE,,19.23,31.31,49.95,30.72,32.29,126.22,182.14,58.19,1,0,INCREASE REPLENISHMENT,39.0,REACTIVE (Below ROP)
2020-12-30,N02BE,,17.23,30.17,57.53,40.3,47.39,137.9,219.98,83.88,1,0,INCREASE REPLENISHMENT,70.0,REACTIVE (Below ROP)
2020-12-31,N02BE,,17.3,30.2,57.85,40.55,47.89,138.49,221.44,81.71,1,0,INCREASE REPLENISHMENT,31.0,REACTIVE (Below ROP)
2019-01-01,N05B,0.0,0.08,4.1,17.96,17.88,24.01,36.31,77.89,77.89,0,0,MAINTAIN REPLENISHMENT,0.0,HEALTHY ZONE
2019-01-02,N05B,4.0,0.9,4.41,18.84,17.94,24.99,38.22,81.51,77.89,0,0,MAINTAIN REPLENISHMENT,0.0,HEALTHY ZONE
2019-01-03,N05B,6.0,0.91,4.91,17.12,16.21,21.15,35.88,72.51,73.89,0,1,MAINTAIN REPLENISHMENT,0.0,PIPELINE IN-TRANSIT SUFFICIENT
2019-01-04,N05B,10.0,2.98,7.07,17.45,14.47,17.98,39.19,70.33,67.89,0,0,INCREASE REPLENISHMENT,3.0,PROACTIVE (Forward Shortfall)
2019-01-05,N05B,10.0,2.23,5.29,18.4,16.17,22.71,38.58,77.91,57.89,0,0,INCREASE REPLENISHMENT,18.0,PROACTIVE (Forward Shortfall)
2019-01-06,N05B,11.0,2.33,5.5,17.08,14.75,20.06,36.56,71.3,47.89,0,0,INCREASE REPLENISHMENT,3.0,PROACTIVE (Forward Shortfall)
2019-01-07,N05B,0.0,0.61,4.63,15.44,14.83,18.72,32.61,65.04,39.89,0,0,INCREASE REPLENISHMENT,5.0,PROACTIVE (Forward Shortfall)
2019-01-08,N05B,6.0,2.54,5.38,17.92,15.38,21.72,37.86,75.48,57.89,0,0,INCREASE REPLENISHMENT,10.0,PROACTIVE (Forward Shortfall)
2019-01-09,N05B,24.0,2.8,6.96,16.85,14.05,17.13,38.01,67.68,54.89,0,0,MAINTAIN REPLENISHMENT,0.0,PIPELINE IN-TRANSIT SUFFICIENT
2019-01-10,N05B,12.0,2.92,7.81,24.59,21.67,29.06,52.49,102.83,35.89,1,0,INCREASE REPLENISHMENT,57.0,REACTIVE (Below ROP)
2019-01-11,N05B,12.0,2.87,8.15,24.65,21.78,28.58,53.03,102.53,33.89,1,0,INCREASE REPLENISHMENT,12.0,REACTIVE (Below ROP)
2019-01-12,N05B,21.2,2.54,6.24,22.79,20.25,28.67,47.39,97.04,21.89,1,0,INCREASE REPLENISHMENT,7.0,REACTIVE (Below ROP)
2019-01-13,N05B,4.0,2.5,5.85,25.08,22.58,33.31,50.86,108.55,57.69,0,0,INCREASE REPLENISHMENT,32.0,PROACTIVE (Forward Shortfall)
2019-01-14,N05B,10.0,2.62,5.9,25.59,22.97,34.1,51.8,110.87,65.69,0,0,INCREASE REPLENISHMENT,7.0,PROACTIVE (Forward Shortfall)
2019-01-15,N05B,9.0,2.9,8.03,24.83,21.93,29.1,53.19,103.59,62.69,0,0,INCREASE REPLENISHMENT,2.0,PROACTIVE (Forward Shortfall)
2019-01-16,N05B,12.0,2.97,8.12,24.17,21.2,27.8,52.16,100.31,85.69,0,0,INCREASE REPLENISHMENT,6.0,PROACTIVE (Forward Shortfall)
2019-01-17,N05B,10.0,3.0,7.79,23.43,20.43,27.09,50.46,97.38,80.69,0,0,INCREASE REPLENISHMENT,9.0,PROACTIVE (Forward Shortfall)
2019-01-18,N05B,13.0,3.0,7.75,21.75,18.75,24.25,47.5,89.5,72.69,0,0,INCREASE REPLENISHMENT,2.0,PROACTIVE (Forward Shortfall)
2019-01-19,N05B,9.0,2.61,6.51,22.63,20.02,27.92,47.45,95.81,65.69,0,0,INCREASE REPLENISHMENT,20.0,PROACTIVE (Forward Shortfall)
2019-01-20,N05B,6.0,2.34,5.86,19.29,16.95,23.26,40.84,81.13,65.69,0,0,MAINTAIN REPLENISHMENT,0.0,PIPELINE IN-TRANSIT SUFFICIENT
2019-01-21,N05B,11.0,3.14,8.85,22.79,19.65,24.14,50.69,92.51,61.69,0,0,INCREASE REPLENISHMENT,11.0,PROACTIVE (Forward Shortfall)
2019-01-22,N05B,13.0,3.32,9.18,25.01,21.69,27.42,54.96,102.45,70.69,0,0,INCREASE REPLENISHMENT,21.0,PROACTIVE (Forward Shortfall)
2019-01-23,N05B,4.0,3.34,9.5,22.64,19.3,22.76,51.26,90.68,57.69,0,0,INCREASE REPLENISHMENT,1.0,PROACTIVE (Forward Shortfall)
2019-01-24,N05B,7.0,3.11,6.73,23.33,20.22,28.75,48.94,98.74,64.69,0,0,INCREASE REPLENISHMENT,13.0,PROACTIVE (Forward Shortfall)
2019-01-25,N05B,11.0,3.15,8.69,22.32,19.17,23.61,49.68,90.57,78.69,0,0,MAINTAIN REPLENISHMENT,0.0,PIPELINE IN-TRANSIT SUFFICIENT
2019-01-26,N05B,11.0,2.72,6.93,22.34,19.62,26.69,47.48,93.71,68.69,0,0,INCREASE REPLENISHMENT,13.0,PROACTIVE (Forward Shortfall)
2019-01-27,N05B,12.0,2.74,6.16,23.21,20.47,29.53,48.01,99.16,70.69,0,0,INCREASE REPLENISHMENT,16.0,PROACTIVE (Forward Shortfall)
2019-01-28,N05B,11.0,3.12,7.82,23.95,20.83,27.94,51.4,99.79,58.69,0,0,INCREASE REPLENISHMENT,13.0,PROACTIVE (Forward Shortfall)
2019-01-29,N05B,10.0,3.06,7.86,24.9,21.84,29.51,53.09,104.21,60.69,0,0,INCREASE REPLENISHMENT,15.0,PROACTIVE (Forward Shortfall)
2019-01-30,N05B,8.0,2.77,7.97,20.59,17.82,21.86,45.77,83.63,66.69,0,0,MAINTAIN REPLENISHMENT,0.0,PIPELINE IN-TRANSIT SUFFICIENT
2019-01-31,N05B,8.0,3.17,8.06,18.23,15.06,17.61,41.79,72.3,71.69,0,0,MAINTAIN REPLENISHMENT,0.0,PIPELINE IN-TRANSIT SUFFICIENT
2019-02-01,N05B,9.0,3.18,8.32,15.08,11.9,11.71,36.67,56.95,78.69,0,1,REDUCE REPLENISHMENT,0.0,OVERSTOCKED
2019-02-02,N05B,8.0,2.8,7.53,16.48,13.68,15.5,38.09,64.94,69.69,0,1,MAINTAIN REPLENISHMENT,0.0,PIPELINE IN-TRANSIT SUFFICIENT
2019-02-03,N05B,10.0,2.76,6.81,17.03,14.27,17.7,38.13,68.79,61.69,0,0,INCREASE REPLENISHMENT,8.0,PROACTIVE (Forward Shortfall)
2019-02-04,N05B,5.0,3.08,7.81,17.15,14.07,16.18,39.61,67.63,51.69,0,0,INCREASE REPLENISHMENT,8.0,PROACTIVE (Forward Shortfall)
2019-02-05,N05B,2.0,3.36,8.16,19.84,16.48,20.23,44.71,79.75,46.69,0,0,INCREASE REPLENISHMENT,18.0,PROACTIVE (Forward Shortfall)
2019-02-06,N05B,4.0,3.19,6.18,21.92,18.73,27.26,45.8,93.02,52.69,0,0,INCREASE REPLENISHMENT,15.0,PROACTIVE (Forward Shortfall)
2019-02-07,N05B,11.0,3.05,6.1,18.14,15.09,20.85,39.15,75.27,56.69,0,0,MAINTAIN REPLENISHMENT,0.0,PIPELINE IN-TRANSIT SUFFICIENT
2019-02-08,N05B,9.0,3.11,7.88,17.3,14.19,16.32,39.96,68.22,63.69,0,0,MAINTAIN REPLENISHMENT,0.0,PIPELINE IN-TRANSIT SUFFICIENT
2019-02-09,N05B,10.0,2.73,6.53,17.67,14.94,19.3,38.89,72.31,69.69,0,0,INCREASE REPLENISHMENT,3.0,PROACTIVE (Forward Shortfall)
2019-02-10,N05B,9.0,2.65,5.71,17.08,14.43,19.69,36.82,70.93,59.69,0,0,INCREASE REPLENISHMENT,9.0,PROACTIVE (Forward Shortfall)
2019-02-11,N05B,10.0,2.91,7.07,17.59,14.68,18.22,39.43,70.99,50.69,0,0,INCREASE REPLENISHMENT,9.0,PROACTIVE (Forward Shortfall)
2019-02-12,N05B,8.2,3.07,7.33,17.38,14.31,17.41,39.4,69.55,43.69,0,0,INCREASE REPLENISHMENT,8.0,PROACTIVE (Forward Shortfall)
2019-02-13,N05B,16.0,3.09,8.0,16.46,13.37,14.65,38.65,64.03,44.49,0,0,INCREASE REPLENISHMENT,3.0,PROACTIVE (Forward Shortfall)
2019-02-14,N05B,9.0,3.13,7.6,19.82,16.69,21.17,43.97,80.63,37.49,1,0,INCREASE REPLENISHMENT,33.0,REACTIVE (Below ROP)
2019-02-15,N05B,16.0,3.12,7.96,20.14,17.02,21.1,44.98,81.52,36.49,1,0,INCREASE REPLENISHMENT,10.0,REACTIVE (Below ROP)
2019-02-16,N05B,8.0,2.76,7.23,20.79,18.03,23.49,45.18,85.86,23.49,1,0,INCREASE REPLENISHMENT,20.0,REACTIVE (Below ROP)
2019-02-17,N05B,11.2,2.72,6.09,19.55,16.83,23.31,41.58,81.96,48.49,0,0,INCREASE REPLENISHMENT,4.0,PROACTIVE (Forward Shortfall)
2019-02-18,N05B,7.0,3.13,8.0,20.09,16.96,20.94,44.94,81.21,47.29,0,0,INCREASE REPLENISHMENT,10.0,PROACTIVE (Forward Shortfall)
2019-02-19,N05B,15.0,3.26,8.32,20.11,16.85,20.42,45.38,80.75,60.29,0,0,INCREASE REPLENISHMENT,7.0,PROACTIVE (Forward Shortfall)
2019-02-20,N05B,14.0,3.1,7.96,19.99,16.89,20.84,44.72,80.81,49.29,0,0,INCREASE REPLENISHMENT,15.0,PROACTIVE (Forward Shortfall)
2019-02-21,N05B,15.0,3.12,7.66,21.38,18.26,23.76,46.74,87.9,45.29,1,0,INCREASE REPLENISHMENT,21.0,REACTIVE (Below ROP)
2019-02-22,N05B,5.0,3.15,8.46,21.06,17.91,21.82,47.2,85.0,37.29,1,0,INCREASE REPLENISHMENT,12.0,REACTIVE (Below ROP)
2019-02-23,N05B,13.0,2.81,7.4,20.25,17.44,22.26,44.46,83.01,47.29,0,0,INCREASE REPLENISHMENT,3.0,PROACTIVE (Forward Shortfall)
2019-02-24,N05B,2.0,2.75,6.29,20.07,17.32,23.87,42.74,84.08,55.29,0,0,INCREASE REPLENISHMENT,14.0,PROACTIVE (Forward Shortfall)
2019-02-25,N05B,4.0,3.05,6.41,19.14,16.09,22.05,41.28,79.47,65.29,0,0,MAINTAIN REPLENISHMENT,0.0,PIPELINE IN-TRANSIT SUFFICIENT
2019-02-26,N05B,8.0,3.02,7.04,20.57,17.55,23.43,44.55,85.14,64.29,0,0,INCREASE REPLENISHMENT,7.0,PROACTIVE (Forward Shortfall)
2019-02-27,N05B,9.0,3.09,7.62,20.19,17.1,21.77,44.63,82.34,70.29,0,0,INCREASE REPLENISHMENT,6.0,PROACTIVE (Forward Shortfall)
2019-02-28,N05B,2.0,3.07,7.28,18.84,15.77,20.02,41.86,76.54,61.29,0,0,INCREASE REPLENISHMENT,3.0,PROACTIVE (Forward Shortfall)
2019-03-01,N05B,12.0,2.87,6.36,16.89,14.02,18.24,37.32,68.91,66.29,0,0,MAINTAIN REPLENISHMENT,0.0,PIPELINE IN-TRANSIT SUFFICIENT
2019-03-02,N05B,9.0,2.63,5.79,19.69,17.06,24.08,41.45,83.15,60.29,0,0,INCREASE REPLENISHMENT,20.0,PROACTIVE (Forward Shortfall)
2019-03-03,N05B,5.0,2.52,5.11,17.53,15.01,21.51,36.84,74.1,54.29,0,0,MAINTAIN REPLENISHMENT,0.0,PIPELINE IN-TRANSIT SUFFICIENT
2019-03-04,N05B,3.0,2.9,6.9,19.03,16.13,21.01,41.71,78.1,49.29,0,0,INCREASE REPLENISHMENT,9.0,PROACTIVE (Forward Shortfall)
2019-03-05,N05B,8.0,3.08,6.51,18.33,15.25,20.47,40.0,75.46,66.29,0,0,INCREASE REPLENISHMENT,1.0,PROACTIVE (Forward Shortfall)
2019-03-06,N05B,17.0,3.13,7.49,17.57,14.44,17.46,39.93,70.17,58.29,0,0,INCREASE REPLENISHMENT,2.0,PROACTIVE (Forward Shortfall)
2019-03-07,N05B,24.0,2.92,7.92,20.51,17.59,21.81,45.57,83.34,50.29,0,0,INCREASE REPLENISHMENT,31.0,PROACTIVE (Forward Shortfall)
2019-03-08,N05B,4.0,3.0,7.27,24.01,21.01,28.99,50.8,101.02,27.29,1,0,INCREASE REPLENISHMENT,41.0,REACTIVE (Below ROP)
2019-03-09,N05B,11.0,2.61,5.58,23.07,20.46,30.29,47.03,99.5,25.29,1,0,INCREASE REPLENISHMENT,3.0,REACTIVE (Below ROP)
2019-03-10,N05B,5.0,2.34,4.63,23.86,21.52,33.31,47.2,104.89,45.29,1,0,INCREASE REPLENISHMENT,16.0,REACTIVE (Below ROP)
2019-03-11,N05B,10.0,1.1,6.6,24.08,22.98,30.28,50.08,102.52,81.29,0,0,INCREASE REPLENISHMENT,3.0,PROACTIVE (Forward Shortfall)
2019-03-12,N05B,12.0,2.96,8.16,24.29,21.33,27.94,52.42,100.81,74.29,0,0,INCREASE REPLENISHMENT,8.0,PROACTIVE (Forward Shortfall)
2019-03-13,N05B,10.0,3.15,8.68,24.51,21.36,27.42,53.46,100.95,78.29,0,0,INCREASE REPLENISHMENT,12.0,PROACTIVE (Forward Shortfall)
2019-03-14,N05B,12.0,2.86,7.29,24.25,21.39,29.38,51.25,102.13,71.29,0,0,INCREASE REPLENISHMENT,11.0,PROACTIVE (Forward Shortfall)
2019-03-15,N05B,7.0,2.8,7.45,22.51,19.71,26.08,48.43,93.61,67.29,0,0,INCREASE REPLENISHMENT,4.0,PROACTIVE (Forward Shortfall)
2019-03-16,N05B,9.0,2.81,7.08,24.89,22.08,30.85,52.09,105.52,72.29,0,0,INCREASE REPLENISHMENT,19.0,PROACTIVE (Forward Shortfall)
2019-03-17,N05B,6.0,2.5,6.29,23.52,21.02,29.84,48.71,100.4,74.29,0,0,INCREASE REPLENISHMENT,4.0,PROACTIVE (Forward Shortfall)
2019-03-18,N05B,11.0,3.22,8.16,22.96,19.74,25.63,50.11,94.51,72.29,0,0,MAINTAIN REPLENISHMENT,0.0,PIPELINE IN-TRANSIT SUFFICIENT
2019-03-19,N05B,10.0,3.32,9.02,23.56,20.24,25.18,52.24,95.86,80.29,0,0,INCREASE REPLENISHMENT,12.0,PROACTIVE (Forward Shortfall)
2019-03-20,N05B,8.2,3.34,8.78,24.14,20.8,26.6,52.94,99.02,74.29,0,0,INCREASE REPLENISHMENT,13.0,PROACTIVE (Forward Shortfall)
2019-03-21,N05B,13.0,3.22,8.47,22.46,19.24,24.23,49.64,91.61,66.09,0,0,INCREASE REPLENISHMENT,1.0,PROACTIVE (Forward Shortfall)
2019-03-22,N05B,13.0,3.2,8.14,22.85,19.65,25.48,49.9,94.03,65.09,0,0,INCREASE REPLENISHMENT,15.0,PROACTIVE (Forward Shortfall)
2019-03-23,N05B,7.0,2.83,7.62,22.82,19.99,26.33,49.19,94.79,65.09,0,0,INCREASE REPLENISHMENT,14.0,PROACTIVE (Forward Shortfall)
2019-03-24,N05B,6.2,2.76,5.96,22.67,19.91,28.94,46.82,96.95,59.09,0,0,INCREASE REPLENISHMENT,9.0,PROACTIVE (Forward Shortfall)
2019-03-25,N05B,11.0,3.17,7.78,23.03,19.86,26.41,49.75,95.5,67.89,0,0,INCREASE REPLENISHMENT,5.0,PROACTIVE (Forward Shortfall)
2019-03-26,N05B,11.0,3.39,8.1,22.05,18.66,24.16,48.46,90.31,70.89,0,0,INCREASE REPLENISHMENT,6.0,PROACTIVE (Forward Shortfall)
2019-03-27,N05B,12.0,3.38,8.43,22.49,19.11,24.35,49.64,91.82,68.89,0,0,INCREASE REPLENISHMENT,12.0,PROACTIVE (Forward Shortfall)
2019-03-28,N05B,6.0,3.16,7.99,23.28,20.12,26.48,50.45,96.32,61.89,0,0,INCREASE REPLENISHMENT,17.0,PROACTIVE (Forward Shortfall)
2019-03-29,N05B,10.0,3.22,8.58,22.89,19.67,24.79,50.53,93.46,61.89,0,0,INCREASE REPLENISHMENT,3.0,PROACTIVE (Forward Shortfall)
2019-03-30,N05B,11.0,2.83,7.02,17.82,14.99,18.71,39.77,72.17,63.89,0,0,MAINTAIN REPLENISHMENT,0.0,PIPELINE IN-TRANSIT SUFFICIENT
2019-03-31,N05B,8.0,2.76,5.99,19.67,16.91,23.69,41.66,82.7,69.89,0,0,INCREASE REPLENISHMENT,10.0,PROACTIVE (Forward Shortfall)
2019-04-01,N05B,12.0,3.18,7.59,15.2,12.02,13.18,35.95,58.78,64.89,0,1,MAINTAIN REPLENISHMENT,0.0,PIPELINE IN-TRANSIT SUFFICIENT
2019-04-02,N05B,7.0,3.24,7.79,17.67,14.43,17.11,40.48,70.12,52.89,0,0,INCREASE REPLENISHMENT,8.0,PROACTIVE (Forward Shortfall)
2019-04-03,N05B,12.0,3.36,8.34,21.35,17.99,22.53,47.55,86.58,55.89,0,0,INCREASE REPLENISHMENT,23.0,PROACTIVE (Forward Shortfall)
2019-04-04,N05B,8.0,3.23,8.31,20.27,17.04,20.72,45.65,81.53,43.89,1,0,INCREASE REPLENISHMENT,7.0,REACTIVE (Below ROP)
2019-04-05,N05B,7.0,3.12,7.68,15.42,12.3,13.41,36.45,59.67,43.89,0,0,MAINTAIN REPLENISHMENT,0.0,PIPELINE IN-TRANSIT SUFFICIENT
2019-04-06,N05B,13.0,2.76,7.03,19.69,16.93,21.93,43.02,81.0,59.89,0,0,INCREASE REPLENISHMENT,15.0,PROACTIVE (Forward Shortfall)
2019-04-07,N05B,3.0,2.74,5.83,18.5,15.76,21.95,39.44,77.45,53.89,0,0,INCREASE REPLENISHMENT,9.0,PROACTIVE (Forward Shortfall)
2019-04-08,N05B,8.2,1.02,6.44,17.45,16.43,19.07,38.39,71.42,50.89,0,0,MAINTAIN REPLENISHMENT,0.0,PIPELINE IN-TRANSIT SUFFICIENT
2019-04-09,N05B,10.0,3.12,7.73,19.09,15.97,19.68,42.87,76.95,57.69,0,0,INCREASE REPLENISHMENT,11.0,PROACTIVE (Forward Shortfall)
2019-04-10,N05B,16.2,3.27,7.74,18.21,14.94,18.13,41.35,72.76,56.69,0,0,INCREASE REPLENISHMENT,6.0,PROACTIVE (Forward Shortfall)
2019-04-11,N05B,15.0,3.09,7.55,19.79,16.7,21.2,43.85,80.57,40.49,1,0,INCREASE REPLENISHMENT,24.0,REACTIVE (Below ROP)
2019-04-12,N05B,16.0,3.09,7.37,22.33,19.24,25.91,48.02,92.9,36.49,1,0,INCREASE REPLENISHMENT,27.0,REACTIVE (Below ROP)
2019-04-13,N05B,4.0,2.73,6.6,23.69,20.96,29.6,49.4,100.67,26.49,1,0,INCREASE REPLENISHMENT,24.0,REACTIVE (Below ROP)
2019-04-14,N05B,3.0,2.34,4.71,18.17,15.83,23.31,37.44,77.82,46.49,0,0,MAINTAIN REPLENISHMENT,0.0,PIPELINE IN-TRANSIT SUFFICIENT
2019-04-15,N05B,17.0,3.09,6.66,19.82,16.73,22.79,42.77,82.25,70.49,0,0,MAINTAIN REPLENISHMENT,0.0,PIPELINE IN-TRANSIT SUFFICIENT
2019-04-16,N05B,12.0,3.16,8.04,22.02,18.86,24.21,48.33,90.27,77.49,0,0,INCREASE REPLENISHMENT,13.0,PROACTIVE (Forward Shortfall)
2019-04-17,N05B,11.0,3.15,7.68,21.58,18.43,24.08,47.12,88.82,65.49,0,0,INCREASE REPLENISHMENT,11.0,PROACTIVE (Forward Shortfall)
2019-04-18,N05B,0.0,3.1,8.01,21.29,18.19,23.0,47.03,86.87,54.49,0,0,INCREASE REPLENISHMENT,9.0,PROACTIVE (Forward Shortfall)
2019-04-19,N05B,17.0,2.92,6.48,21.85,18.93,26.62,46.06,92.17,67.49,0,0,INCREASE REPLENISHMENT,5.0,PROACTIVE (Forward Shortfall)
2019-04-20,N05B,12.0,2.34,5.8,21.53,19.19,27.25,44.65,91.84,61.49,0,0,INCREASE REPLENISHMENT,17.0,PROACTIVE (Forward Shortfall)
2019-04-21,N05B,11.0,2.31,4.84,19.89,17.58,26.07,40.59,85.74,58.49,0,0,INCREASE REPLENISHMENT,6.0,PROACTIVE (Forward Shortfall)
2019-04-22,N05B,12.0,3.02,8.05,21.41,18.39,23.14,47.29,87.37,52.49,0,0,INCREASE REPLENISHMENT,12.0,PROACTIVE (Forward Shortfall)
2019-04-23,N05B,6.0,2.99,7.67,20.51,17.52,22.24,45.25,83.77,57.49,0,0,INCREASE REPLENISHMENT,9.0,PROACTIVE (Forward Shortfall)
2019-04-24,N05B,13.0,3.01,8.48,21.28,18.27,22.17,47.61,86.01,57.49,0,0,INCREASE REPLENISHMENT,8.0,PROACTIVE (Forward Shortfall)
2019-04-25,N05B,17.0,2.72,7.0,20.04,17.32,22.59,43.59,82.71,56.49,0,0,INCREASE REPLENISHMENT,10.0,PROACTIVE (Forward Shortfall)
2019-04-26,N05B,6.0,3.15,7.62,17.18,14.03,16.56,39.42,68.1,48.49,0,0,INCREASE REPLENISHMENT,2.0,PROACTIVE (Forward Shortfall)
2019-04-27,N05B,13.0,2.74,6.93,20.5,17.76,23.5,44.29,85.0,50.49,0,0,INCREASE REPLENISHMENT,23.0,PROACTIVE (Forward Shortfall)
2019-04-28,N05B,0.0,2.73,5.81,19.39,16.66,23.52,40.95,81.69,47.49,0,0,INCREASE REPLENISHMENT,10.0,PROACTIVE (Forward Shortfall)
2019-04-29,N05B,5.0,2.97,6.72,20.64,17.67,24.11,44.27,86.03,49.49,0,0,INCREASE REPLENISHMENT,4.0,PROACTIVE (Forward Shortfall)
2019-04-30,N05B,13.0,2.95,8.16,21.99,19.04,23.95,48.43,89.92,67.49,0,0,INCREASE REPLENISHMENT,9.0,PROACTIVE (Forward Shortfall)
2019-05-01,N05B,1.0,1.06,6.61,20.61,19.55,24.25,44.08,86.08,64.49,0,0,INCREASE REPLENISHMENT,9.0,PROACTIVE (Forward Shortfall)
2019-05-02,N05B,15.0,2.92,6.51,21.59,18.67,26.12,45.65,90.89,67.49,0,0,INCREASE REPLENISHMENT,6.0,PROACTIVE (Forward Shortfall)
2019-05-03,N05B,11.0,2.97,7.39,21.6,18.63,24.61,46.78,89.41,61.49,0,0,INCREASE REPLENISHMENT,13.0,PROACTIVE (Forward Shortfall)
2019-05-04,N05B,5.0,2.6,6.42,21.43,18.83,26.0,45.26,90.29,59.49,0,0,INCREASE REPLENISHMENT,12.0,PROACTIVE (Forward Shortfall)
2019-05-05,N05B,2.0,2.35,5.62,19.42,17.07,23.9,40.76,82.16,60.49,0,0,MAINTAIN REPLENISHMENT,0.0,PIPELINE IN-TRANSIT SUFFICIENT
2019-05-06,N05B,11.0,2.84,7.05,20.12,17.28,22.64,43.79,83.0,71.49,0,0,MAINTAIN REPLENISHMENT,0.0,PIPELINE IN-TRANSIT SUFFICIENT
2019-05-07,N05B,19.0,3.05,7.64,20.76,17.71,22.72,45.64,85.0,72.49,0,0,INCREASE REPLENISHMENT,13.0,PROACTIVE (Forward Shortfall)
2019-05-08,N05B,15.0,2.78,8.55,24.04,21.26,26.83,52.48,98.95,53.49,0,0,INCREASE REPLENISHMENT,33.0,PROACTIVE (Forward Shortfall)
2019-05-09,N05B,10.0,3.06,7.79,22.76,19.7,25.93,49.3,94.21,38.49,1,0,INCREASE REPLENISHMENT,10.0,REACTIVE (Below ROP)
2019-05-10,N05B,13.0,3.05,7.75,21.17,18.12,23.24,46.49,86.75,41.49,1,0,INCREASE REPLENISHMENT,3.0,REACTIVE (Below ROP)
2019-05-11,N05B,9.0,2.37,6.15,21.39,19.02,26.4,44.85,90.57,61.49,0,0,INCREASE REPLENISHMENT,17.0,PROACTIVE (Forward Shortfall)
2019-05-12,N05B,2.0,2.35,5.23,21.08,18.73,27.45,43.14,90.69,62.49,0,0,INCREASE REPLENISHMENT,9.0,PROACTIVE (Forward Shortfall)
2019-05-13,N05B,11.0,3.04,6.74,20.23,17.19,23.37,43.59,84.06,63.49,0,0,MAINTAIN REPLENISHMENT,0.0,PIPELINE IN-TRANSIT SUFFICIENT
2019-05-14,N05B,5.0,3.13,7.91,21.55,18.42,23.63,47.36,88.28,69.49,0,0,INCREASE REPLENISHMENT,10.0,PROACTIVE (Forward Shortfall)
2019-05-15,N05B,7.0,3.13,7.94,20.99,17.86,22.6,46.42,85.57,73.49,0,0,INCREASE REPLENISHMENT,3.0,PROACTIVE (Forward Shortfall)
2019-05-16,N05B,9.0,3.07,7.36,20.22,17.15,22.27,44.35,82.93,66.49,0,0,INCREASE REPLENISHMENT,4.0,PROACTIVE (Forward Shortfall)
2019-05-17,N05B,18.0,3.14,8.36,18.57,15.43,17.68,42.76,73.39,67.49,0,0,MAINTAIN REPLENISHMENT,0.0,PIPELINE IN-TRANSIT SUFFICIENT
2019-05-18,N05B,9.0,2.74,6.61,20.17,17.43,23.49,43.32,84.0,52.49,0,0,INCREASE REPLENISHMENT,28.0,PROACTIVE (Forward Shortfall)
2019-05-19,N05B,9.0,2.43,5.31,21.47,19.04,27.99,43.92,92.4,47.49,0,0,INCREASE REPLENISHMENT,17.0,PROACTIVE (Forward Shortfall)
2019-05-20,N05B,11.0,3.2,8.43,19.91,16.71,19.88,45.17,79.61,38.49,1,0,MAINTAIN REPLENISHMENT,0.0,PIPELINE IN-TRANSIT SUFFICIENT
2019-05-21,N05B,12.2,2.94,7.86,19.26,16.32,19.75,43.33,77.53,55.49,0,0,INCREASE REPLENISHMENT,6.0,PROACTIVE (Forward Shortfall)
2019-05-22,N05B,8.0,3.32,8.45,21.06,17.74,21.84,47.19,85.02,60.29,0,0,INCREASE REPLENISHMENT,19.0,PROACTIVE (Forward Shortfall)
2019-05-23,N05B,4.0,3.21,7.96,20.73,17.52,22.12,46.0,84.31,52.29,0,0,INCREASE REPLENISHMENT,8.0,PROACTIVE (Forward Shortfall)
2019-05-24,N05B,8.0,3.14,7.19,18.95,15.81,20.37,41.94,77.22,54.29,0,0,MAINTAIN REPLENISHMENT,0.0,PIPELINE IN-TRANSIT SUFFICIENT
2019-05-25,N05B,4.0,2.77,6.93,16.61,13.84,16.77,37.56,66.6,65.29,0,0,MAINTAIN REPLENISHMENT,0.0,PIPELINE IN-TRANSIT SUFFICIENT
2019-05-26,N05B,2.6,2.74,5.36,17.73,14.99,21.43,37.51,74.62,69.29,0,0,INCREASE REPLENISHMENT,6.0,PROACTIVE (Forward Shortfall)
2019-05-27,N05B,8.0,3.05,6.57,19.43,16.38,22.27,41.98,80.56,66.69,0,0,INCREASE REPLENISHMENT,8.0,PROACTIVE (Forward Shortfall)
2019-05-28,N05B,10.0,3.18,7.68,18.58,15.4,18.88,41.92,74.62,58.69,0,0,INCREASE REPLENISHMENT,2.0,PROACTIVE (Forward Shortfall)
2019-05-29,N05B,10.0,3.18,8.05,17.73,14.55,16.77,40.92,69.96,54.69,0,0,INCREASE REPLENISHMENT,6.0,PROACTIVE (Forward Shortfall)
2019-05-30,N05B,5.0,2.97,7.17,18.5,15.53,19.62,41.13,75.12,52.69,0,0,INCREASE REPLENISHMENT,15.0,PROACTIVE (Forward Shortfall)
2019-05-31,N05B,2.0,3.17,7.86,18.16,14.99,17.84,41.42,72.32,49.69,0,0,INCREASE REPLENISHMENT,2.0,PROACTIVE (Forward Shortfall)
2019-06-01,N05B,1.0,2.36,5.45,17.53,15.17,20.92,37.27,73.51,53.69,0,0,INCREASE REPLENISHMENT,3.0,PROACTIVE (Forward Shortfall)
2019-06-02,N05B,4.0,1.96,4.6,17.36,15.4,22.1,35.9,74.18,67.69,0,0,INCREASE REPLENISHMENT,2.0,PROACTIVE (Forward Shortfall)
2019-06-03,N05B,4.0,2.75,6.56,16.77,14.02,17.68,37.36,67.99,65.69,0,0,MAINTAIN REPLENISHMENT,0.0,PIPELINE IN-TRANSIT SUFFICIENT
2019-06-04,N05B,9.0,2.93,6.47,19.5,16.57,22.57,41.98,81.07,64.69,0,0,INCREASE REPLENISHMENT,15.0,PROACTIVE (Forward Shortfall)
2019-06-05,N05B,7.0,2.94,7.83,18.51,15.57,18.5,41.99,74.03,57.69,0,0,INCREASE REPLENISHMENT,2.0,PROACTIVE (Forward Shortfall)
2019-06-06,N05B,7.0,2.81,6.54,18.19,15.38,20.18,39.8,74.75,50.69,0,0,INCREASE REPLENISHMENT,8.0,PROACTIVE (Forward Shortfall)
2019-06-07,N05B,6.0,2.69,6.6,18.48,15.79,20.58,40.38,76.02,58.69,0,0,INCREASE REPLENISHMENT,8.0,PROACTIVE (Forward Shortfall)
2019-06-08,N05B,12.0,2.44,5.55,16.23,13.79,18.5,35.15,67.19,54.69,0,0,MAINTAIN REPLENISHMENT,0.0,PIPELINE IN-TRANSIT SUFFICIENT
2019-06-09,N05B,7.0,2.5,5.21,17.89,15.39,21.96,37.59,75.63,50.69,0,0,INCREASE REPLENISHMENT,17.0,PROACTIVE (Forward Shortfall)
2019-06-10,N05B,7.0,2.94,7.45,17.06,14.12,16.65,39.0,67.83,51.69,0,0,MAINTAIN REPLENISHMENT,0.0,PIPELINE IN-TRANSIT SUFFICIENT
2019-06-11,N05B,9.0,3.16,7.51,17.76,14.6,17.75,40.28,71.03,44.69,0,0,INCREASE REPLENISHMENT,10.0,PROACTIVE (Forward Shortfall)
2019-06-12,N05B,11.0,3.3,7.36,18.27,14.97,18.9,40.98,73.71,52.69,0,0,INCREASE REPLENISHMENT,12.0,PROACTIVE (Forward Shortfall)
2019-06-13,N05B,2.0,3.01,6.93,18.07,15.06,19.3,40.09,73.51,41.69,0,0,INCREASE REPLENISHMENT,10.0,PROACTIVE (Forward Shortfall)
2019-06-14,N05B,2.0,3.06,7.05,18.07,15.01,19.09,40.24,73.3,49.69,0,0,INCREASE REPLENISHMENT,2.0,PROACTIVE (Forward Shortfall)
2019-06-15,N05B,13.0,2.27,5.43,18.49,16.22,22.62,38.91,78.09,59.69,0,0,INCREASE REPLENISHMENT,7.0,PROACTIVE (Forward Shortfall)
2019-06-16,N05B,2.0,2.7,5.36,18.1,15.4,22.07,38.15,76.37,56.69,0,0,INCREASE REPLENISHMENT,11.0,PROACTIVE (Forward Shortfall)
2019-06-17,N05B,6.0,2.99,6.0,18.06,15.07,20.89,38.89,75.07,56.69,0,0,INCREASE REPLENISHMENT,1.0,PROACTIVE (Forward Shortfall)
2019-06-18,N05B,8.0,3.01,7.55,18.85,15.84,19.57,42.22,76.12,57.69,0,0,INCREASE REPLENISHMENT,7.0,PROACTIVE (Forward Shortfall)
2019-06-19,N05B,6.0,3.13,7.65,18.93,15.8,19.54,42.49,76.33,60.69,0,0,INCREASE REPLENISHMENT,8.0,PROACTIVE (Forward Shortfall)
2019-06-20,N05B,9.0,2.89,7.08,17.23,14.34,17.58,38.82,69.27,55.69,0,0,MAINTAIN REPLENISHMENT,0.0,PIPELINE IN-TRANSIT SUFFICIENT
2019-06-21,N05B,8.0,2.96,7.15,18.14,15.18,19.04,40.49,73.46,53.69,0,0,INCREASE REPLENISHMENT,12.0,PROACTIVE (Forward Shortfall)
2019-06-22,N05B,11.0,2.71,5.86,19.98,17.27,24.46,42.04,84.4,53.69,0,0,INCREASE REPLENISHMENT,19.0,PROACTIVE (Forward Shortfall)
2019-06-23,N05B,1.0,2.57,5.45,17.1,14.53,20.18,36.53,71.48,42.69,0,0,MAINTAIN REPLENISHMENT,0.0,PIPELINE IN-TRANSIT SUFFICIENT
2019-06-24,N05B,9.0,2.99,6.98,15.66,12.67,15.03,35.97,62.01,53.69,0,0,MAINTAIN REPLENISHMENT,0.0,PIPELINE IN-TRANSIT SUFFICIENT
2019-06-25,N05B,10.0,3.02,6.97,15.38,12.36,14.57,35.48,60.71,63.69,0,1,MAINTAIN REPLENISHMENT,0.0,PIPELINE IN-TRANSIT SUFFICIENT
2019-06-26,N05B,5.0,3.17,7.76,16.47,13.3,15.09,38.37,64.5,53.69,0,0,INCREASE REPLENISHMENT,11.0,PROACTIVE (Forward Shortfall)
2019-06-27,N05B,5.0,3.01,6.67,16.22,13.21,16.54,36.55,65.2,48.69,0,0,INCREASE REPLENISHMENT,6.0,PROACTIVE (Forward Shortfall)
2019-06-28,N05B,5.0,2.93,6.58,15.66,12.73,15.73,35.47,62.71,43.69,0,0,INCREASE REPLENISHMENT,3.0,PROACTIVE (Forward Shortfall)
2019-06-29,N05B,2.0,2.65,5.94,15.85,13.2,17.16,34.98,64.71,49.69,0,0,INCREASE REPLENISHMENT,7.0,PROACTIVE (Forward Shortfall)
2019-06-30,N05B,5.0,2.0,4.09,15.94,13.94,20.52,32.79,68.34,53.69,0,0,INCREASE REPLENISHMENT,5.0,PROACTIVE (Forward Shortfall)
2019-07-01,N05B,7.0,2.86,7.12,15.82,12.96,15.07,36.43,62.53,51.69,0,0,MAINTAIN REPLENISHMENT,0.0,PIPELINE IN-TRANSIT SUFFICIENT
2019-07-02,N05B,9.0,3.06,7.43,16.91,13.85,16.42,38.71,67.15,51.69,0,0,INCREASE REPLENISHMENT,11.0,PROACTIVE (Forward Shortfall)
2019-07-03,N05B,9.0,2.98,7.15,16.85,13.87,16.8,38.25,67.35,47.69,0,0,INCREASE REPLENISHMENT,9.0,PROACTIVE (Forward Shortfall)
2019-07-04,N05B,7.0,2.9,6.55,16.78,13.88,17.72,37.37,68.06,38.69,0,0,INCREASE REPLENISHMENT,10.0,PROACTIVE (Forward Shortfall)
2019-07-05,N05B,11.0,2.88,7.18,15.93,13.05,15.16,36.7,62.95,42.69,0,0,INCREASE REPLENISHMENT,2.0,PROACTIVE (Forward Shortfall)
2019-07-06,N05B,2.0,2.51,6.11,16.37,13.86,17.77,36.1,66.88,40.69,0,0,INCREASE REPLENISHMENT,15.0,PROACTIVE (Forward Shortfall)
2019-07-07,N05B,2.0,2.4,5.09,17.75,15.35,21.93,37.2,75.18,48.69,0,0,INCREASE REPLENISHMENT,10.0,PROACTIVE (Forward Shortfall)
2019-07-08,N05B,9.2,2.95,6.57,17.61,14.66,19.12,38.83,71.95,48.69,0,0,MAINTAIN REPLENISHMENT,0.0,PIPELINE IN-TRANSIT SUFFICIENT
2019-07-09,N05B,12.0,3.2,7.44,17.49,14.29,17.41,39.73,69.88,54.49,0,0,INCREASE REPLENISHMENT,6.0,PROACTIVE (Forward Shortfall)
2019-07-10,N05B,10.2,3.24,7.44,19.77,16.53,21.36,43.68,80.67,52.49,0,0,INCREASE REPLENISHMENT,23.0,PROACTIVE (Forward Shortfall)
2019-07-11,N05B,7.0,3.03,6.76,18.95,15.92,21.11,41.39,77.96,42.29,0,0,INCREASE REPLENISHMENT,7.0,PROACTIVE (Forward Shortfall)
2019-07-12,N05B,7.2,3.05,7.42,18.62,15.57,19.4,41.66,75.26,41.29,1,0,INCREASE REPLENISHMENT,4.0,REACTIVE (Below ROP)
2019-07-13,N05B,5.0,2.59,5.4,18.23,15.64,22.22,38.42,76.91,57.09,0,0,INCREASE REPLENISHMENT,9.0,PROACTIVE (Forward Shortfall)
2019-07-14,N05B,3.0,2.54,5.06,18.02,15.48,22.45,37.63,76.51,59.09,0,0,INCREASE REPLENISHMENT,5.0,PROACTIVE (Forward Shortfall)
2019-07-15,N05B,6.0,3.09,6.55,19.09,16.0,21.72,41.37,78.99,60.09,0,0,INCREASE REPLENISHMENT,5.0,PROACTIVE (Forward Shortfall)
2019-07-16,N05B,7.0,3.24,7.55,17.93,14.69,17.98,40.63,71.77,63.09,0,0,MAINTAIN REPLENISHMENT,0.0,PIPELINE IN-TRANSIT SUFFICIENT
2019-07-17,N05B,7.0,3.25,7.21,18.13,14.88,18.91,40.54,73.3,61.09,0,0,INCREASE REPLENISHMENT,8.0,PROACTIVE (Forward Shortfall)
2019-07-18,N05B,11.0,3.05,6.76,18.03,14.98,19.52,39.8,73.61,59.09,0,0,INCREASE REPLENISHMENT,7.0,PROACTIVE (Forward Shortfall)
2019-07-19,N05B,15.0,3.15,7.6,16.97,13.82,16.23,39.03,67.14,48.09,0,0,INCREASE REPLENISHMENT,5.0,PROACTIVE (Forward Shortfall)
2019-07-20,N05B,4.0,2.58,6.05,18.77,16.19,22.03,40.18,78.34,41.09,0,0,INCREASE REPLENISHMENT,26.0,PROACTIVE (Forward Shortfall)
2019-07-21,N05B,5.0,2.54,5.13,18.01,15.47,22.31,37.7,76.34,44.09,0,0,INCREASE REPLENISHMENT,2.0,PROACTIVE (Forward Shortfall)
2019-07-22,N05B,10.0,3.1,6.76,18.88,15.78,20.99,41.27,77.63,44.09,0,0,INCREASE REPLENISHMENT,6.0,PROACTIVE (Forward Shortfall)
2019-07-23,N05B,11.0,3.25,7.12,18.48,15.23,19.68,41.04,75.12,60.09,0,0,INCREASE REPLENISHMENT,8.0,PROACTIVE (Forward Shortfall)
2019-07-24,N05B,19.0,3.25,7.32,18.69,15.44,19.69,41.65,75.76,51.09,0,0,INCREASE REPLENISHMENT,11.0,PROACTIVE (Forward Shortfall)
2019-07-25,N05B,9.0,3.09,7.22,19.72,16.63,21.65,43.31,80.81,38.09,1,0,INCREASE REPLENISHMENT,24.0,REACTIVE (Below ROP)
2019-07-26,N05B,12.0,3.09,7.15,20.11,17.02,22.45,43.9,82.78,37.09,1,0,INCREASE REPLENISHMENT,11.0,REACTIVE (Below ROP)
2019-07-27,N05B,6.0,2.6,6.02,19.23,16.63,22.88,40.94,80.57,36.09,1,0,INCREASE REPLENISHMENT,10.0,REACTIVE (Below ROP)
2019-07-28,N05B,3.0,2.63,5.92,20.07,17.44,24.51,42.27,84.72,54.09,0,0,INCREASE REPLENISHMENT,10.0,PROACTIVE (Forward Shortfall)
2019-07-29,N05B,12.0,3.1,6.6,19.73,16.63,22.74,42.54,81.93,62.09,0,0,MAINTAIN REPLENISHMENT,0.0,PIPELINE IN-TRANSIT SUFFICIENT
2019-07-30,N05B,9.0,3.2,7.53,19.71,16.51,21.1,43.69,80.23,60.09,0,0,INCREASE REPLENISHMENT,11.0,PROACTIVE (Forward Shortfall)
2019-07-31,N05B,4.0,3.2,7.66,19.86,16.66,21.13,44.11,80.71,61.09,0,0,INCREASE REPLENISHMENT,9.0,PROACTIVE (Forward Shortfall)
2019-08-01,N05B,6.0,3.11,6.91,18.86,15.75,20.7,41.43,77.28,57.09,0,0,INCREASE REPLENISHMENT,1.0,PROACTIVE (Forward Shortfall)
2019-08-02,N05B,7.0,3.12,7.01,18.28,15.16,19.52,40.55,74.36,62.09,0,0,INCREASE REPLENISHMENT,3.0,PROACTIVE (Forward Shortfall)
2019-08-03,N05B,6.0,2.73,5.44,17.75,15.02,21.32,37.64,74.57,64.09,0,0,INCREASE REPLENISHMENT,7.0,PROACTIVE (Forward Shortfall)
2019-08-04,N05B,10.0,2.54,4.98,17.64,15.1,21.93,36.87,74.85,59.09,0,0,INCREASE REPLENISHMENT,6.0,PROACTIVE (Forward Shortfall)
2019-08-05,N05B,7.0,3.15,6.78,19.1,15.95,21.34,41.68,78.64,52.09,0,0,INCREASE REPLENISHMENT,14.0,PROACTIVE (Forward Shortfall)
2019-08-06,N05B,4.0,3.25,7.1,18.68,15.43,20.06,41.36,76.1,52.09,0,0,INCREASE REPLENISHMENT,5.0,PROACTIVE (Forward Shortfall)
2019-08-07,N05B,7.0,3.05,7.58,17.96,14.91,17.98,40.72,71.86,54.09,0,0,MAINTAIN REPLENISHMENT,0.0,PIPELINE IN-TRANSIT SUFFICIENT
2019-08-08,N05B,10.0,3.11,6.74,18.31,15.2,20.04,40.26,74.97,61.09,0,0,INCREASE REPLENISHMENT,9.0,PROACTIVE (Forward Shortfall)
2019-08-09,N05B,13.0,3.16,6.97,18.44,15.28,19.87,40.78,75.19,56.09,0,0,INCREASE REPLENISHMENT,11.0,PROACTIVE (Forward Shortfall)
2019-08-10,N05B,11.0,2.76,6.58,18.41,15.65,20.49,40.23,75.72,43.09,0,0,INCREASE REPLENISHMENT,13.0,PROACTIVE (Forward Shortfall)
2019-08-11,N05B,5.0,2.72,5.87,19.04,16.32,22.81,40.42,79.93,41.09,0,0,INCREASE REPLENISHMENT,15.0,PROACTIVE (Forward Shortfall)
2019-08-12,N05B,11.0,3.14,7.31,19.02,15.88,20.28,42.21,77.34,47.09,0,0,INCREASE REPLENISHMENT,3.0,PROACTIVE (Forward Shortfall)
2019-08-13,N05B,3.0,2.98,7.48,18.57,15.59,19.21,41.65,74.92,49.09,0,0,INCREASE REPLENISHMENT,8.0,PROACTIVE (Forward Shortfall)
2019-08-14,N05B,6.0,3.28,7.45,19.51,16.23,20.89,43.24,79.42,61.09,0,0,INCREASE REPLENISHMENT,8.0,PROACTIVE (Forward Shortfall)
2019-08-15,N05B,9.0,3.15,7.02,18.87,15.72,20.52,41.58,77.13,58.09,0,0,INCREASE REPLENISHMENT,4.0,PROACTIVE (Forward Shortfall)
2019-08-16,N05B,15.0,3.15,6.96,18.82,15.67,20.54,41.42,77.0,57.09,0,0,INCREASE REPLENISHMENT,8.0,PROACTIVE (Forward Shortfall)
2019-08-17,N05B,5.0,2.71,6.44,19.4,16.69,22.45,41.77,80.65,50.09,0,0,INCREASE REPLENISHMENT,19.0,PROACTIVE (Forward Shortfall)
2019-08-18,N05B,4.0,2.55,5.66,18.43,15.88,22.12,39.1,77.41,49.09,0,0,INCREASE REPLENISHMENT,2.0,PROACTIVE (Forward Shortfall)
2019-08-19,N05B,11.0,3.08,6.53,19.31,16.23,22.14,41.73,80.07,53.09,0,0,INCREASE REPLENISHMENT,6.0,PROACTIVE (Forward Shortfall)
2019-08-20,N05B,8.0,3.04,7.45,18.8,15.76,19.66,42.01,76.06,61.09,0,0,INCREASE REPLENISHMENT,7.0,PROACTIVE (Forward Shortfall)
2019-08-21,N05B,10.0,3.28,8.5,18.13,14.85,16.68,42.18,71.07,55.09,0,0,INCREASE REPLENISHMENT,3.0,PROACTIVE (Forward Shortfall)
2019-08-22,N05B,8.0,3.13,7.21,19.11,15.98,20.61,42.24,77.94,51.09,0,0,INCREASE REPLENISHMENT,17.0,PROACTIVE (Forward Shortfall)
2019-08-23,N05B,11.0,3.16,7.63,19.21,16.05,20.06,42.95,77.69,50.09,0,0,INCREASE REPLENISHMENT,8.0,PROACTIVE (Forward Shortfall)
2019-08-24,N05B,9.0,2.61,6.57,16.84,14.23,17.79,37.5,68.31,42.09,0,0,INCREASE REPLENISHMENT,2.0,PROACTIVE (Forward Shortfall)
2019-08-25,N05B,4.0,2.56,5.77,17.85,15.29,20.92,38.23,74.47,50.09,0,0,INCREASE REPLENISHMENT,15.0,PROACTIVE (Forward Shortfall)
2019-08-26,N05B,11.0,3.12,7.04,18.26,15.14,19.43,40.55,74.21,54.09,0,0,INCREASE REPLENISHMENT,4.0,PROACTIVE (Forward Shortfall)
2019-08-27,N05B,3.0,3.29,7.44,18.37,15.08,18.93,41.25,74.04,45.09,0,0,INCREASE REPLENISHMENT,10.0,PROACTIVE (Forward Shortfall)
2019-08-28,N05B,6.0,3.22,6.94,19.55,16.33,21.84,42.66,80.49,57.09,0,0,INCREASE REPLENISHMENT,10.0,PROACTIVE (Forward Shortfall)
2019-08-29,N05B,9.0,3.1,6.81,18.34,15.24,19.97,40.4,74.99,55.09,0,0,MAINTAIN REPLENISHMENT,0.0,PIPELINE IN-TRANSIT SUFFICIENT
2019-08-30,N05B,3.0,3.14,6.84,18.38,15.24,19.99,40.51,75.13,56.09,0,0,INCREASE REPLENISHMENT,10.0,PROACTIVE (Forward Shortfall)
2019-08-31,N05B,5.0,2.67,5.42,17.87,15.2,21.56,37.82,75.17,63.09,0,0,INCREASE REPLENISHMENT,3.0,PROACTIVE (Forward Shortfall)
2019-09-01,N05B,8.2,2.3,4.7,17.24,14.94,21.72,35.82,73.44,58.09,0,0,INCREASE REPLENISHMENT,3.0,PROACTIVE (Forward Shortfall)
2019-09-02,N05B,7.0,3.07,6.89,18.48,15.41,20.07,40.74,75.51,59.89,0,0,INCREASE REPLENISHMENT,10.0,PROACTIVE (Forward Shortfall)
2019-09-03,N05B,8.0,3.07,7.33,16.95,13.88,16.66,38.65,67.51,55.89,0,0,MAINTAIN REPLENISHMENT,0.0,PIPELINE IN-TRANSIT SUFFICIENT
2019-09-04,N05B,7.0,3.29,7.13,17.16,13.87,17.37,38.76,68.85,50.89,0,0,INCREASE REPLENISHMENT,8.0,PROACTIVE (Forward Shortfall)
2019-09-05,N05B,1.0,3.13,6.79,17.83,14.7,19.12,39.49,72.61,53.89,0,0,INCREASE REPLENISHMENT,11.0,PROACTIVE (Forward Shortfall)
2019-09-06,N05B,7.0,2.75,6.75,16.96,14.21,17.68,37.93,68.56,52.89,0,0,MAINTAIN REPLENISHMENT,0.0,PIPELINE IN-TRANSIT SUFFICIENT
2019-09-07,N05B,14.0,2.28,5.82,13.48,11.2,13.27,30.73,53.71,53.89,0,1,MAINTAIN REPLENISHMENT,0.0,PIPELINE IN-TRANSIT SUFFICIENT
2019-09-08,N05B,7.0,2.64,5.53,18.31,15.67,22.14,38.73,77.07,50.89,0,0,INCREASE REPLENISHMENT,27.0,PROACTIVE (Forward Shortfall)
2019-09-09,N05B,4.0,3.03,6.97,18.31,15.28,19.64,40.55,74.57,43.89,0,0,INCREASE REPLENISHMENT,4.0,PROACTIVE (Forward Shortfall)
2019-09-10,N05B,17.0,2.94,6.56,18.53,15.59,20.73,40.41,76.32,39.89,1,0,INCREASE REPLENISHMENT,6.0,REACTIVE (Below ROP)
2019-09-11,N05B,5.0,3.03,7.27,20.37,17.34,22.69,44.5,83.8,49.89,0,0,INCREASE REPLENISHMENT,24.0,PROACTIVE (Forward Shortfall)
2019-09-12,N05B,11.2,2.87,6.7,20.04,17.17,23.11,43.21,83.23,48.89,0,0,INCREASE REPLENISHMENT,5.0,PROACTIVE (Forward Shortfall)
2019-09-13,N05B,12.0,3.02,6.72,18.45,15.43,20.32,40.48,75.67,43.69,0,0,INCREASE REPLENISHMENT,3.0,PROACTIVE (Forward Shortfall)
2019-09-14,N05B,12.0,2.63,6.15,20.07,17.44,24.11,42.56,84.32,55.69,0,0,INCREASE REPLENISHMENT,21.0,PROACTIVE (Forward Shortfall)
2019-09-15,N05B,6.0,2.64,5.78,19.06,16.42,23.0,40.34,80.18,48.69,0,0,INCREASE REPLENISHMENT,8.0,PROACTIVE (Forward Shortfall)
2019-09-16,N05B,5.0,2.87,7.9,19.36,16.49,19.85,43.55,77.93,45.69,0,0,INCREASE REPLENISHMENT,4.0,PROACTIVE (Forward Shortfall)
2019-09-17,N05B,8.2,3.04,7.79,18.88,15.84,19.21,42.58,75.85,61.69,0,0,INCREASE REPLENISHMENT,3.0,PROACTIVE (Forward Shortfall)
2019-09-18,N05B,4.0,3.03,7.7,18.42,15.39,18.57,41.67,73.83,61.49,0,0,INCREASE REPLENISHMENT,6.0,PROACTIVE (Forward Shortfall)
2019-09-19,N05B,5.0,3.04,6.62,18.67,15.63,20.87,40.73,76.88,61.49,0,0,INCREASE REPLENISHMENT,7.0,PROACTIVE (Forward Shortfall)
2019-09-20,N05B,3.0,3.07,7.26,17.86,14.79,18.36,40.14,71.94,59.49,0,0,MAINTAIN REPLENISHMENT,0.0,PIPELINE IN-TRANSIT SUFFICIENT
2019-09-21,N05B,3.0,2.48,6.06,16.55,14.07,18.17,36.35,67.82,62.49,0,0,MAINTAIN REPLENISHMENT,0.0,PIPELINE IN-TRANSIT SUFFICIENT
2019-09-22,N05B,3.0,2.29,5.16,16.64,14.35,19.88,35.36,69.8,66.49,0,0,INCREASE REPLENISHMENT,4.0,PROACTIVE (Forward Shortfall)
2019-09-23,N05B,6.0,2.83,6.42,19.21,16.38,22.15,41.41,79.78,63.49,0,0,INCREASE REPLENISHMENT,13.0,PROACTIVE (Forward Shortfall)
2019-09-24,N05B,12.0,3.08,7.54,17.43,14.35,17.13,39.75,69.42,57.49,0,0,MAINTAIN REPLENISHMENT,0.0,PIPELINE IN-TRANSIT SUFFICIENT
2019-09-25,N05B,14.0,2.99,7.29,19.02,16.03,20.32,42.19,77.38,49.49,0,0,INCREASE REPLENISHMENT,15.0,PROACTIVE (Forward Shortfall)
2019-09-26,N05B,13.0,2.91,6.82,18.76,15.85,20.68,41.14,76.96,48.49,0,0,INCREASE REPLENISHMENT,14.0,PROACTIVE (Forward Shortfall)
2019-09-27,N05B,4.0,2.89,7.22,19.4,16.51,21.1,42.76,79.3,35.49,1,0,INCREASE REPLENISHMENT,15.0,REACTIVE (Below ROP)
2019-09-28,N05B,6.2,2.5,5.97,18.4,15.9,21.53,39.44,76.73,46.49,0,0,INCREASE REPLENISHMENT,2.0,PROACTIVE (Forward Shortfall)
2019-09-29,N05B,6.0,2.53,5.24,16.35,13.82,19.24,34.96,68.29,54.29,0,0,MAINTAIN REPLENISHMENT,0.0,PIPELINE IN-TRANSIT SUFFICIENT
2019-09-30,N05B,9.0,3.1,6.82,17.01,13.91,17.65,38.11,68.68,63.29,0,0,INCREASE REPLENISHMENT,4.0,PROACTIVE (Forward Shortfall)
2019-10-01,N05B,15.0,3.2,6.98,16.8,13.6,17.01,37.95,67.41,56.29,0,0,INCREASE REPLENISHMENT,8.0,PROACTIVE (Forward Shortfall)
2019-10-02,N05B,9.0,3.16,7.62,18.43,15.27,18.72,41.58,74.01,41.29,1,0,INCREASE REPLENISHMENT,21.0,REACTIVE (Below ROP)
2019-10-03,N05B,10.0,3.02,7.26,17.17,14.15,17.16,38.94,68.67,36.29,1,0,INCREASE REPLENISHMENT,4.0,REACTIVE (Below ROP)
2019-10-04,N05B,13.0,2.95,7.01,18.26,15.31,19.49,40.52,74.27,34.29,1,0,INCREASE REPLENISHMENT,15.0,REACTIVE (Below ROP)
2019-10-05,N05B,7.0,2.8,7.2,18.44,15.64,19.47,41.07,74.79,42.29,0,0,INCREASE REPLENISHMENT,14.0,PROACTIVE (Forward Shortfall)
2019-10-06,N05B,6.0,2.76,6.2,18.53,15.77,21.36,39.96,76.95,39.29,1,0,INCREASE REPLENISHMENT,9.0,REACTIVE (Below ROP)
2019-10-07,N05B,6.0,3.17,7.75,17.37,14.2,16.66,39.91,68.77,48.29,0,0,MAINTAIN REPLENISHMENT,0.0,PIPELINE IN-TRANSIT SUFFICIENT
2019-10-08,N05B,20.0,3.38,8.39,17.9,14.52,16.47,41.64,70.17,56.29,0,0,INCREASE REPLENISHMENT,5.0,PROACTIVE (Forward Shortfall)
2020-01-01,N05B,,3.65,7.88,15.79,12.14,13.7,37.34,61.07,45.29,0,0,INCREASE REPLENISHMENT,11.0,PROACTIVE (Forward Shortfall)
2020-01-02,N05B,,3.57,7.62,15.31,11.74,13.32,36.18,59.25,37.41,0,0,INCREASE REPLENISHMENT,6.0,PROACTIVE (Forward Shortfall)
2020-01-03,N05B,,3.82,9.17,15.0,11.18,10.1,37.61,55.1,34.79,1,0,INCREASE REPLENISHMENT,4.0,REACTIVE (Below ROP)
2020-01-04,N05B,,3.81,8.11,12.28,8.47,7.22,31.55,44.06,36.62,0,0,MAINTAIN REPLENISHMENT,0.0,PIPELINE IN-TRANSIT SUFFICIENT
2020-01-05,N05B,,3.31,7.09,10.92,7.61,6.63,27.9,39.39,34.51,0,0,INCREASE REPLENISHMENT,1.0,PROACTIVE (Forward Shortfall)
2020-01-06,N05B,,3.99,8.8,14.8,10.81,10.39,36.79,54.79,31.42,1,0,INCREASE REPLENISHMENT,23.0,REACTIVE (Below ROP)
2020-01-07,N05B,,4.28,9.42,15.01,10.73,9.68,37.94,54.71,22.62,1,0,INCREASE REPLENISHMENT,9.0,REACTIVE (Below ROP)
2020-01-08,N05B,,4.06,8.84,15.44,11.38,11.43,37.95,57.75,14.2,1,0,INCREASE REPLENISHMENT,12.0,REACTIVE (Below ROP)
2020-01-09,N05B,,3.79,8.68,15.19,11.4,11.28,37.32,56.85,28.36,1,0,INCREASE REPLENISHMENT,8.0,REACTIVE (Below ROP)
2020-01-10,N05B,,3.81,9.0,15.12,11.31,10.6,37.6,55.96,28.68,1,0,INCREASE REPLENISHMENT,8.0,REACTIVE (Below ROP)
2020-01-11,N05B,,3.9,7.79,12.41,8.51,8.0,31.37,45.23,31.68,0,0,MAINTAIN REPLENISHMENT,0.0,PIPELINE IN-TRANSIT SUFFICIENT
2020-01-12,N05B,,3.69,7.04,11.44,7.75,7.62,28.74,41.94,31.89,0,0,INCREASE REPLENISHMENT,3.0,PROACTIVE (Forward Shortfall)
2020-01-13,N05B,,3.72,8.71,15.58,11.86,11.9,38.03,58.64,32.85,1,0,INCREASE REPLENISHMENT,23.0,REACTIVE (Below ROP)
2020-01-14,N05B,,3.65,9.35,16.01,12.36,11.54,39.59,59.57,24.14,1,0,INCREASE REPLENISHMENT,10.0,REACTIVE (Below ROP)
2020-01-15,N05B,,4.21,9.83,15.97,11.76,10.63,40.12,58.54,17.79,1,0,INCREASE REPLENISHMENT,8.0,REACTIVE (Below ROP)
2020-01-16,N05B,,3.83,9.32,15.35,11.52,10.44,38.4,56.49,30.96,1,0,INCREASE REPLENISHMENT,8.0,REACTIVE (Below ROP)
2020-01-17,N05B,,3.8,9.36,15.59,11.79,10.79,38.87,57.56,31.64,1,0,INCREASE REPLENISHMENT,10.0,REACTIVE (Below ROP)
2020-01-18,N05B,,3.86,8.5,12.86,9.0,7.55,33.05,46.13,30.28,1,0,MAINTAIN REPLENISHMENT,0.0,PIPELINE IN-TRANSIT SUFFICIENT
2020-01-19,N05B,,3.47,7.02,11.6,8.13,7.93,28.99,42.73,29.78,0,0,INCREASE REPLENISHMENT,3.0,PROACTIVE (Forward Shortfall)
2020-01-20,N05B,,3.81,8.98,15.71,11.9,11.66,38.6,58.79,32.76,1,0,INCREASE REPLENISHMENT,24.0,REACTIVE (Below ROP)
2020-01-21,N05B,,3.84,9.4,15.61,11.77,10.76,38.96,57.59,23.78,1,0,INCREASE REPLENISHMENT,7.0,REACTIVE (Below ROP)
2020-01-22,N05B,,4.14,9.68,15.91,11.77,10.79,39.83,58.52,17.38,1,0,INCREASE REPLENISHMENT,11.0,REACTIVE (Below ROP)
2020-01-23,N05B,,3.83,9.0,15.5,11.67,11.26,38.26,57.76,31.7,1,0,INCREASE REPLENISHMENT,9.0,REACTIVE (Below ROP)
2020-01-24,N05B,,3.85,9.32,15.54,11.69,10.77,38.73,57.39,29.7,1,0,INCREASE REPLENISHMENT,8.0,REACTIVE (Below ROP)
2020-01-25,N05B,,3.87,8.44,12.82,8.95,7.59,32.91,46.05,31.38,1,0,MAINTAIN REPLENISHMENT,0.0,PIPELINE IN-TRANSIT SUFFICIENT
2020-01-26,N05B,,3.39,6.92,11.51,8.12,7.95,28.71,42.48,31.94,0,0,INCREASE REPLENISHMENT,3.0,PROACTIVE (Forward Shortfall)
2020-01-27,N05B,,3.68,8.78,15.51,11.83,11.66,38.0,58.19,33.02,1,0,INCREASE REPLENISHMENT,23.0,REACTIVE (Below ROP)
2020-01-28,N05B,,3.86,9.4,16.01,12.15,11.45,39.65,59.48,24.24,1,0,INCREASE REPLENISHMENT,10.0,REACTIVE (Below ROP)
2020-01-29,N05B,,4.27,9.84,16.16,11.89,10.95,40.47,59.43,17.84,1,0,INCREASE REPLENISHMENT,9.0,REACTIVE (Below ROP)
2020-01-30,N05B,,3.87,9.09,15.59,11.72,11.26,38.53,58.03,31.0,1,0,INCREASE REPLENISHMENT,9.0,REACTIVE (Below ROP)
2020-01-31,N05B,,3.83,9.07,15.51,11.68,11.15,38.36,57.68,31.91,1,0,INCREASE REPLENISHMENT,8.0,REACTIVE (Below ROP)
2020-02-01,N05B,,3.89,8.78,12.55,8.66,6.53,32.87,44.18,31.84,1,0,MAINTAIN REPLENISHMENT,0.0,PIPELINE IN-TRANSIT SUFFICIENT
2020-02-02,N05B,,3.3,6.23,11.02,7.72,8.3,26.99,41.36,32.06,0,0,INCREASE REPLENISHMENT,2.0,PROACTIVE (Forward Shortfall)
2020-02-03,N05B,,3.88,9.53,15.8,11.92,10.86,39.45,58.26,33.83,1,0,INCREASE REPLENISHMENT,23.0,REACTIVE (Below ROP)
2020-02-04,N05B,,3.99,9.54,15.93,11.94,11.07,39.69,58.86,24.3,1,0,INCREASE REPLENISHMENT,10.0,REACTIVE (Below ROP)
2020-02-05,N05B,,4.29,10.0,15.89,11.6,10.2,40.2,57.87,16.76,1,0,INCREASE REPLENISHMENT,9.0,REACTIVE (Below ROP)
2020-02-06,N05B,,3.81,9.22,15.55,11.74,10.96,38.62,57.61,29.76,1,0,INCREASE REPLENISHMENT,9.0,REACTIVE (Below ROP)
2020-02-07,N05B,,3.88,9.2,15.49,11.61,10.89,38.49,57.36,30.54,1,0,INCREASE REPLENISHMENT,9.0,REACTIVE (Below ROP)
2020-02-08,N05B,,3.9,8.66,12.42,8.52,6.51,32.49,43.77,30.34,1,0,MAINTAIN REPLENISHMENT,0.0,PIPELINE IN-TRANSIT SUFFICIENT
2020-02-09,N05B,,3.25,6.07,10.84,7.59,8.26,26.47,40.78,30.68,0,0,INCREASE REPLENISHMENT,2.0,PROACTIVE (Forward Shortfall)
2020-02-10,N05B,,3.71,9.19,15.7,11.99,11.28,38.85,58.38,33.61,1,0,INCREASE REPLENISHMENT,23.0,REACTIVE (Below ROP)
2020-02-11,N05B,,3.72,9.22,15.88,12.16,11.54,39.2,59.18,24.42,1,0,INCREASE REPLENISHMENT,10.0,REACTIVE (Below ROP)
2020-02-12,N05B,,4.09,9.85,15.98,11.89,10.62,40.17,58.56,17.2,1,0,INCREASE REPLENISHMENT,9.0,REACTIVE (Below ROP)
2020-02-13,N05B,,3.7,9.2,15.44,11.74,10.81,38.41,57.13,30.35,1,0,INCREASE REPLENISHMENT,8.0,REACTIVE (Below ROP)
2020-02-14,N05B,,3.75,9.22,15.47,11.72,10.83,38.49,57.24,31.15,1,0,INCREASE REPLENISHMENT,10.0,REACTIVE (Below ROP)
2020-02-15,N05B,,3.8,8.81,12.54,8.74,6.46,32.89,44.08,30.93,1,0,MAINTAIN REPLENISHMENT,0.0,PIPELINE IN-TRANSIT SUFFICIENT
2020-02-16,N05B,,3.12,6.27,11.04,7.92,8.26,27.07,41.38,30.12,0,0,INCREASE REPLENISHMENT,2.0,PROACTIVE (Forward Shortfall)
2020-02-17,N05B,,3.89,9.52,15.68,11.79,10.67,39.23,57.71,33.85,1,0,INCREASE REPLENISHMENT,22.0,REACTIVE (Below ROP)
2020-02-18,N05B,,3.92,9.22,15.9,11.98,11.57,39.23,59.27,24.33,1,0,INCREASE REPLENISHMENT,11.0,REACTIVE (Below ROP)
2020-02-19,N05B,,4.3,9.84,15.61,11.31,9.99,39.51,56.82,17.11,1,0,INCREASE REPLENISHMENT,7.0,REACTIVE (Below ROP)
2020-02-20,N05B,,3.9,9.28,15.5,11.6,10.77,38.61,57.27,29.27,1,0,INCREASE REPLENISHMENT,11.0,REACTIVE (Below ROP)
2020-02-21,N05B,,3.98,9.22,15.44,11.46,10.77,38.43,57.09,30.99,1,0,INCREASE REPLENISHMENT,9.0,REACTIVE (Below ROP)
2020-02-22,N05B,,3.78,8.46,12.33,8.55,6.7,32.08,43.69,28.77,1,0,MAINTAIN REPLENISHMENT,0.0,PIPELINE IN-TRANSIT SUFFICIENT
2020-02-23,N05B,,3.33,6.23,10.63,7.3,7.62,26.31,39.51,31.31,0,0,MAINTAIN REPLENISHMENT,0.0,PIPELINE IN-TRANSIT SUFFICIENT
2020-02-24,N05B,,3.88,9.54,15.67,11.79,10.62,39.24,57.63,34.08,1,0,INCREASE REPLENISHMENT,24.0,REACTIVE (Below ROP)
2020-02-25,N05B,,3.97,9.54,15.89,11.92,11.0,39.62,58.67,24.54,1,0,INCREASE REPLENISHMENT,11.0,REACTIVE (Below ROP)
2020-02-26,N05B,,4.22,9.92,15.66,11.44,9.94,39.7,56.92,15.0,1,0,INCREASE REPLENISHMENT,7.0,REACTIVE (Below ROP)
2020-02-27,N05B,,3.87,9.22,15.44,11.57,10.77,38.43,57.09,29.08,1,0,INCREASE REPLENISHMENT,11.0,REACTIVE (Below ROP)
2020-02-28,N05B,,1.85,9.06,15.42,13.57,11.02,38.2,57.28,30.86,1,0,INCREASE REPLENISHMENT,9.0,REACTIVE (Below ROP)
2020-02-29,N05B,,3.87,8.81,12.56,8.69,6.5,32.93,44.18,28.8,1,0,MAINTAIN REPLENISHMENT,0.0,PIPELINE IN-TRANSIT SUFFICIENT
2020-03-01,N05B,,2.11,6.18,10.39,8.28,7.29,25.83,38.46,30.99,0,0,MAINTAIN REPLENISHMENT,0.0,PIPELINE IN-TRANSIT SUFFICIENT
2020-03-02,N05B,,3.71,9.19,15.53,11.82,10.98,38.55,57.57,33.81,1,0,INCREASE REPLENISHMENT,24.0,REACTIVE (Below ROP)
2020-03-03,N05B,,3.95,9.27,15.78,11.83,11.28,39.09,58.62,24.62,1,0,INCREASE REPLENISHMENT,11.0,REACTIVE (Below ROP)
2020-03-04,N05B,,4.2,9.87,15.74,11.54,10.17,39.78,57.39,15.35,1,0,INCREASE REPLENISHMENT,8.0,REACTIVE (Below ROP)
2020-03-05,N05B,,3.85,9.82,15.6,11.75,10.01,39.47,56.81,29.48,1,0,INCREASE REPLENISHMENT,9.0,REACTIVE (Below ROP)
2020-03-06,N05B,,3.85,9.82,15.56,11.71,9.94,39.4,56.62,30.66,1,0,INCREASE REPLENISHMENT,9.0,REACTIVE (Below ROP)
2020-03-07,N05B,,3.82,8.57,12.26,8.44,6.39,32.1,43.17,28.84,1,0,MAINTAIN REPLENISHMENT,0.0,PIPELINE IN-TRANSIT SUFFICIENT
2020-03-08,N05B,,3.23,6.23,10.37,7.14,7.17,25.86,38.28,29.27,0,0,INCREASE REPLENISHMENT,1.0,PROACTIVE (Forward Shortfall)
2020-03-09,N05B,,3.86,9.33,15.43,11.57,10.57,38.56,56.86,32.04,1,0,INCREASE REPLENISHMENT,24.0,REACTIVE (Below ROP)
2020-03-10,N05B,,4.01,9.38,15.63,11.62,10.83,38.97,57.72,22.71,1,0,INCREASE REPLENISHMENT,11.0,REACTIVE (Below ROP)
2020-03-11,N05B,,4.3,10.04,15.5,11.2,9.46,39.58,55.96,14.33,1,0,INCREASE REPLENISHMENT,7.0,REACTIVE (Below ROP)
2020-03-12,N05B,,1.58,9.29,15.24,13.66,10.31,38.18,56.03,28.29,1,0,INCREASE REPLENISHMENT,10.0,REACTIVE (Below ROP)
2020-03-13,N05B,,3.9,9.43,15.26,11.36,10.1,38.39,55.88,30.0,1,0,INCREASE REPLENISHMENT,9.0,REACTIVE (Below ROP)
2020-03-14,N05B,,3.93,8.86,12.5,8.57,6.3,32.88,43.8,27.57,1,0,MAINTAIN REPLENISHMENT,0.0,PIPELINE IN-TRANSIT SUFFICIENT
2020-03-15,N05B,,3.24,6.06,10.38,7.14,7.48,25.66,38.62,28.71,0,0,INCREASE REPLENISHMENT,1.0,PROACTIVE (Forward Shortfall)
2020-03-16,N05B,,3.81,9.38,15.48,11.67,10.57,38.71,57.01,31.65,1,0,INCREASE REPLENISHMENT,25.0,REACTIVE (Below ROP)
2020-03-17,N05B,,3.78,9.41,15.88,12.1,11.21,39.44,58.85,22.27,1,0,INCREASE REPLENISHMENT,11.0,REACTIVE (Below ROP)
2020-03-18,N05B,,4.15,10.03,15.56,11.41,9.58,39.67,56.26,13.86,1,0,INCREASE REPLENISHMENT,7.0,REACTIVE (Below ROP)
2020-03-19,N05B,,3.84,9.38,15.23,11.39,10.13,38.27,55.82,28.83,1,0,INCREASE REPLENISHMENT,9.0,REACTIVE (Below ROP)
2020-03-20,N05B,,3.88,9.38,15.23,11.35,10.13,38.27,55.82,30.45,1,0,INCREASE REPLENISHMENT,10.0,REACTIVE (Below ROP)
2020-03-21,N05B,,3.79,8.8,12.47,8.68,6.36,32.76,43.77,28.07,1,0,MAINTAIN REPLENISHMENT,0.0,PIPELINE IN-TRANSIT SUFFICIENT
2020-03-22,N05B,,3.21,6.02,10.35,7.14,7.5,25.56,38.55,28.27,0,0,INCREASE REPLENISHMENT,1.0,PROACTIVE (Forward Shortfall)
2020-03-23,N05B,,3.74,9.34,15.44,11.7,10.57,38.59,56.89,32.25,1,0,INCREASE REPLENISHMENT,24.0,REACTIVE (Below ROP)
2020-03-24,N05B,,3.87,9.41,15.75,11.88,10.98,39.21,58.23,22.91,1,0,INCREASE REPLENISHMENT,11.0,REACTIVE (Below ROP)
2020-03-25,N05B,,1.82,9.84,15.53,13.71,9.86,39.38,56.45,14.5,1,0,INCREASE REPLENISHMENT,7.0,REACTIVE (Below ROP)
2020-03-26,N05B,,3.74,9.36,14.94,11.2,9.66,37.74,54.48,28.66,1,0,INCREASE REPLENISHMENT,8.0,REACTIVE (Below ROP)
2020-03-27,N05B,,3.77,9.38,15.27,11.5,10.2,38.34,56.01,30.3,1,0,INCREASE REPLENISHMENT,11.0,REACTIVE (Below ROP)
2020-03-28,N05B,,3.79,8.8,12.75,8.96,6.84,33.24,45.09,27.92,1,0,MAINTAIN REPLENISHMENT,0.0,PIPELINE IN-TRANSIT SUFFICIENT
2020-03-29,N05B,,3.27,6.61,10.68,7.41,7.05,26.88,39.09,27.12,0,0,INCREASE REPLENISHMENT,1.0,PROACTIVE (Forward Shortfall)
2020-03-30,N05B,,3.86,9.35,15.68,11.82,10.96,39.01,58.0,31.51,1,0,INCREASE REPLENISHMENT,26.0,REACTIVE (Below ROP)
2020-03-31,N05B,,1.59,9.21,15.89,14.3,11.57,39.2,59.24,22.16,1,0,INCREASE REPLENISHMENT,11.0,REACTIVE (Below ROP)
2020-04-01,N05B,,4.34,10.01,15.53,11.19,9.56,39.59,56.15,13.95,1,0,INCREASE REPLENISHMENT,6.0,REACTIVE (Below ROP)
2020-04-02,N05B,,3.91,11.74,16.38,12.47,8.04,43.26,57.18,29.94,1,0,INCREASE REPLENISHMENT,11.0,REACTIVE (Below ROP)
2020-04-03,N05B,,4.13,9.43,15.55,11.42,10.6,38.89,57.25,29.2,1,0,INCREASE REPLENISHMENT,12.0,REACTIVE (Below ROP)
2020-04-04,N05B,,4.08,8.83,12.72,8.64,6.74,33.23,44.9,25.77,1,0,MAINTAIN REPLENISHMENT,0.0,PIPELINE IN-TRANSIT SUFFICIENT
2020-04-05,N05B,,3.37,5.93,10.54,7.17,7.98,25.77,39.6,27.94,0,0,MAINTAIN REPLENISHMENT,0.0,PIPELINE IN-TRANSIT SUFFICIENT
2020-04-06,N05B,,3.84,9.36,15.4,11.56,10.46,38.54,56.66,34.01,1,0,INCREASE REPLENISHMENT,23.0,REACTIVE (Below ROP)
2020-04-07,N05B,,3.94,9.41,15.48,11.54,10.51,38.74,56.95,24.65,1,0,INCREASE REPLENISHMENT,10.0,REACTIVE (Below ROP)
2020-04-08,N05B,,4.25,9.99,15.24,10.99,9.09,39.06,54.81,15.24,1,0,INCREASE REPLENISHMENT,7.0,REACTIVE (Below ROP)
2020-04-09,N05B,,3.84,9.4,15.28,11.44,10.18,38.38,56.02,28.25,1,0,INCREASE REPLENISHMENT,11.0,REACTIVE (Below ROP)
2020-04-10,N05B,,3.84,9.41,15.23,11.39,10.08,38.31,55.77,28.85,1,0,INCREASE REPLENISHMENT,9.0,REACTIVE (Below ROP)
2020-04-11,N05B,,3.78,8.83,12.38,8.6,6.15,32.64,43.29,26.44,1,0,MAINTAIN REPLENISHMENT,0.0,PIPELINE IN-TRANSIT SUFFICIENT
2020-04-12,N05B,,3.16,6.18,10.4,7.24,7.31,25.85,38.51,28.61,0,0,INCREASE REPLENISHMENT,1.0,PROACTIVE (Forward Shortfall)
2020-04-13,N05B,,3.89,9.38,15.4,11.51,10.43,38.57,56.63,31.43,1,0,INCREASE REPLENISHMENT,25.0,REACTIVE (Below ROP)
2020-04-14,N05B,,3.97,9.41,15.75,11.78,10.98,39.21,58.23,22.05,1,0,INCREASE REPLENISHMENT,11.0,REACTIVE (Below ROP)
2020-04-15,N05B,,4.3,9.99,15.34,11.04,9.27,39.24,55.29,13.64,1,0,INCREASE REPLENISHMENT,6.0,REACTIVE (Below ROP)
2020-04-16,N05B,,3.91,9.35,15.21,11.3,10.15,38.2,55.78,28.65,1,0,INCREASE REPLENISHMENT,11.0,REACTIVE (Below ROP)
2020-04-17,N05B,,3.96,9.41,15.22,11.26,10.06,38.29,55.72,30.3,1,0,INCREASE REPLENISHMENT,9.0,REACTIVE (Below ROP)
2020-04-18,N05B,,3.9,8.8,12.38,8.48,6.2,32.6,43.34,26.89,1,0,MAINTAIN REPLENISHMENT,0.0,PIPELINE IN-TRANSIT SUFFICIENT
2020-04-19,N05B,,3.22,6.18,10.29,7.07,7.12,25.66,37.99,29.09,0,0,MAINTAIN REPLENISHMENT,0.0,PIPELINE IN-TRANSIT SUFFICIENT
2020-04-20,N05B,,3.88,9.38,15.44,11.56,10.5,38.64,56.82,31.91,1,0,INCREASE REPLENISHMENT,25.0,REACTIVE (Below ROP)
2020-04-21,N05B,,3.99,9.41,15.57,11.58,10.67,38.9,57.38,22.53,1,0,INCREASE REPLENISHMENT,10.0,REACTIVE (Below ROP)
2020-04-22,N05B,,4.29,10.02,15.37,11.08,9.27,39.33,55.38,13.12,1,0,INCREASE REPLENISHMENT,8.0,REACTIVE (Below ROP)
2020-04-23,N05B,,3.89,9.39,14.91,11.02,9.56,37.73,54.29,28.1,1,0,INCREASE REPLENISHMENT,9.0,REACTIVE (Below ROP)
2020-04-24,N05B,,3.96,9.41,15.22,11.26,10.06,38.29,55.72,28.71,1,0,INCREASE REPLENISHMENT,11.0,REACTIVE (Below ROP)
2020-04-25,N05B,,3.9,8.8,12.38,8.48,6.2,32.6,43.34,27.3,1,0,MAINTAIN REPLENISHMENT,0.0,PIPELINE IN-TRANSIT SUFFICIENT
2020-04-26,N05B,,3.31,6.18,10.43,7.12,7.36,25.9,38.65,27.5,0,0,INCREASE REPLENISHMENT,1.0,PROACTIVE (Forward Shortfall)
2020-04-27,N05B,,3.85,9.81,15.42,11.57,9.72,39.15,55.98,32.32,1,0,INCREASE REPLENISHMENT,23.0,REACTIVE (Below ROP)
2020-04-28,N05B,,3.88,9.18,15.67,11.79,11.24,38.78,58.25,22.51,1,0,INCREASE REPLENISHMENT,12.0,REACTIVE (Below ROP)
2020-04-29,N05B,,4.22,9.82,15.26,11.04,9.42,38.88,55.2,14.33,1,0,INCREASE REPLENISHMENT,6.0,REACTIVE (Below ROP)
2020-04-30,N05B,,3.78,9.4,15.22,11.44,10.08,38.28,55.74,27.51,1,0,INCREASE REPLENISHMENT,11.0,REACTIVE (Below ROP)
2020-05-01,N05B,,3.88,9.19,15.29,11.41,10.57,38.14,56.44,30.11,1,0,INCREASE REPLENISHMENT,10.0,REACTIVE (Below ROP)
2020-05-02,N05B,,3.82,8.68,12.42,8.6,6.48,32.52,43.74,26.92,1,0,MAINTAIN REPLENISHMENT,0.0,PIPELINE IN-TRANSIT SUFFICIENT
2020-05-03,N05B,,3.13,6.17,10.51,7.38,7.52,26.03,39.05,29.24,0,0,MAINTAIN REPLENISHMENT,0.0,PIPELINE IN-TRANSIT SUFFICIENT
2020-05-04,N05B,,3.8,9.42,15.45,11.65,10.44,38.7,56.79,33.07,1,0,INCREASE REPLENISHMENT,24.0,REACTIVE (Below ROP)
2020-05-05,N05B,,3.88,9.45,15.75,11.87,10.91,39.26,58.16,23.65,1,0,INCREASE REPLENISHMENT,11.0,REACTIVE (Below ROP)
2020-05-06,N05B,,4.21,9.66,15.25,11.04,9.68,38.66,55.43,14.2,1,0,INCREASE REPLENISHMENT,7.0,REACTIVE (Below ROP)
2020-05-07,N05B,,3.81,9.16,15.34,11.53,10.7,38.18,56.72,28.54,1,0,INCREASE REPLENISHMENT,11.0,REACTIVE (Below ROP)
2020-05-08,N05B,,3.88,9.19,15.36,11.48,10.69,38.26,56.77,30.38,1,0,INCREASE REPLENISHMENT,9.0,REACTIVE (Below ROP)
2020-05-09,N05B,,3.83,8.71,12.45,8.62,6.48,32.61,43.83,28.19,1,0,MAINTAIN REPLENISHMENT,0.0,PIPELINE IN-TRANSIT SUFFICIENT
2020-05-10,N05B,,3.23,6.17,10.51,7.28,7.52,26.03,39.05,30.48,0,0,MAINTAIN REPLENISHMENT,0.0,PIPELINE IN-TRANSIT SUFFICIENT
2020-05-11,N05B,,3.86,9.16,15.56,11.7,11.09,38.57,57.77,33.31,1,0,INCREASE REPLENISHMENT,25.0,REACTIVE (Below ROP)
2020-05-12,N05B,,3.85,9.18,15.79,11.94,11.45,38.99,58.82,24.15,1,0,INCREASE REPLENISHMENT,10.0,REACTIVE (Below ROP)
2020-05-13,N05B,,4.16,9.67,15.5,11.34,10.1,39.11,56.6,14.97,1,0,INCREASE REPLENISHMENT,7.0,REACTIVE (Below ROP)
2020-05-14,N05B,,3.76,9.16,15.39,11.63,10.79,38.27,56.96,30.3,1,0,INCREASE REPLENISHMENT,10.0,REACTIVE (Below ROP)
2020-05-15,N05B,,3.84,9.2,15.44,11.6,10.81,38.41,57.13,31.14,1,0,INCREASE REPLENISHMENT,9.0,REACTIVE (Below ROP)
2020-05-16,N05B,,3.74,8.41,12.24,8.5,6.63,31.86,43.35,28.94,1,0,MAINTAIN REPLENISHMENT,0.0,PIPELINE IN-TRANSIT SUFFICIENT
2020-05-17,N05B,,3.18,6.17,10.52,7.34,7.53,26.04,39.09,30.53,0,0,MAINTAIN REPLENISHMENT,0.0,PIPELINE IN-TRANSIT SUFFICIENT
2020-05-18,N05B,,3.75,9.13,15.34,11.59,10.76,38.15,56.78,33.36,1,0,INCREASE REPLENISHMENT,24.0,REACTIVE (Below ROP)
2020-05-19,N05B,,3.79,9.17,15.86,12.07,11.59,39.1,59.17,24.23,1,0,INCREASE REPLENISHMENT,11.0,REACTIVE (Below ROP)
2020-05-20,N05B,,4.1,9.66,15.47,11.37,10.06,39.04,56.47,15.06,1,0,INCREASE REPLENISHMENT,7.0,REACTIVE (Below ROP)
2020-05-21,N05B,,3.76,9.15,15.4,11.64,10.83,38.28,57.03,29.4,1,0,INCREASE REPLENISHMENT,10.0,REACTIVE (Below ROP)
2020-05-22,N05B,,3.76,9.17,15.4,11.64,10.79,38.3,56.99,31.25,1,0,INCREASE REPLENISHMENT,9.0,REACTIVE (Below ROP)
2020-05-23,N05B,,3.76,8.71,12.44,8.68,6.46,32.59,43.78,29.08,1,0,MAINTAIN REPLENISHMENT,0.0,PIPELINE IN-TRANSIT SUFFICIENT
2020-05-24,N05B,,3.18,6.17,10.51,7.33,7.52,26.03,39.05,30.37,0,0,MAINTAIN REPLENISHMENT,0.0,PIPELINE IN-TRANSIT SUFFICIENT
2020-05-25,N05B,,3.69,9.14,15.58,11.89,11.15,38.57,57.89,33.2,1,0,INCREASE REPLENISHMENT,25.0,REACTIVE (Below ROP)
2020-05-26,N05B,,3.78,9.16,15.84,12.06,11.57,39.05,59.09,24.06,1,0,INCREASE REPLENISHMENT,11.0,REACTIVE (Below ROP)
2020-05-27,N05B,,4.06,9.66,15.74,11.68,10.53,39.51,57.75,14.9,1,0,INCREASE REPLENISHMENT,7.0,REACTIVE (Below ROP)
2020-05-28,N05B,,3.74,9.16,15.48,11.74,10.95,38.43,57.39,30.24,1,0,INCREASE REPLENISHMENT,10.0,REACTIVE (Below ROP)
2020-05-29,N05B,,3.83,10.99,16.48,12.65,9.51,42.48,58.95,32.08,1,0,INCREASE REPLENISHMENT,10.0,REACTIVE (Below ROP)
2020-05-30,N05B,,3.74,8.41,12.21,8.47,6.58,31.81,43.21,28.09,1,0,MAINTAIN REPLENISHMENT,0.0,PIPELINE IN-TRANSIT SUFFICIENT
2020-05-31,N05B,,3.18,6.17,10.55,7.37,7.59,26.1,39.24,29.68,0,0,MAINTAIN REPLENISHMENT,0.0,PIPELINE IN-TRANSIT SUFFICIENT
2020-06-01,N05B,,3.7,9.3,15.53,11.83,10.79,38.69,57.38,33.51,1,0,INCREASE REPLENISHMENT,24.0,REACTIVE (Below ROP)
2020-06-02,N05B,,3.74,9.18,15.84,12.1,11.54,39.08,59.06,24.21,1,0,INCREASE REPLENISHMENT,11.0,REACTIVE (Below ROP)
2020-06-03,N05B,,3.68,9.66,15.87,12.19,10.76,39.74,58.37,15.03,1,0,INCREASE REPLENISHMENT,9.0,REACTIVE (Below ROP)
2020-06-04,N05B,,3.37,9.15,15.3,11.93,10.65,38.1,56.55,29.37,1,0,INCREASE REPLENISHMENT,8.0,REACTIVE (Below ROP)
2020-06-05,N05B,,3.45,9.19,15.42,11.97,10.79,38.36,57.05,31.22,1,0,INCREASE REPLENISHMENT,9.0,REACTIVE (Below ROP)
2020-06-06,N05B,,3.41,8.68,12.46,9.05,6.55,32.59,43.93,31.03,1,0,MAINTAIN REPLENISHMENT,0.0,PIPELINE IN-TRANSIT SUFFICIENT
2020-06-07,N05B,,2.88,6.12,10.56,7.68,7.69,26.05,39.37,30.35,0,0,INCREASE REPLENISHMENT,1.0,PROACTIVE (Forward Shortfall)
2020-06-08,N05B,,3.35,9.15,15.65,12.3,11.26,38.71,58.21,33.23,1,0,INCREASE REPLENISHMENT,24.0,REACTIVE (Below ROP)
2020-06-09,N05B,,3.43,9.18,15.95,12.52,11.73,39.27,59.58,24.08,1,0,INCREASE REPLENISHMENT,11.0,REACTIVE (Below ROP)
2020-06-10,N05B,,3.69,9.66,15.9,12.21,10.81,39.79,58.51,15.9,1,0,INCREASE REPLENISHMENT,8.0,REACTIVE (Below ROP)
2020-06-11,N05B,,3.33,9.15,15.41,12.08,10.84,38.29,57.07,30.24,1,0,INCREASE REPLENISHMENT,8.0,REACTIVE (Below ROP)
2020-06-12,N05B,,3.43,9.19,15.49,12.06,10.91,38.48,57.38,32.09,1,0,INCREASE REPLENISHMENT,10.0,REACTIVE (Below ROP)
2020-06-13,N05B,,3.4,8.71,12.51,9.11,6.58,32.71,44.11,30.9,1,0,MAINTAIN REPLENISHMENT,0.0,PIPELINE IN-TRANSIT SUFFICIENT
2020-06-14,N05B,,2.88,6.12,10.59,7.71,7.74,26.1,39.51,30.19,0,0,MAINTAIN REPLENISHMENT,0.0,PIPELINE IN-TRANSIT SUFFICIENT
2020-06-15,N05B,,3.34,9.15,15.66,12.32,11.28,38.73,58.26,34.07,1,0,INCREASE REPLENISHMENT,25.0,REACTIVE (Below ROP)
2020-06-16,N05B,,3.41,9.18,15.97,12.56,11.76,39.3,59.67,24.92,1,0,INCREASE REPLENISHMENT,10.0,REACTIVE (Below ROP)
2020-06-17,N05B,,3.67,9.66,15.92,12.25,10.84,39.82,58.6,15.74,1,0,INCREASE REPLENISHMENT,8.0,REACTIVE (Below ROP)
2020-06-18,N05B,,3.81,9.05,15.45,11.64,11.09,38.24,57.44,31.08,1,0,INCREASE REPLENISHMENT,9.0,REACTIVE (Below ROP)
2020-06-19,N05B,,3.91,9.19,15.16,11.25,10.34,37.91,55.82,32.03,1,0,INCREASE REPLENISHMENT,7.0,REACTIVE (Below ROP)
2020-06-20,N05B,,3.88,8.68,12.58,8.7,6.75,32.79,44.49,30.84,1,0,MAINTAIN REPLENISHMENT,0.0,PIPELINE IN-TRANSIT SUFFICIENT
2020-06-21,N05B,,3.32,6.12,10.58,7.26,7.72,26.08,39.46,31.16,0,0,INCREASE REPLENISHMENT,2.0,PROACTIVE (Forward Shortfall)
2020-06-22,N05B,,3.81,9.15,15.66,11.85,11.28,38.73,58.26,32.04,1,0,INCREASE REPLENISHMENT,25.0,REACTIVE (Below ROP)
2020-06-23,N05B,,3.89,9.12,15.96,12.07,11.85,39.21,59.73,22.89,1,0,INCREASE REPLENISHMENT,10.0,REACTIVE (Below ROP)
2020-06-24,N05B,,4.15,9.58,15.78,11.63,10.74,39.48,58.08,15.77,1,0,INCREASE REPLENISHMENT,8.0,REACTIVE (Below ROP)
2020-06-25,N05B,,3.79,8.98,15.47,11.68,11.24,38.18,57.65,31.19,1,0,INCREASE REPLENISHMENT,9.0,REACTIVE (Below ROP)
2020-06-26,N05B,,3.88,9.56,15.47,11.59,10.24,38.92,56.65,32.21,1,0,INCREASE REPLENISHMENT,8.0,REACTIVE (Below ROP)
2020-06-27,N05B,,3.87,9.43,12.53,8.66,5.37,33.66,42.96,30.65,1,0,MAINTAIN REPLENISHMENT,0.0,PIPELINE IN-TRANSIT SUFFICIENT
2020-06-28,N05B,,3.31,7.07,10.62,7.31,6.15,27.36,38.01,30.22,0,0,MAINTAIN REPLENISHMENT,0.0,PIPELINE IN-TRANSIT SUFFICIENT
2020-06-29,N05B,,3.79,9.07,15.56,11.77,11.24,38.45,57.92,31.15,1,0,INCREASE REPLENISHMENT,27.0,REACTIVE (Below ROP)
2020-06-30,N05B,,3.89,9.1,15.85,11.96,11.69,38.99,59.24,22.08,1,0,INCREASE REPLENISHMENT,11.0,REACTIVE (Below ROP)
2020-07-01,N05B,,4.14,9.58,16.0,11.86,11.12,39.86,59.12,12.98,1,0,INCREASE REPLENISHMENT,9.0,REACTIVE (Below ROP)
2020-07-02,N05B,,3.81,8.97,15.46,11.65,11.24,38.15,57.62,30.4,1,0,INCREASE REPLENISHMENT,8.0,REACTIVE (Below ROP)
2020-07-03,N05B,,3.9,9.12,15.46,11.56,10.98,38.34,57.36,32.43,1,0,INCREASE REPLENISHMENT,8.0,REACTIVE (Below ROP)
2020-07-04,N05B,,3.89,9.46,12.58,8.69,5.4,33.78,43.14,32.31,1,0,MAINTAIN REPLENISHMENT,0.0,PIPELINE IN-TRANSIT SUFFICIENT
2020-07-05,N05B,,3.33,6.34,10.58,7.25,7.34,26.36,39.08,30.85,0,0,INCREASE REPLENISHMENT,1.0,PROACTIVE (Forward Shortfall)
2020-07-06,N05B,,3.8,9.01,15.55,11.75,11.33,38.36,57.98,32.51,1,0,INCREASE REPLENISHMENT,25.0,REACTIVE (Below ROP)
2020-07-07,N05B,,3.9,9.11,15.91,12.01,11.78,39.11,59.51,23.5,1,0,INCREASE REPLENISHMENT,11.0,REACTIVE (Below ROP)
2020-07-08,N05B,,4.17,9.58,15.83,11.66,10.83,39.57,58.32,15.39,1,0,INCREASE REPLENISHMENT,7.0,REACTIVE (Below ROP)
2020-07-09,N05B,,3.82,8.96,15.4,11.58,11.15,38.03,57.35,30.81,1,0,INCREASE REPLENISHMENT,9.0,REACTIVE (Below ROP)
2020-07-10,N05B,,1.83,8.89,15.35,13.52,11.19,37.86,57.24,32.85,1,0,INCREASE REPLENISHMENT,9.0,REACTIVE (Below ROP)
2020-07-11,N05B,,3.89,8.7,12.6,8.71,6.75,32.85,44.55,30.96,1,0,MAINTAIN REPLENISHMENT,0.0,PIPELINE IN-TRANSIT SUFFICIENT
2020-07-12,N05B,,3.36,6.11,10.6,7.24,7.78,26.11,39.58,31.26,0,0,MAINTAIN REPLENISHMENT,0.0,PIPELINE IN-TRANSIT SUFFICIENT
2020-07-13,N05B,,3.8,9.03,15.61,11.81,11.4,38.49,58.23,34.15,1,0,INCREASE REPLENISHMENT,25.0,REACTIVE (Below ROP)
2020-07-14,N05B,,3.4,9.1,15.9,12.5,11.78,39.08,59.48,25.12,1,0,INCREASE REPLENISHMENT,10.0,REACTIVE (Below ROP)
2020-07-15,N05B,,3.66,9.57,15.69,12.03,10.6,39.31,57.67,16.02,1,0,INCREASE REPLENISHMENT,7.0,REACTIVE (Below ROP)
2020-07-16,N05B,,3.32,8.96,15.45,12.13,11.24,38.12,57.59,31.45,1,0,INCREASE REPLENISHMENT,10.0,REACTIVE (Below ROP)
2020-07-17,N05B,,3.4,9.08,15.48,12.08,11.09,38.33,57.53,32.49,1,0,INCREASE REPLENISHMENT,9.0,REACTIVE (Below ROP)
2020-07-18,N05B,,3.39,8.64,12.58,9.19,6.82,32.74,44.56,30.41,1,0,MAINTAIN REPLENISHMENT,0.0,PIPELINE IN-TRANSIT SUFFICIENT
2020-07-19,N05B,,2.92,6.12,10.64,7.72,7.83,26.19,39.75,31.77,0,0,MAINTAIN REPLENISHMENT,0.0,PIPELINE IN-TRANSIT SUFFICIENT
2020-07-20,N05B,,1.71,8.87,15.65,13.94,11.74,38.35,58.69,34.65,1,0,INCREASE REPLENISHMENT,25.0,REACTIVE (Below ROP)
2020-07-21,N05B,,3.37,9.05,15.89,12.52,11.85,39.0,59.52,25.78,1,0,INCREASE REPLENISHMENT,9.0,REACTIVE (Below ROP)
2020-07-22,N05B,,3.67,9.58,15.84,12.17,10.84,39.58,58.36,16.73,1,0,INCREASE REPLENISHMENT,8.0,REACTIVE (Below ROP)
2020-07-23,N05B,,3.05,9.05,15.48,12.43,11.14,38.29,57.58,32.15,1,0,INCREASE REPLENISHMENT,9.0,REACTIVE (Below ROP)
2020-07-24,N05B,,3.42,9.08,15.52,12.1,11.15,38.39,57.71,32.1,1,0,INCREASE REPLENISHMENT,9.0,REACTIVE (Below ROP)
2020-07-25,N05B,,3.41,8.64,12.69,9.28,7.01,32.93,45.08,31.02,1,0,MAINTAIN REPLENISHMENT,0.0,PIPELINE IN-TRANSIT SUFFICIENT
2020-07-26,N05B,,2.87,5.96,10.51,7.64,7.88,25.76,39.41,31.38,0,0,MAINTAIN REPLENISHMENT,0.0,PIPELINE IN-TRANSIT SUFFICIENT
2020-07-27,N05B,,3.38,9.01,15.63,12.25,11.47,38.5,58.36,34.42,1,0,INCREASE REPLENISHMENT,24.0,REACTIVE (Below ROP)
2020-07-28,N05B,,3.43,9.36,15.94,12.51,11.4,39.48,59.22,25.41,1,0,INCREASE REPLENISHMENT,10.0,REACTIVE (Below ROP)
2020-07-29,N05B,,3.96,9.54,15.8,11.84,10.84,39.46,58.24,16.05,1,0,INCREASE REPLENISHMENT,9.0,REACTIVE (Below ROP)
2020-07-30,N05B,,3.68,9.07,15.52,11.84,11.17,38.38,57.73,30.51,1,0,INCREASE REPLENISHMENT,9.0,REACTIVE (Below ROP)
2020-07-31,N05B,,3.76,9.1,15.49,11.73,11.07,38.37,57.54,31.44,1,0,INCREASE REPLENISHMENT,9.0,REACTIVE (Below ROP)
2020-08-01,N05B,,3.74,8.7,12.73,8.99,6.98,33.08,45.17,31.34,1,0,MAINTAIN REPLENISHMENT,0.0,PIPELINE IN-TRANSIT SUFFICIENT
2020-08-02,N05B,,3.22,6.12,10.7,7.48,7.93,26.29,40.03,31.64,0,0,MAINTAIN REPLENISHMENT,0.0,PIPELINE IN-TRANSIT SUFFICIENT
2020-08-03,N05B,,3.69,9.01,15.61,11.92,11.43,38.46,58.26,34.52,1,0,INCREASE REPLENISHMENT,24.0,REACTIVE (Below ROP)
2020-08-04,N05B,,3.81,9.1,15.76,11.95,11.54,38.84,58.82,25.51,1,0,INCREASE REPLENISHMENT,10.0,REACTIVE (Below ROP)
2020-08-05,N05B,,4.01,9.5,15.73,11.72,10.79,39.29,57.98,16.41,1,0,INCREASE REPLENISHMENT,8.0,REACTIVE (Below ROP)
2020-08-06,N05B,,3.7,9.06,15.54,11.84,11.22,38.4,57.84,30.91,1,0,INCREASE REPLENISHMENT,9.0,REACTIVE (Below ROP)
2020-08-07,N05B,,3.78,9.07,15.55,11.77,11.22,38.43,57.87,31.85,1,0,INCREASE REPLENISHMENT,10.0,REACTIVE (Below ROP)
2020-08-08,N05B,,3.75,8.69,12.84,9.09,7.19,33.26,45.71,30.78,1,0,MAINTAIN REPLENISHMENT,0.0,PIPELINE IN-TRANSIT SUFFICIENT
2020-08-09,N05B,,3.2,6.12,10.53,7.33,7.64,26.0,39.23,31.09,0,0,MAINTAIN REPLENISHMENT,0.0,PIPELINE IN-TRANSIT SUFFICIENT
2020-08-10,N05B,,3.71,9.04,15.59,11.88,11.34,38.46,58.11,34.97,1,0,INCREASE REPLENISHMENT,24.0,REACTIVE (Below ROP)
2020-08-11,N05B,,3.81,9.1,15.75,11.94,11.52,38.82,58.77,25.93,1,0,INCREASE REPLENISHMENT,9.0,REACTIVE (Below ROP)
2020-08-12,N05B,,4.04,9.53,15.77,11.73,10.81,39.4,58.12,16.83,1,0,INCREASE REPLENISHMENT,9.0,REACTIVE (Below ROP)
2020-08-13,N05B,,3.7,9.06,15.45,11.75,11.07,38.25,57.42,31.3,1,0,INCREASE REPLENISHMENT,9.0,REACTIVE (Below ROP)
2020-08-14,N05B,,3.75,9.05,15.43,11.68,11.05,38.2,57.34,31.24,1,0,INCREASE REPLENISHMENT,9.0,REACTIVE (Below ROP)
2020-08-15,N05B,,3.76,8.67,12.72,8.96,7.01,33.02,45.17,31.19,1,0,MAINTAIN REPLENISHMENT,0.0,PIPELINE IN-TRANSIT SUFFICIENT
2020-08-16,N05B,,3.16,5.96,10.51,7.35,7.88,25.76,39.41,31.52,0,0,MAINTAIN REPLENISHMENT,0.0,PIPELINE IN-TRANSIT SUFFICIENT
2020-08-17,N05B,,3.7,9.01,15.61,11.91,11.43,38.46,58.26,34.56,1,0,INCREASE REPLENISHMENT,24.0,REACTIVE (Below ROP)
2020-08-18,N05B,,3.73,9.1,15.71,11.98,11.45,38.75,58.58,25.55,1,0,INCREASE REPLENISHMENT,10.0,REACTIVE (Below ROP)
2020-08-19,N05B,,4.01,9.53,15.76,11.75,10.79,39.38,58.07,16.45,1,0,INCREASE REPLENISHMENT,8.0,REACTIVE (Below ROP)
2020-08-20,N05B,,3.66,9.06,15.47,11.81,11.1,38.28,57.51,30.92,1,0,INCREASE REPLENISHMENT,9.0,REACTIVE (Below ROP)
2020-08-21,N05B,,3.72,9.05,15.43,11.71,11.05,38.2,57.34,31.86,1,0,INCREASE REPLENISHMENT,9.0,REACTIVE (Below ROP)
2020-08-22,N05B,,3.66,8.37,12.49,8.83,7.14,32.25,44.61,30.81,1,0,MAINTAIN REPLENISHMENT,0.0,PIPELINE IN-TRANSIT SUFFICIENT
2020-08-23,N05B,,2.69,5.91,10.57,7.88,8.07,25.8,39.78,31.44,0,0,MAINTAIN REPLENISHMENT,0.0,PIPELINE IN-TRANSIT SUFFICIENT
2020-08-24,N05B,,3.71,9.01,15.56,11.85,11.34,38.37,58.02,34.53,1,0,INCREASE REPLENISHMENT,24.0,REACTIVE (Below ROP)
2020-08-25,N05B,,3.75,9.08,15.63,11.88,11.34,38.58,58.23,25.52,1,0,INCREASE REPLENISHMENT,9.0,REACTIVE (Below ROP)
2020-08-26,N05B,,4.12,9.56,15.74,11.62,10.7,39.38,57.92,16.44,1,0,INCREASE REPLENISHMENT,9.0,REACTIVE (Below ROP)
2020-08-27,N05B,,3.69,9.06,15.5,11.81,11.15,38.33,57.65,30.88,1,0,INCREASE REPLENISHMENT,9.0,REACTIVE (Below ROP)
2020-08-28,N05B,,3.76,9.11,15.43,11.67,10.95,38.28,57.24,30.82,1,0,INCREASE REPLENISHMENT,9.0,REACTIVE (Below ROP)
2020-08-29,N05B,,3.72,8.71,12.66,8.94,6.84,32.97,44.82,30.71,1,0,MAINTAIN REPLENISHMENT,0.0,PIPELINE IN-TRANSIT SUFFICIENT
2020-08-30,N05B,,3.22,6.14,10.5,7.28,7.55,25.97,39.05,31.0,0,0,MAINTAIN REPLENISHMENT,0.0,PIPELINE IN-TRANSIT SUFFICIENT
2020-08-31,N05B,,3.75,9.08,15.55,11.8,11.21,38.45,57.86,33.86,1,0,INCREASE REPLENISHMENT,25.0,REACTIVE (Below ROP)
2020-09-01,N05B,,3.84,9.11,15.6,11.76,11.24,38.57,58.04,24.78,1,0,INCREASE REPLENISHMENT,9.0,REACTIVE (Below ROP)
2020-09-02,N05B,,4.15,9.61,15.75,11.6,10.63,39.46,57.88,15.67,1,0,INCREASE REPLENISHMENT,9.0,REACTIVE (Below ROP)
2020-09-03,N05B,,3.8,9.11,15.48,11.68,11.03,38.36,57.47,31.06,1,0,INCREASE REPLENISHMENT,9.0,REACTIVE (Below ROP)
2020-09-04,N05B,,3.8,9.09,15.42,11.62,10.96,38.23,57.22,30.95,1,0,INCREASE REPLENISHMENT,9.0,REACTIVE (Below ROP)
2020-09-05,N05B,,3.76,8.43,12.53,8.77,7.1,32.39,44.69,30.86,1,0,MAINTAIN REPLENISHMENT,0.0,PIPELINE IN-TRANSIT SUFFICIENT
2020-09-06,N05B,,3.31,6.14,10.55,7.24,7.64,26.06,39.29,31.43,0,0,MAINTAIN REPLENISHMENT,0.0,PIPELINE IN-TRANSIT SUFFICIENT
2020-09-07,N05B,,3.8,9.06,15.59,11.79,11.31,38.49,58.08,34.29,1,0,INCREASE REPLENISHMENT,24.0,REACTIVE (Below ROP)
2020-09-08,N05B,,3.91,9.11,15.6,11.69,11.24,38.57,58.04,25.23,1,0,INCREASE REPLENISHMENT,9.0,REACTIVE (Below ROP)
2020-09-09,N05B,,4.16,9.58,15.74,11.58,10.67,39.41,57.89,16.12,1,0,INCREASE REPLENISHMENT,9.0,REACTIVE (Below ROP)
2020-09-10,N05B,,3.81,9.11,15.47,11.66,11.02,38.35,57.43,30.54,1,0,INCREASE REPLENISHMENT,9.0,REACTIVE (Below ROP)
2020-09-11,N05B,,3.89,9.11,15.48,11.59,11.03,38.36,57.47,30.43,1,0,INCREASE REPLENISHMENT,10.0,REACTIVE (Below ROP)
2020-09-12,N05B,,3.86,8.71,12.72,8.86,6.95,33.08,45.11,30.32,1,0,MAINTAIN REPLENISHMENT,0.0,PIPELINE IN-TRANSIT SUFFICIENT
2020-09-13,N05B,,3.21,6.14,10.7,7.49,7.9,26.32,40.0,30.61,0,0,MAINTAIN REPLENISHMENT,0.0,PIPELINE IN-TRANSIT SUFFICIENT
2020-09-14,N05B,,3.38,9.06,15.63,12.25,11.38,38.56,58.27,34.47,1,0,INCREASE REPLENISHMENT,24.0,REACTIVE (Below ROP)
2020-09-15,N05B,,3.91,9.11,15.73,11.82,11.47,38.8,58.66,25.41,1,0,INCREASE REPLENISHMENT,10.0,REACTIVE (Below ROP)
2020-09-16,N05B,,4.15,9.58,15.8,11.65,10.77,39.51,58.17,16.3,1,0,INCREASE REPLENISHMENT,8.0,REACTIVE (Below ROP)
2020-09-17,N05B,,3.78,9.09,15.47,11.69,11.05,38.32,57.46,30.72,1,0,INCREASE REPLENISHMENT,9.0,REACTIVE (Below ROP)
2020-09-18,N05B,,3.79,9.09,15.44,11.65,11.0,38.27,57.32,31.63,1,0,INCREASE REPLENISHMENT,9.0,REACTIVE (Below ROP)
2020-09-19,N05B,,3.82,8.43,12.52,8.7,7.08,32.37,44.64,30.54,1,0,MAINTAIN REPLENISHMENT,0.0,PIPELINE IN-TRANSIT SUFFICIENT
2020-09-20,N05B,,3.12,5.97,10.58,7.46,7.98,25.89,39.72,31.11,0,0,MAINTAIN REPLENISHMENT,0.0,PIPELINE IN-TRANSIT SUFFICIENT
2020-09-21,N05B,,3.56,9.06,15.62,12.06,11.36,38.54,58.22,34.14,1,0,INCREASE REPLENISHMENT,25.0,REACTIVE (Below ROP)
2020-09-22,N05B,,3.66,9.11,15.64,11.98,11.31,38.64,58.23,25.08,1,0,INCREASE REPLENISHMENT,9.0,REACTIVE (Below ROP)
2020-09-23,N05B,,3.93,9.58,15.74,11.81,10.67,39.41,57.89,15.97,1,0,INCREASE REPLENISHMENT,8.0,REACTIVE (Below ROP)
2020-09-24,N05B,,3.58,9.11,15.44,11.86,10.96,38.29,57.28,31.39,1,0,INCREASE REPLENISHMENT,9.0,REACTIVE (Below ROP)
2020-09-25,N05B,,3.58,9.11,15.4,11.82,10.89,38.22,57.09,31.28,1,0,INCREASE REPLENISHMENT,9.0,REACTIVE (Below ROP)
2020-09-26,N05B,,3.53,8.74,12.72,9.19,6.89,33.11,45.05,30.17,1,0,MAINTAIN REPLENISHMENT,0.0,PIPELINE IN-TRANSIT SUFFICIENT
2020-09-27,N05B,,2.85,5.97,10.48,7.63,7.81,25.72,39.25,30.43,0,0,MAINTAIN REPLENISHMENT,0.0,PIPELINE IN-TRANSIT SUFFICIENT
2020-09-28,N05B,,3.44,9.06,15.59,12.15,11.31,38.49,58.08,33.46,1,0,INCREASE REPLENISHMENT,25.0,REACTIVE (Below ROP)
2020-09-29,N05B,,3.53,9.11,15.7,12.17,11.41,38.74,58.51,24.4,1,0,INCREASE REPLENISHMENT,10.0,REACTIVE (Below ROP)
2020-09-30,N05B,,3.83,9.58,15.78,11.95,10.74,39.48,58.08,15.29,1,0,INCREASE REPLENISHMENT,8.0,REACTIVE (Below ROP)
2020-10-01,N05B,,3.45,9.07,15.44,11.99,11.03,38.24,57.35,30.71,1,0,INCREASE REPLENISHMENT,9.0,REACTIVE (Below ROP)
2020-10-02,N05B,,3.47,9.07,15.4,11.93,10.96,38.17,57.16,31.64,1,0,INCREASE REPLENISHMENT,9.0,REACTIVE (Below ROP)
2020-10-03,N05B,,3.52,8.67,12.64,9.12,6.88,32.89,44.8,30.57,1,0,MAINTAIN REPLENISHMENT,0.0,PIPELINE IN-TRANSIT SUFFICIENT
2020-10-04,N05B,,3.0,5.98,10.34,7.34,7.55,25.49,38.57,30.9,0,0,MAINTAIN REPLENISHMENT,0.0,PIPELINE IN-TRANSIT SUFFICIENT
2020-10-05,N05B,,3.56,9.02,15.56,12.0,11.33,38.39,58.01,33.92,1,0,INCREASE REPLENISHMENT,25.0,REACTIVE (Below ROP)
2020-10-06,N05B,,3.56,9.06,15.61,12.05,11.34,38.52,58.17,24.9,1,0,INCREASE REPLENISHMENT,9.0,REACTIVE (Below ROP)
2020-10-07,N05B,,3.88,9.52,15.79,11.91,10.86,39.42,58.23,15.84,1,0,INCREASE REPLENISHMENT,9.0,REACTIVE (Below ROP)
2020-10-08,N05B,,3.53,9.07,15.6,12.07,11.31,38.52,58.11,31.32,1,0,INCREASE REPLENISHMENT,9.0,REACTIVE (Below ROP)
2020-10-09,N05B,,3.71,9.07,15.6,11.89,11.31,38.52,58.11,31.25,1,0,INCREASE REPLENISHMENT,9.0,REACTIVE (Below ROP)
2020-10-10,N05B,,3.72,8.7,12.87,9.15,7.22,33.32,45.83,31.18,1,0,MAINTAIN REPLENISHMENT,0.0,PIPELINE IN-TRANSIT SUFFICIENT
2020-10-11,N05B,,3.2,5.96,10.44,7.24,7.76,25.64,39.08,31.48,0,0,MAINTAIN REPLENISHMENT,0.0,PIPELINE IN-TRANSIT SUFFICIENT
2020-10-12,N05B,,3.66,9.02,15.61,11.95,11.41,38.47,58.24,34.52,1,0,INCREASE REPLENISHMENT,24.0,REACTIVE (Below ROP)
2020-10-13,N05B,,3.72,9.06,15.73,12.01,11.55,38.73,58.74,25.5,1,0,INCREASE REPLENISHMENT,10.0,REACTIVE (Below ROP)
2020-10-14,N05B,,3.99,9.54,15.81,11.82,10.86,39.48,58.29,16.44,1,0,INCREASE REPLENISHMENT,8.0,REACTIVE (Below ROP)
2020-10-15,N05B,,3.64,9.07,15.58,11.94,11.28,38.49,58.02,30.9,1,0,INCREASE REPLENISHMENT,10.0,REACTIVE (Below ROP)
2020-10-16,N05B,,3.71,9.07,15.48,11.77,11.1,38.31,57.54,31.83,1,0,INCREASE REPLENISHMENT,8.0,REACTIVE (Below ROP)
2020-10-17,N05B,,3.72,8.7,12.78,9.06,7.07,33.17,45.41,30.76,1,0,MAINTAIN REPLENISHMENT,0.0,PIPELINE IN-TRANSIT SUFFICIENT
2020-10-18,N05B,,3.15,6.12,10.6,7.45,7.76,26.12,39.56,32.06,0,0,MAINTAIN REPLENISHMENT,0.0,PIPELINE IN-TRANSIT SUFFICIENT
2020-10-19,N05B,,3.76,9.02,15.6,11.84,11.4,38.46,58.2,33.94,1,0,INCREASE REPLENISHMENT,25.0,REACTIVE (Below ROP)
2020-10-20,N05B,,3.85,9.06,15.73,11.88,11.55,38.73,58.74,24.92,1,0,INCREASE REPLENISHMENT,9.0,REACTIVE (Below ROP)
2020-10-21,N05B,,4.11,9.54,15.73,11.62,10.72,39.34,57.91,15.86,1,0,INCREASE REPLENISHMENT,9.0,REACTIVE (Below ROP)
2020-10-22,N05B,,3.75,9.05,15.45,11.7,11.09,38.24,57.44,31.32,1,0,INCREASE REPLENISHMENT,9.0,REACTIVE (Below ROP)
2020-10-23,N05B,,3.86,9.07,15.44,11.58,11.03,38.24,57.35,31.27,1,0,INCREASE REPLENISHMENT,9.0,REACTIVE (Below ROP)
2020-10-24,N05B,,3.87,8.66,12.77,8.9,7.12,33.1,45.43,31.2,1,0,MAINTAIN REPLENISHMENT,0.0,PIPELINE IN-TRANSIT SUFFICIENT
2020-10-25,N05B,,3.23,6.16,10.62,7.39,7.72,26.2,39.58,31.54,0,0,MAINTAIN REPLENISHMENT,0.0,PIPELINE IN-TRANSIT SUFFICIENT
2020-10-26,N05B,,3.78,9.03,15.7,11.92,11.55,38.64,58.65,34.38,1,0,INCREASE REPLENISHMENT,25.0,REACTIVE (Below ROP)
2020-10-27,N05B,,3.87,9.12,15.59,11.72,11.21,38.57,57.98,25.35,1,0,INCREASE REPLENISHMENT,8.0,REACTIVE (Below ROP)
2020-10-28,N05B,,4.06,9.51,15.68,11.62,10.69,39.22,57.73,16.23,1,0,INCREASE REPLENISHMENT,9.0,REACTIVE (Below ROP)
2020-10-29,N05B,,3.76,9.07,15.49,11.73,11.12,38.33,57.59,31.72,1,0,INCREASE REPLENISHMENT,9.0,REACTIVE (Below ROP)
2020-10-30,N05B,,3.84,9.07,15.49,11.65,11.12,38.33,57.59,30.65,1,0,INCREASE REPLENISHMENT,9.0,REACTIVE (Below ROP)
2020-10-31,N05B,,3.84,8.74,12.79,8.95,7.01,33.23,45.38,30.58,1,0,MAINTAIN REPLENISHMENT,0.0,PIPELINE IN-TRANSIT SUFFICIENT
2020-11-01,N05B,,3.02,6.14,11.12,8.1,8.63,27.05,41.99,30.84,0,0,INCREASE REPLENISHMENT,3.0,PROACTIVE (Forward Shortfall)
2020-11-02,N05B,,3.56,9.02,15.6,12.04,11.4,38.46,58.2,33.7,1,0,INCREASE REPLENISHMENT,22.0,REACTIVE (Below ROP)
2020-11-03,N05B,,3.69,9.07,15.73,12.04,11.54,38.75,58.73,24.68,1,0,INCREASE REPLENISHMENT,10.0,REACTIVE (Below ROP)
2020-11-04,N05B,,3.95,9.47,15.74,11.79,10.86,39.27,58.08,18.61,1,0,INCREASE REPLENISHMENT,8.0,REACTIVE (Below ROP)
2020-11-05,N05B,,3.55,9.0,15.54,11.99,11.33,38.33,57.95,31.14,1,0,INCREASE REPLENISHMENT,9.0,REACTIVE (Below ROP)
2020-11-06,N05B,,3.63,9.0,15.55,11.92,11.34,38.34,57.99,32.14,1,0,INCREASE REPLENISHMENT,9.0,REACTIVE (Below ROP)
2020-11-07,N05B,,3.6,8.66,12.78,9.18,7.14,33.12,45.48,31.14,1,0,MAINTAIN REPLENISHMENT,0.0,PIPELINE IN-TRANSIT SUFFICIENT
2020-11-08,N05B,,3.01,5.98,10.95,7.94,8.61,26.55,41.46,31.48,0,0,INCREASE REPLENISHMENT,1.0,PROACTIVE (Forward Shortfall)
2020-11-09,N05B,,3.49,9.02,15.63,12.14,11.45,38.51,58.34,34.5,1,0,INCREASE REPLENISHMENT,23.0,REACTIVE (Below ROP)
2020-11-10,N05B,,3.56,9.07,15.74,12.18,11.55,38.76,58.77,25.48,1,0,INCREASE REPLENISHMENT,10.0,REACTIVE (Below ROP)
2020-11-11,N05B,,3.8,9.49,15.81,12.01,10.95,39.42,58.38,17.41,1,0,INCREASE REPLENISHMENT,8.0,REACTIVE (Below ROP)
2020-11-12,N05B,,3.41,9.0,15.62,12.21,11.47,38.47,58.33,30.92,1,0,INCREASE REPLENISHMENT,10.0,REACTIVE (Below ROP)
2020-11-13,N05B,,3.49,9.0,15.53,12.04,11.31,38.31,57.9,31.92,1,0,INCREASE REPLENISHMENT,8.0,REACTIVE (Below ROP)
2020-11-14,N05B,,3.48,8.63,12.8,9.32,7.22,33.11,45.62,30.92,1,0,MAINTAIN REPLENISHMENT,0.0,PIPELINE IN-TRANSIT SUFFICIENT
2020-11-15,N05B,,3.06,6.22,11.35,8.29,8.89,27.55,42.94,32.29,0,0,INCREASE REPLENISHMENT,3.0,PROACTIVE (Forward Shortfall)
2020-11-16,N05B,,3.55,9.02,15.61,12.06,11.41,38.47,58.24,34.07,1,0,INCREASE REPLENISHMENT,22.0,REACTIVE (Below ROP)
2020-11-17,N05B,,3.68,9.07,15.74,12.06,11.55,38.76,58.77,25.05,1,0,INCREASE REPLENISHMENT,9.0,REACTIVE (Below ROP)
2020-11-18,N05B,,3.94,9.47,15.79,11.85,10.95,39.36,58.32,18.98,1,0,INCREASE REPLENISHMENT,9.0,REACTIVE (Below ROP)
2020-11-19,N05B,,3.52,9.0,15.58,12.06,11.4,38.4,58.14,31.51,1,0,INCREASE REPLENISHMENT,9.0,REACTIVE (Below ROP)
2020-11-20,N05B,,3.6,9.0,15.6,12.0,11.43,38.43,58.23,31.51,1,0,INCREASE REPLENISHMENT,9.0,REACTIVE (Below ROP)
2020-11-21,N05B,,3.51,8.36,12.63,9.12,7.4,32.48,45.29,31.51,1,0,MAINTAIN REPLENISHMENT,0.0,PIPELINE IN-TRANSIT SUFFICIENT
2020-11-22,N05B,,3.09,6.05,11.21,8.12,8.94,27.09,42.57,32.15,0,0,INCREASE REPLENISHMENT,2.0,PROACTIVE (Forward Shortfall)
2020-11-23,N05B,,3.51,9.04,15.71,12.2,11.55,38.67,58.68,35.1,1,0,INCREASE REPLENISHMENT,22.0,REACTIVE (Below ROP)
2020-11-24,N05B,,3.54,9.07,15.71,12.17,11.5,38.71,58.63,26.06,1,0,INCREASE REPLENISHMENT,9.0,REACTIVE (Below ROP)
2020-11-25,N05B,,3.79,9.5,15.83,12.04,10.96,39.46,58.45,18.99,1,0,INCREASE REPLENISHMENT,9.0,REACTIVE (Below ROP)
2020-11-26,N05B,,3.39,9.0,15.64,12.25,11.5,38.5,58.42,31.49,1,0,INCREASE REPLENISHMENT,9.0,REACTIVE (Below ROP)
2020-11-27,N05B,,3.07,8.98,15.57,12.5,11.41,38.35,58.12,31.49,1,0,INCREASE REPLENISHMENT,9.0,REACTIVE (Below ROP)
2020-11-28,N05B,,3.44,8.63,12.75,9.31,7.14,33.03,45.39,31.51,1,0,MAINTAIN REPLENISHMENT,0.0,PIPELINE IN-TRANSIT SUFFICIENT
2020-11-29,N05B,,3.02,6.16,11.37,8.35,9.02,27.5,43.13,31.88,0,0,INCREASE REPLENISHMENT,3.0,PROACTIVE (Forward Shortfall)
2020-11-30,N05B,,3.59,8.96,15.61,12.02,11.52,38.4,58.35,34.72,1,0,INCREASE REPLENISHMENT,21.0,REACTIVE (Below ROP)
2020-12-01,N05B,,3.51,8.98,15.63,12.12,11.52,38.46,58.41,25.76,1,0,INCREASE REPLENISHMENT,9.0,REACTIVE (Below ROP)
2020-12-02,N05B,,3.85,9.51,15.92,12.07,11.1,39.63,58.86,19.78,1,0,INCREASE REPLENISHMENT,10.0,REACTIVE (Below ROP)
2020-12-03,N05B,,3.35,8.98,15.64,12.29,11.54,38.48,58.46,31.27,1,0,INCREASE REPLENISHMENT,9.0,REACTIVE (Below ROP)
2020-12-04,N05B,,3.44,9.0,15.58,12.14,11.4,38.4,58.14,31.29,1,0,INCREASE REPLENISHMENT,8.0,REACTIVE (Below ROP)
2020-12-05,N05B,,3.41,8.6,12.99,9.58,7.6,33.4,46.57,32.29,1,0,MAINTAIN REPLENISHMENT,0.0,PIPELINE IN-TRANSIT SUFFICIENT
2020-12-06,N05B,,2.92,6.26,11.51,8.59,9.09,27.87,43.62,32.69,0,0,INCREASE REPLENISHMENT,3.0,PROACTIVE (Forward Shortfall)
2020-12-07,N05B,,3.45,8.96,15.61,12.16,11.52,38.4,58.35,34.43,1,0,INCREASE REPLENISHMENT,21.0,REACTIVE (Below ROP)
2020-12-08,N05B,,3.5,8.98,15.63,12.13,11.52,38.46,58.41,25.47,1,0,INCREASE REPLENISHMENT,9.0,REACTIVE (Below ROP)
2020-12-09,N05B,,3.85,9.55,15.83,11.98,10.88,39.53,58.37,19.49,1,0,INCREASE REPLENISHMENT,9.0,REACTIVE (Below ROP)
2020-12-10,N05B,,3.34,8.98,15.64,12.3,11.54,38.48,58.46,30.94,1,0,INCREASE REPLENISHMENT,10.0,REACTIVE (Below ROP)
2020-12-11,N05B,,3.39,8.98,15.58,12.19,11.43,38.37,58.17,30.96,1,0,INCREASE REPLENISHMENT,9.0,REACTIVE (Below ROP)
2020-12-12,N05B,,3.32,8.33,12.9,9.58,7.92,32.91,46.62,30.98,1,0,MAINTAIN REPLENISHMENT,0.0,PIPELINE IN-TRANSIT SUFFICIENT
2020-12-13,N05B,,2.93,6.1,11.63,8.7,9.58,27.88,44.47,32.65,0,0,INCREASE REPLENISHMENT,3.0,PROACTIVE (Forward Shortfall)
2020-12-14,N05B,,3.4,8.95,15.6,12.2,11.52,38.37,58.32,35.55,1,0,INCREASE REPLENISHMENT,20.0,REACTIVE (Below ROP)
2020-12-15,N05B,,3.41,8.99,15.58,12.17,11.41,38.38,58.15,26.6,1,0,INCREASE REPLENISHMENT,9.0,REACTIVE (Below ROP)
2020-12-16,N05B,,3.75,9.55,15.86,12.11,10.93,39.58,58.51,20.61,1,0,INCREASE REPLENISHMENT,9.0,REACTIVE (Below ROP)
2020-12-17,N05B,,3.25,9.04,15.6,12.35,11.36,38.48,58.16,31.06,1,0,INCREASE REPLENISHMENT,10.0,REACTIVE (Below ROP)
2020-12-18,N05B,,3.29,9.03,15.56,12.27,11.31,38.4,57.99,31.02,1,0,INCREASE REPLENISHMENT,8.0,REACTIVE (Below ROP)
2020-12-19,N05B,,3.24,8.31,12.95,9.71,8.04,32.97,46.89,30.99,1,0,MAINTAIN REPLENISHMENT,0.0,PIPELINE IN-TRANSIT SUFFICIENT
2020-12-20,N05B,,2.83,6.26,11.62,8.79,9.28,28.06,44.14,32.68,0,0,INCREASE REPLENISHMENT,4.0,PROACTIVE (Forward Shortfall)
2020-12-21,N05B,,3.44,9.0,15.65,12.21,11.52,38.52,58.47,34.42,1,0,INCREASE REPLENISHMENT,21.0,REACTIVE (Below ROP)
2020-12-22,N05B,,3.58,9.03,15.75,12.17,11.64,38.73,58.89,25.42,1,0,INCREASE REPLENISHMENT,9.0,REACTIVE (Below ROP)
2020-12-23,N05B,,3.87,9.37,15.94,12.07,11.38,39.49,59.2,20.39,1,0,INCREASE REPLENISHMENT,9.0,REACTIVE (Below ROP)
2020-12-24,N05B,,3.42,9.09,15.69,12.27,11.43,38.7,58.5,32.02,1,0,INCREASE REPLENISHMENT,9.0,REACTIVE (Below ROP)
2020-12-25,N05B,,3.47,9.09,15.63,12.16,11.33,38.6,58.22,31.93,1,0,INCREASE REPLENISHMENT,9.0,REACTIVE (Below ROP)
2020-12-26,N05B,,3.46,8.76,12.95,9.49,7.26,33.54,46.11,31.84,1,0,MAINTAIN REPLENISHMENT,0.0,PIPELINE IN-TRANSIT SUFFICIENT
2020-12-27,N05B,,2.96,6.3,11.52,8.56,9.04,27.94,43.6,32.08,0,0,INCREASE REPLENISHMENT,3.0,PROACTIVE (Forward Shortfall)
2020-12-28,N05B,,3.4,9.02,15.72,12.32,11.6,38.66,58.76,34.78,1,0,INCREASE REPLENISHMENT,21.0,REACTIVE (Below ROP)
2020-12-29,N05B,,3.49,9.04,15.71,12.22,11.55,38.67,58.68,25.76,1,0,INCREASE REPLENISHMENT,9.0,REACTIVE (Below ROP)
2020-12-30,N05B,,3.74,9.39,16.08,12.34,11.59,39.76,59.83,19.72,1,0,INCREASE REPLENISHMENT,11.0,REACTIVE (Below ROP)
2020-12-31,N05B,,3.26,8.99,15.67,12.41,11.57,38.54,58.58,31.33,1,0,INCREASE REPLENISHMENT,8.0,REACTIVE (Below ROP)
2019-01-01,N05C,0.0,0.03,0.49,6.08,6.05,9.68,11.15,27.92,27.92,0,0,MAINTAIN REPLENISHMENT,0.0,HEALTHY ZONE
2019-01-02,N05C,0.0,0.05,0.49,5.96,5.91,9.47,10.94,27.35,27.92,0,1,REDUCE REPLENISHMENT,0.0,OVERSTOCKED
2019-01-03,N05C,0.0,0.01,0.49,6.02,6.01,9.58,11.05,27.64,27.92,0,1,REDUCE REPLENISHMENT,0.0,OVERSTOCKED
2019-01-04,N05C,0.0,0.0,0.49,6.02,6.02,9.58,11.05,27.64,27.92,0,1,REDUCE REPLENISHMENT,0.0,OVERSTOCKED
2019-01-05,N05C,0.0,0.0,0.49,5.3,5.3,8.33,9.8,24.23,27.92,0,1,REDUCE REPLENISHMENT,0.0,OVERSTOCKED
2019-01-06,N05C,2.0,0.0,0.49,5.46,5.46,8.61,10.08,24.99,27.92,0,1,REDUCE REPLENISHMENT,0.0,OVERSTOCKED
2019-01-07,N05C,0.0,0.03,0.49,4.2,4.17,6.43,7.9,19.03,25.92,0,1,REDUCE REPLENISHMENT,0.0,OVERSTOCKED
2019-01-08,N05C,0.0,0.06,0.49,4.3,4.24,6.6,8.07,19.5,25.92,0,1,REDUCE REPLENISHMENT,0.0,OVERSTOCKED
2019-01-09,N05C,3.0,0.06,0.49,4.34,4.28,6.67,8.14,19.69,25.92,0,1,REDUCE REPLENISHMENT,0.0,OVERSTOCKED
2019-01-10,N05C,2.0,0.0,0.49,5.03,5.03,7.86,9.33,22.95,22.92,0,0,MAINTAIN REPLENISHMENT,0.0,HEALTHY ZONE
2019-01-11,N05C,0.0,0.0,0.49,5.27,5.27,8.28,9.75,24.09,20.92,0,0,MAINTAIN REPLENISHMENT,0.0,HEALTHY ZONE
2019-01-12,N05C,0.0,0.05,0.49,4.87,4.82,7.59,9.06,22.2,20.92,0,0,MAINTAIN REPLENISHMENT,0.0,HEALTHY ZONE
2019-01-13,N05C,1.0,0.0,0.49,4.52,4.52,6.98,8.45,20.54,20.92,0,1,REDUCE REPLENISHMENT,0.0,OVERSTOCKED
2019-01-14,N05C,0.0,0.0,0.49,4.82,4.82,7.5,8.97,21.96,19.92,0,0,MAINTAIN REPLENISHMENT,0.0,HEALTHY ZONE
2019-01-15,N05C,0.0,0.0,0.49,3.92,3.92,5.94,7.41,17.7,19.92,0,1,REDUCE REPLENISHMENT,0.0,OVERSTOCKED
2019-01-16,N05C,0.0,0.0,0.49,3.92,3.92,5.94,7.41,17.7,19.92,0,1,REDUCE REPLENISHMENT,0.0,OVERSTOCKED
2019-01-17,N05C,3.0,0.0,0.49,3.71,3.71,5.58,7.05,16.71,19.92,0,1,REDUCE REPLENISHMENT,0.0,OVERSTOCKED
2019-01-18,N05C,0.0,0.01,0.49,5.26,5.25,8.26,9.73,24.04,16.92,0,0,INCREASE REPLENISHMENT,8.0,PROACTIVE (Forward Shortfall)
2019-01-19,N05C,0.0,0.01,0.49,5.21,5.2,8.18,9.65,23.81,16.92,0,0,MAINTAIN REPLENISHMENT,0.0,HEALTHY ZONE
2019-01-20,N05C,0.0,0.0,0.49,3.85,3.85,5.82,7.29,17.37,16.92,0,0,MAINTAIN REPLENISHMENT,0.0,HEALTHY ZONE
2019-01-21,N05C,0.0,0.0,0.49,4.19,4.19,6.41,7.88,18.98,24.92,0,1,REDUCE REPLENISHMENT,0.0,OVERSTOCKED
2019-01-22,N05C,1.0,0.0,0.49,3.75,3.75,5.65,7.12,16.9,24.92,0,1,REDUCE REPLENISHMENT,0.0,OVERSTOCKED
2019-01-23,N05C,0.0,0.0,0.49,3.99,3.99,6.06,7.53,18.03,23.92,0,1,REDUCE REPLENISHMENT,0.0,OVERSTOCKED
2019-01-24,N05C,4.0,0.0,0.49,4.06,4.06,6.18,7.65,18.36,23.92,0,1,REDUCE REPLENISHMENT,0.0,OVERSTOCKED
2019-01-25,N05C,2.0,0.01,0.49,5.28,5.27,8.3,9.77,24.14,19.92,0,0,MAINTAIN REPLENISHMENT,0.0,HEALTHY ZONE
2019-01-26,N05C,1.0,0.0,0.49,4.89,4.89,7.62,9.09,22.29,17.92,0,0,INCREASE REPLENISHMENT,5.0,PROACTIVE (Forward Shortfall)
2019-01-27,N05C,1.0,0.0,0.49,5.34,5.34,8.4,9.87,24.42,16.92,0,0,INCREASE REPLENISHMENT,3.0,PROACTIVE (Forward Shortfall)
2019-01-28,N05C,0.0,0.0,0.49,4.89,4.89,7.62,9.09,22.29,15.92,0,0,MAINTAIN REPLENISHMENT,0.0,PIPELINE IN-TRANSIT SUFFICIENT
2019-01-29,N05C,2.0,0.04,0.49,4.6,4.56,7.12,8.59,20.92,20.92,0,0,MAINTAIN REPLENISHMENT,0.0,HEALTHY ZONE
2019-01-30,N05C,0.0,0.03,0.49,4.54,4.51,7.01,8.48,20.63,21.92,0,1,REDUCE REPLENISHMENT,0.0,OVERSTOCKED
2019-01-31,N05C,1.0,0.0,0.49,4.28,4.28,6.56,8.03,19.4,21.92,0,1,REDUCE REPLENISHMENT,0.0,OVERSTOCKED
2019-02-01,N05C,0.0,0.0,0.49,5.14,5.14,8.05,9.52,23.47,20.92,0,0,MAINTAIN REPLENISHMENT,0.0,HEALTHY ZONE
2019-02-02,N05C,1.0,0.0,0.49,4.85,4.85,7.55,9.02,22.1,20.92,0,0,MAINTAIN REPLENISHMENT,0.0,HEALTHY ZONE
2019-02-03,N05C,1.0,0.0,0.49,4.92,4.92,7.67,9.14,22.43,19.92,0,0,MAINTAIN REPLENISHMENT,0.0,HEALTHY ZONE
2019-02-04,N05C,1.0,0.0,0.49,5.39,5.39,8.49,9.96,24.66,18.92,0,0,INCREASE REPLENISHMENT,6.0,PROACTIVE (Forward Shortfall)
2019-02-05,N05C,0.0,0.0,0.49,5.34,5.34,8.4,9.87,24.42,17.92,0,0,MAINTAIN REPLENISHMENT,0.0,HEALTHY ZONE
2019-02-06,N05C,0.0,0.0,0.49,5.26,5.26,8.26,9.73,24.04,17.92,0,0,MAINTAIN REPLENISHMENT,0.0,HEALTHY ZONE
2019-02-07,N05C,0.0,0.0,0.49,3.47,3.47,5.16,6.63,15.57,23.92,0,1,REDUCE REPLENISHMENT,0.0,OVERSTOCKED
2019-02-08,N05C,3.0,0.02,0.49,4.23,4.21,6.48,7.95,19.17,23.92,0,1,REDUCE REPLENISHMENT,0.0,OVERSTOCKED
2019-02-09,N05C,0.0,0.0,0.49,5.27,5.27,8.28,9.75,24.09,20.92,0,0,MAINTAIN REPLENISHMENT,0.0,HEALTHY ZONE
2019-02-10,N05C,0.0,0.0,0.49,5.31,5.31,8.35,9.82,24.28,20.92,0,0,MAINTAIN REPLENISHMENT,0.0,HEALTHY ZONE
2019-02-11,N05C,0.0,0.03,0.49,3.93,3.9,5.96,7.43,17.75,20.92,0,1,REDUCE REPLENISHMENT,0.0,OVERSTOCKED
2019-02-12,N05C,0.0,0.0,0.49,3.97,3.97,6.03,7.5,17.94,20.92,0,1,REDUCE REPLENISHMENT,0.0,OVERSTOCKED
2019-02-13,N05C,0.0,0.0,0.49,4.06,4.06,6.18,7.65,18.36,20.92,0,1,REDUCE REPLENISHMENT,0.0,OVERSTOCKED
2019-02-14,N05C,0.0,0.0,0.49,4.37,4.37,6.72,8.19,19.83,20.92,0,1,REDUCE REPLENISHMENT,0.0,OVERSTOCKED
2019-02-15,N05C,0.0,0.0,0.49,4.38,4.38,6.74,8.21,19.88,20.92,0,1,REDUCE REPLENISHMENT,0.0,OVERSTOCKED
2019-02-16,N05C,0.0,0.0,0.49,4.35,4.35,6.69,8.16,19.74,20.92,0,1,REDUCE REPLENISHMENT,0.0,OVERSTOCKED
2019-02-17,N05C,0.0,0.0,0.49,4.35,4.35,6.69,8.16,19.74,20.92,0,1,REDUCE REPLENISHMENT,0.0,OVERSTOCKED
2019-02-18,N05C,0.0,0.0,0.49,4.34,4.34,6.67,8.14,19.69,20.92,0,1,REDUCE REPLENISHMENT,0.0,OVERSTOCKED
2019-02-19,N05C,2.0,0.02,0.49,4.34,4.32,6.67,8.14,19.69,20.92,0,1,REDUCE REPLENISHMENT,0.0,OVERSTOCKED
2019-02-20,N05C,0.0,0.0,0.49,4.32,4.32,6.63,8.1,19.59,18.92,0,0,MAINTAIN REPLENISHMENT,0.0,HEALTHY ZONE
2019-02-21,N05C,1.0,0.0,0.49,4.4,4.4,6.77,8.24,19.97,18.92,0,0,MAINTAIN REPLENISHMENT,0.0,HEALTHY ZONE
2019-02-22,N05C,0.0,0.0,0.49,3.69,3.69,5.54,7.01,16.61,17.92,0,1,REDUCE REPLENISHMENT,0.0,OVERSTOCKED
2019-02-23,N05C,0.0,0.0,0.49,4.5,4.5,6.95,8.42,20.45,17.92,0,0,MAINTAIN REPLENISHMENT,0.0,HEALTHY ZONE
2019-02-24,N05C,0.0,0.0,0.49,4.5,4.5,6.95,8.42,20.45,17.92,0,0,INCREASE REPLENISHMENT,3.0,PROACTIVE (Forward Shortfall)
2019-02-25,N05C,2.0,0.0,0.49,4.49,4.49,6.93,8.4,20.4,17.92,0,0,MAINTAIN REPLENISHMENT,0.0,PIPELINE IN-TRANSIT SUFFICIENT
2019-02-26,N05C,0.0,0.0,0.49,5.19,5.19,8.14,9.61,23.71,15.92,0,0,INCREASE REPLENISHMENT,5.0,PROACTIVE (Forward Shortfall)
2019-02-27,N05C,0.0,0.11,0.49,4.5,4.39,6.95,8.42,20.45,18.92,0,0,MAINTAIN REPLENISHMENT,0.0,HEALTHY ZONE
2019-02-28,N05C,1.0,0.0,0.49,4.49,4.49,6.93,8.4,20.4,18.92,0,0,MAINTAIN REPLENISHMENT,0.0,HEALTHY ZONE
2019-03-01,N05C,0.0,0.0,0.49,4.5,4.5,6.95,8.42,20.45,22.92,0,1,REDUCE REPLENISHMENT,0.0,OVERSTOCKED
2019-03-02,N05C,3.0,0.04,0.49,4.5,4.46,6.95,8.42,20.45,22.92,0,1,REDUCE REPLENISHMENT,0.0,OVERSTOCKED
2019-03-03,N05C,0.0,0.0,0.49,5.16,5.16,8.09,9.56,23.57,19.92,0,0,MAINTAIN REPLENISHMENT,0.0,HEALTHY ZONE
2019-03-04,N05C,0.0,0.01,0.49,5.01,5.0,7.83,9.3,22.86,19.92,0,0,MAINTAIN REPLENISHMENT,0.0,HEALTHY ZONE
2019-03-05,N05C,3.0,0.0,0.49,3.94,3.94,5.98,7.45,17.8,19.92,0,1,REDUCE REPLENISHMENT,0.0,OVERSTOCKED
2019-03-06,N05C,1.0,0.04,0.49,5.05,5.01,7.9,9.37,23.05,16.92,0,0,INCREASE REPLENISHMENT,7.0,PROACTIVE (Forward Shortfall)
2019-03-07,N05C,0.0,0.0,0.49,5.37,5.37,8.45,9.92,24.56,15.92,0,0,INCREASE REPLENISHMENT,2.0,PROACTIVE (Forward Shortfall)
2019-03-08,N05C,1.0,0.0,0.49,4.91,4.91,7.66,9.13,22.39,15.92,0,0,MAINTAIN REPLENISHMENT,0.0,PIPELINE IN-TRANSIT SUFFICIENT
2019-03-09,N05C,0.0,0.0,0.49,4.84,4.84,7.53,9.0,22.05,21.92,0,0,MAINTAIN REPLENISHMENT,0.0,HEALTHY ZONE
2019-03-10,N05C,0.0,0.03,0.49,5.16,5.13,8.09,9.56,23.57,23.92,0,1,REDUCE REPLENISHMENT,0.0,OVERSTOCKED
2019-03-11,N05C,3.0,0.0,0.49,4.21,4.21,6.44,7.91,19.07,23.92,0,1,REDUCE REPLENISHMENT,0.0,OVERSTOCKED
2019-03-12,N05C,0.0,0.02,0.49,5.19,5.17,8.14,9.61,23.71,20.92,0,0,MAINTAIN REPLENISHMENT,0.0,HEALTHY ZONE
2019-03-13,N05C,0.0,0.0,0.49,4.69,4.69,7.27,8.74,21.34,20.92,0,0,MAINTAIN REPLENISHMENT,0.0,HEALTHY ZONE
2019-03-14,N05C,1.0,0.0,0.49,5.2,5.2,8.16,9.63,23.76,20.92,0,0,MAINTAIN REPLENISHMENT,0.0,HEALTHY ZONE
2019-03-15,N05C,1.0,0.0,0.49,5.23,5.23,8.21,9.68,23.9,19.92,0,0,MAINTAIN REPLENISHMENT,0.0,HEALTHY ZONE
2019-03-16,N05C,0.0,0.0,0.49,4.26,4.26,6.53,8.0,19.31,18.92,0,0,MAINTAIN REPLENISHMENT,0.0,HEALTHY ZONE
2019-03-17,N05C,0.0,0.0,0.49,4.26,4.26,6.53,8.0,19.31,18.92,0,0,MAINTAIN REPLENISHMENT,0.0,HEALTHY ZONE
2019-03-18,N05C,0.0,0.0,0.49,3.71,3.71,5.58,7.05,16.71,18.92,0,1,REDUCE REPLENISHMENT,0.0,OVERSTOCKED
2019-03-19,N05C,1.0,0.02,0.49,4.34,4.32,6.67,8.14,19.69,18.92,0,0,MAINTAIN REPLENISHMENT,0.0,HEALTHY ZONE
2019-03-20,N05C,0.0,0.0,0.49,4.07,4.07,6.2,7.67,18.41,17.92,0,0,MAINTAIN REPLENISHMENT,0.0,HEALTHY ZONE
2019-03-21,N05C,0.0,0.0,0.49,4.37,4.37,6.72,8.19,19.83,17.92,0,0,MAINTAIN REPLENISHMENT,0.0,HEALTHY ZONE
2019-03-22,N05C,0.0,0.0,0.49,4.32,4.32,6.63,8.1,19.59,17.92,0,0,MAINTAIN REPLENISHMENT,0.0,HEALTHY ZONE
2019-03-23,N05C,0.0,0.0,0.49,4.32,4.32,6.63,8.1,19.59,17.92,0,0,MAINTAIN REPLENISHMENT,0.0,HEALTHY ZONE
2019-03-24,N05C,1.0,0.0,0.49,4.32,4.32,6.63,8.1,19.59,17.92,0,0,MAINTAIN REPLENISHMENT,0.0,HEALTHY ZONE
2019-03-25,N05C,1.0,0.0,0.49,3.67,3.67,5.51,6.98,16.52,16.92,0,1,REDUCE REPLENISHMENT,0.0,OVERSTOCKED
2019-03-26,N05C,0.0,0.09,0.49,4.37,4.28,6.72,8.19,19.83,15.92,0,0,MAINTAIN REPLENISHMENT,0.0,HEALTHY ZONE
2019-03-27,N05C,1.0,0.0,0.49,4.35,4.35,6.69,8.16,19.74,15.92,0,0,MAINTAIN REPLENISHMENT,0.0,HEALTHY ZONE
2019-03-28,N05C,0.0,0.06,0.49,3.65,3.59,5.47,6.94,16.42,14.92,0,0,INCREASE REPLENISHMENT,2.0,PROACTIVE (Forward Shortfall)
2019-03-29,N05C,0.0,0.0,0.49,4.37,4.37,6.72,8.19,19.83,14.92,0,0,INCREASE REPLENISHMENT,3.0,PROACTIVE (Forward Shortfall)
2019-03-30,N05C,1.0,0.07,0.49,4.86,4.79,7.57,9.04,22.15,14.92,0,0,INCREASE REPLENISHMENT,3.0,PROACTIVE (Forward Shortfall)
2019-03-31,N05C,1.0,0.0,0.49,4.83,4.83,7.52,8.99,22.01,15.92,0,0,INCREASE REPLENISHMENT,1.0,PROACTIVE (Forward Shortfall)
2019-04-01,N05C,0.0,0.02,0.49,7.73,7.71,12.54,14.01,35.73,17.92,0,0,INCREASE REPLENISHMENT,14.0,PROACTIVE (Forward Shortfall)
2019-04-02,N05C,0.0,0.0,0.49,4.92,4.92,7.67,9.14,22.43,20.92,0,0,MAINTAIN REPLENISHMENT,0.0,HEALTHY ZONE
2019-04-03,N05C,0.0,0.09,0.49,5.02,4.93,7.85,9.32,22.91,21.92,0,0,MAINTAIN REPLENISHMENT,0.0,HEALTHY ZONE
2019-04-04,N05C,1.0,0.0,0.49,4.98,4.98,7.78,9.25,22.72,35.92,0,1,REDUCE REPLENISHMENT,0.0,OVERSTOCKED
2019-04-05,N05C,0.0,0.0,0.49,4.53,4.53,7.0,8.47,20.59,34.92,0,1,REDUCE REPLENISHMENT,0.0,OVERSTOCKED
2019-04-06,N05C,0.0,0.0,0.49,4.53,4.53,7.0,8.47,20.59,34.92,0,1,REDUCE REPLENISHMENT,0.0,OVERSTOCKED
2019-04-07,N05C,0.0,0.0,0.49,4.5,4.5,6.95,8.42,20.45,34.92,0,1,REDUCE REPLENISHMENT,0.0,OVERSTOCKED
2019-04-08,N05C,0.0,0.0,0.49,4.56,4.56,7.05,8.52,20.73,34.92,0,1,REDUCE REPLENISHMENT,0.0,OVERSTOCKED
2019-04-09,N05C,0.0,0.03,0.49,3.49,3.46,5.2,6.67,15.67,34.92,0,1,REDUCE REPLENISHMENT,0.0,OVERSTOCKED
2019-04-10,N05C,3.0,0.17,0.49,4.51,4.34,6.96,8.43,20.49,34.92,0,1,REDUCE REPLENISHMENT,0.0,OVERSTOCKED
2019-04-11,N05C,0.0,0.0,0.49,5.55,5.55,8.76,10.23,25.41,31.92,0,1,REDUCE REPLENISHMENT,0.0,OVERSTOCKED
2019-04-12,N05C,0.0,0.0,0.49,5.45,5.45,8.59,10.06,24.94,31.92,0,1,REDUCE REPLENISHMENT,0.0,OVERSTOCKED
2019-04-13,N05C,0.0,0.0,0.49,4.5,4.5,6.95,8.42,20.45,31.92,0,1,REDUCE REPLENISHMENT,0.0,OVERSTOCKED
2019-04-14,N05C,1.0,0.0,0.49,4.5,4.5,6.95,8.42,20.45,31.92,0,1,REDUCE REPLENISHMENT,0.0,OVERSTOCKED
2019-04-15,N05C,2.0,0.0,0.49,4.49,4.49,6.93,8.4,20.4,30.92,0,1,REDUCE REPLENISHMENT,0.0,OVERSTOCKED
2019-04-16,N05C,3.0,0.0,0.49,5.18,5.18,8.12,9.59,23.66,28.92,0,1,REDUCE REPLENISHMENT,0.0,OVERSTOCKED
2019-04-17,N05C,1.0,0.01,0.49,5.1,5.09,7.98,9.45,23.28,25.92,0,1,REDUCE REPLENISHMENT,0.0,OVERSTOCKED
2019-04-18,N05C,0.0,0.0,0.49,5.42,5.42,8.54,10.01,24.8,24.92,0,1,REDUCE REPLENISHMENT,0.0,OVERSTOCKED
2019-04-19,N05C,0.0,0.0,0.49,5.02,5.02,7.85,9.32,22.91,24.92,0,1,REDUCE REPLENISHMENT,0.0,OVERSTOCKED
2019-04-20,N05C,3.0,0.0,0.49,4.76,4.76,7.4,8.87,21.68,24.92,0,1,REDUCE REPLENISHMENT,0.0,OVERSTOCKED
2019-04-21,N05C,0.0,0.03,0.49,5.34,5.31,8.4,9.87,24.42,21.92,0,0,MAINTAIN REPLENISHMENT,0.0,HEALTHY ZONE
2019-04-22,N05C,0.0,0.0,0.49,5.06,5.06,7.92,9.39,23.1,21.92,0,0,MAINTAIN REPLENISHMENT,0.0,HEALTHY ZONE
2019-04-23,N05C,1.0,0.0,0.49,4.75,4.75,7.38,8.85,21.63,21.92,0,1,REDUCE REPLENISHMENT,0.0,OVERSTOCKED
2019-04-24,N05C,3.0,0.03,0.49,5.22,5.19,8.19,9.66,23.85,20.92,0,0,MAINTAIN REPLENISHMENT,0.0,HEALTHY ZONE
2019-04-25,N05C,1.0,0.03,0.49,5.19,5.16,8.14,9.61,23.71,17.92,0,0,INCREASE REPLENISHMENT,6.0,PROACTIVE (Forward Shortfall)
2019-04-26,N05C,0.0,0.0,0.49,5.1,5.1,7.98,9.45,23.28,16.92,0,0,INCREASE REPLENISHMENT,1.0,PROACTIVE (Forward Shortfall)
2019-04-27,N05C,1.0,0.0,0.49,5.25,5.25,8.24,9.71,23.99,16.92,0,0,INCREASE REPLENISHMENT,1.0,PROACTIVE (Forward Shortfall)
2019-04-28,N05C,0.0,0.03,0.49,5.44,5.41,8.57,10.04,24.89,21.92,0,0,MAINTAIN REPLENISHMENT,0.0,HEALTHY ZONE
2019-04-29,N05C,0.0,0.0,0.49,5.33,5.33,8.38,9.85,24.37,22.92,0,0,MAINTAIN REPLENISHMENT,0.0,HEALTHY ZONE
2019-04-30,N05C,2.0,0.0,0.49,4.26,4.26,6.53,8.0,19.31,23.92,0,1,REDUCE REPLENISHMENT,0.0,OVERSTOCKED
2019-05-01,N05C,0.0,0.0,0.49,5.14,5.14,8.05,9.52,23.47,21.92,0,0,MAINTAIN REPLENISHMENT,0.0,HEALTHY ZONE
2019-05-02,N05C,1.0,0.0,0.49,5.32,5.32,8.37,9.84,24.33,21.92,0,0,MAINTAIN REPLENISHMENT,0.0,HEALTHY ZONE
2019-05-03,N05C,3.0,0.0,0.49,5.29,5.29,8.31,9.78,24.18,20.92,0,0,MAINTAIN REPLENISHMENT,0.0,HEALTHY ZONE
2019-05-04,N05C,1.0,0.0,0.49,4.84,4.84,7.53,9.0,22.05,17.92,0,0,INCREASE REPLENISHMENT,5.0,PROACTIVE (Forward Shortfall)
2019-05-05,N05C,0.0,0.0,0.49,5.5,5.5,8.68,10.15,25.18,16.92,0,0,INCREASE REPLENISHMENT,4.0,PROACTIVE (Forward Shortfall)
2019-05-06,N05C,2.0,0.0,0.49,5.49,5.49,8.66,10.13,25.13,16.92,0,0,MAINTAIN REPLENISHMENT,0.0,PIPELINE IN-TRANSIT SUFFICIENT
2019-05-07,N05C,0.0,0.03,0.49,5.44,5.41,8.57,10.04,24.89,19.92,0,0,MAINTAIN REPLENISHMENT,0.0,HEALTHY ZONE
2019-05-08,N05C,2.0,0.0,0.49,5.32,5.32,8.37,9.84,24.33,23.92,0,0,MAINTAIN REPLENISHMENT,0.0,HEALTHY ZONE
2019-05-09,N05C,1.0,0.0,0.49,5.36,5.36,8.44,9.91,24.52,21.92,0,0,MAINTAIN REPLENISHMENT,0.0,HEALTHY ZONE
2019-05-10,N05C,2.0,0.0,0.49,4.84,4.84,7.53,9.0,22.05,20.92,0,0,MAINTAIN REPLENISHMENT,0.0,HEALTHY ZONE
2019-05-11,N05C,0.0,0.0,0.49,5.51,5.51,8.69,10.16,25.22,18.92,0,0,INCREASE REPLENISHMENT,7.0,PROACTIVE (Forward Shortfall)
2019-05-12,N05C,1.0,0.0,0.49,5.4,5.4,8.5,9.97,24.7,18.92,0,0,MAINTAIN REPLENISHMENT,0.0,PIPELINE IN-TRANSIT SUFFICIENT
2019-05-13,N05C,0.0,0.0,0.49,5.24,5.24,8.23,9.7,23.95,17.92,0,0,MAINTAIN REPLENISHMENT,0.0,HEALTHY ZONE
2019-05-14,N05C,0.0,0.01,0.49,5.42,5.41,8.54,10.01,24.8,24.92,0,1,REDUCE REPLENISHMENT,0.0,OVERSTOCKED
2019-05-15,N05C,0.0,0.01,0.49,4.11,4.1,6.27,7.74,18.6,24.92,0,1,REDUCE REPLENISHMENT,0.0,OVERSTOCKED
2019-05-16,N05C,1.0,0.01,0.49,4.23,4.22,6.48,7.95,19.17,24.92,0,1,REDUCE REPLENISHMENT,0.0,OVERSTOCKED
2019-05-17,N05C,2.0,0.01,0.49,4.11,4.1,6.27,7.74,18.6,23.92,0,1,REDUCE REPLENISHMENT,0.0,OVERSTOCKED
2019-05-18,N05C,2.0,0.0,0.49,5.27,5.27,8.28,9.75,24.09,21.92,0,0,MAINTAIN REPLENISHMENT,0.0,HEALTHY ZONE
2019-05-19,N05C,0.0,0.0,0.49,5.2,5.2,8.16,9.63,23.76,19.92,0,0,MAINTAIN REPLENISHMENT,0.0,HEALTHY ZONE
2019-05-20,N05C,4.0,0.0,0.49,5.2,5.2,8.16,9.63,23.76,19.92,0,0,MAINTAIN REPLENISHMENT,0.0,HEALTHY ZONE
2019-05-21,N05C,0.0,0.0,0.49,5.41,5.41,8.52,9.99,24.75,15.92,0,0,INCREASE REPLENISHMENT,9.0,PROACTIVE (Forward Shortfall)
2019-05-22,N05C,0.0,0.01,0.49,5.33,5.32,8.38,9.85,24.37,15.92,0,0,MAINTAIN REPLENISHMENT,0.0,PIPELINE IN-TRANSIT SUFFICIENT
2019-05-23,N05C,0.0,0.0,0.49,5.32,5.32,8.37,9.84,24.33,15.92,0,0,MAINTAIN REPLENISHMENT,0.0,PIPELINE IN-TRANSIT SUFFICIENT
2019-05-24,N05C,1.0,0.0,0.49,5.3,5.3,8.33,9.8,24.23,24.92,0,1,REDUCE REPLENISHMENT,0.0,OVERSTOCKED
2019-05-25,N05C,0.0,0.0,0.49,5.15,5.15,8.07,9.54,23.52,23.92,0,1,REDUCE REPLENISHMENT,0.0,OVERSTOCKED
2019-05-26,N05C,0.0,0.0,0.49,4.48,4.48,6.91,8.38,20.35,23.92,0,1,REDUCE REPLENISHMENT,0.0,OVERSTOCKED
2019-05-27,N05C,0.0,0.0,0.49,4.48,4.48,6.91,8.38,20.35,23.92,0,1,REDUCE REPLENISHMENT,0.0,OVERSTOCKED
2019-05-28,N05C,2.0,0.0,0.49,4.31,4.31,6.62,8.09,19.55,23.92,0,1,REDUCE REPLENISHMENT,0.0,OVERSTOCKED
2019-05-29,N05C,1.0,0.0,0.49,5.18,5.18,8.12,9.59,23.66,21.92,0,0,MAINTAIN REPLENISHMENT,0.0,HEALTHY ZONE
2019-05-30,N05C,0.0,0.0,0.49,5.28,5.28,8.3,9.77,24.14,20.92,0,0,MAINTAIN REPLENISHMENT,0.0,HEALTHY ZONE
2019-05-31,N05C,0.0,0.0,0.49,4.53,4.53,7.0,8.47,20.59,20.92,0,1,REDUCE REPLENISHMENT,0.0,OVERSTOCKED
2019-06-01,N05C,0.0,0.0,0.49,4.23,4.23,6.48,7.95,19.17,20.92,0,1,REDUCE REPLENISHMENT,0.0,OVERSTOCKED
2019-06-02,N05C,1.0,0.02,0.49,4.23,4.21,6.48,7.95,19.17,20.92,0,1,REDUCE REPLENISHMENT,0.0,OVERSTOCKED
2019-06-03,N05C,0.0,0.0,0.49,3.97,3.97,6.03,7.5,17.94,19.92,0,1,REDUCE REPLENISHMENT,0.0,OVERSTOCKED
2019-06-04,N05C,1.0,0.01,0.49,4.37,4.36,6.72,8.19,19.83,19.92,0,1,REDUCE REPLENISHMENT,0.0,OVERSTOCKED
2019-06-05,N05C,0.0,0.01,0.49,3.96,3.95,6.01,7.48,17.89,18.92,0,1,REDUCE REPLENISHMENT,0.0,OVERSTOCKED
2019-06-06,N05C,2.0,0.01,0.49,4.08,4.07,6.22,7.69,18.46,18.92,0,1,REDUCE REPLENISHMENT,0.0,OVERSTOCKED
2019-06-07,N05C,0.0,0.0,0.49,4.92,4.92,7.67,9.14,22.43,16.92,0,0,MAINTAIN REPLENISHMENT,0.0,HEALTHY ZONE
2019-06-08,N05C,0.0,0.0,0.49,4.18,4.18,6.39,7.86,18.93,16.92,0,0,INCREASE REPLENISHMENT,3.0,PROACTIVE (Forward Shortfall)
2019-06-09,N05C,4.0,0.0,0.49,4.28,4.28,6.56,8.03,19.4,16.92,0,0,MAINTAIN REPLENISHMENT,0.0,PIPELINE IN-TRANSIT SUFFICIENT
2019-06-10,N05C,0.0,0.01,0.49,5.29,5.28,8.31,9.78,24.18,12.92,0,0,INCREASE REPLENISHMENT,9.0,PROACTIVE (Forward Shortfall)
2019-06-11,N05C,0.0,0.02,0.49,5.42,5.4,8.54,10.01,24.8,15.92,0,0,MAINTAIN REPLENISHMENT,0.0,PIPELINE IN-TRANSIT SUFFICIENT
2019-06-12,N05C,0.0,0.0,0.49,5.33,5.33,8.38,9.85,24.37,15.92,0,0,MAINTAIN REPLENISHMENT,0.0,PIPELINE IN-TRANSIT SUFFICIENT
2019-06-13,N05C,0.0,0.0,0.49,4.63,4.63,7.17,8.64,21.06,24.92,0,1,REDUCE REPLENISHMENT,0.0,OVERSTOCKED
2019-06-14,N05C,1.0,0.0,0.49,4.51,4.51,6.96,8.43,20.49,24.92,0,1,REDUCE REPLENISHMENT,0.0,OVERSTOCKED
2019-06-15,N05C,0.0,0.0,0.49,4.48,4.48,6.91,8.38,20.35,23.92,0,1,REDUCE REPLENISHMENT,0.0,OVERSTOCKED
2019-06-16,N05C,0.0,0.0,0.49,4.48,4.48,6.91,8.38,20.35,23.92,0,1,REDUCE REPLENISHMENT,0.0,OVERSTOCKED
2019-06-17,N05C,0.0,0.0,0.49,4.43,4.43,6.82,8.29,20.11,23.92,0,1,REDUCE REPLENISHMENT,0.0,OVERSTOCKED
2019-06-18,N05C,0.0,0.03,0.49,3.62,3.59,5.42,6.89,16.28,23.92,0,1,REDUCE REPLENISHMENT,0.0,OVERSTOCKED
2019-06-19,N05C,1.0,0.03,0.49,4.38,4.35,6.74,8.21,19.88,23.92,0,1,REDUCE REPLENISHMENT,0.0,OVERSTOCKED
2019-06-20,N05C,4.0,0.03,0.49,3.62,3.59,5.42,6.89,16.28,22.92,0,1,REDUCE REPLENISHMENT,0.0,OVERSTOCKED
2019-06-21,N05C,3.0,0.0,0.49,5.33,5.33,8.38,9.85,24.37,18.92,0,0,INCREASE REPLENISHMENT,6.0,PROACTIVE (Forward Shortfall)
2019-06-22,N05C,2.0,0.02,0.49,5.29,5.27,8.31,9.78,24.18,15.92,0,0,INCREASE REPLENISHMENT,3.0,PROACTIVE (Forward Shortfall)
2019-06-23,N05C,0.0,0.0,0.49,5.26,5.26,8.26,9.73,24.04,13.92,0,0,INCREASE REPLENISHMENT,2.0,PROACTIVE (Forward Shortfall)
2019-06-24,N05C,3.0,0.03,0.49,5.4,5.37,8.5,9.97,24.7,19.92,0,0,MAINTAIN REPLENISHMENT,0.0,HEALTHY ZONE
2019-06-25,N05C,1.0,0.01,0.49,5.19,5.18,8.14,9.61,23.71,19.92,0,0,MAINTAIN REPLENISHMENT,0.0,HEALTHY ZONE
2019-06-26,N05C,1.0,0.0,0.49,5.34,5.34,8.4,9.87,24.42,20.92,0,0,MAINTAIN REPLENISHMENT,0.0,HEALTHY ZONE
2019-06-27,N05C,1.0,0.01,0.49,5.35,5.34,8.42,9.89,24.47,19.92,0,0,MAINTAIN REPLENISHMENT,0.0,HEALTHY ZONE
2019-06-28,N05C,0.0,0.02,0.49,5.35,5.33,8.42,9.89,24.47,18.92,0,0,MAINTAIN REPLENISHMENT,0.0,HEALTHY ZONE
2019-06-29,N05C,0.0,0.0,0.49,3.62,3.62,5.42,6.89,16.28,18.92,0,1,REDUCE REPLENISHMENT,0.0,OVERSTOCKED
2019-06-30,N05C,0.0,0.02,0.49,3.62,3.6,5.42,6.89,16.28,18.92,0,1,REDUCE REPLENISHMENT,0.0,OVERSTOCKED
2019-07-01,N05C,0.0,0.02,0.49,3.62,3.6,5.42,6.89,16.28,18.92,0,1,REDUCE REPLENISHMENT,0.0,OVERSTOCKED
2019-07-02,N05C,0.0,0.03,0.49,2.81,2.78,4.02,5.49,12.45,18.92,0,1,REDUCE REPLENISHMENT,0.0,OVERSTOCKED
2019-07-03,N05C,0.0,0.06,0.49,4.62,4.56,7.15,8.62,21.01,18.92,0,0,MAINTAIN REPLENISHMENT,0.0,HEALTHY ZONE
2019-07-04,N05C,1.0,0.05,0.49,4.66,4.61,7.22,8.69,21.2,18.92,0,0,MAINTAIN REPLENISHMENT,0.0,HEALTHY ZONE
2019-07-05,N05C,0.0,0.02,0.49,3.71,3.69,5.58,7.05,16.71,17.92,0,1,REDUCE REPLENISHMENT,0.0,OVERSTOCKED
2019-07-06,N05C,0.0,0.0,0.49,3.88,3.88,5.87,7.34,17.51,17.92,0,1,REDUCE REPLENISHMENT,0.0,OVERSTOCKED
2019-07-07,N05C,0.0,0.0,0.49,4.09,4.09,6.24,7.71,18.51,17.92,0,0,MAINTAIN REPLENISHMENT,0.0,HEALTHY ZONE
2019-07-08,N05C,1.0,0.0,0.49,4.37,4.37,6.72,8.19,19.83,17.92,0,0,MAINTAIN REPLENISHMENT,0.0,HEALTHY ZONE
2019-07-09,N05C,4.0,0.0,0.49,4.08,4.08,6.22,7.69,18.46,16.92,0,0,INCREASE REPLENISHMENT,2.0,PROACTIVE (Forward Shortfall)
2019-07-10,N05C,0.0,0.0,0.49,5.22,5.22,8.19,9.66,23.85,12.92,0,0,INCREASE REPLENISHMENT,9.0,PROACTIVE (Forward Shortfall)
2019-07-11,N05C,0.0,0.05,0.49,5.41,5.36,8.52,9.99,24.75,12.92,0,0,INCREASE REPLENISHMENT,1.0,PROACTIVE (Forward Shortfall)
2019-07-12,N05C,0.0,0.01,0.49,5.14,5.13,8.05,9.52,23.47,14.92,0,0,MAINTAIN REPLENISHMENT,0.0,PIPELINE IN-TRANSIT SUFFICIENT
2019-07-13,N05C,3.0,0.0,0.49,4.48,4.48,6.91,8.38,20.35,23.92,0,1,REDUCE REPLENISHMENT,0.0,OVERSTOCKED
2019-07-14,N05C,0.0,0.02,0.49,5.31,5.29,8.35,9.82,24.28,21.92,0,0,MAINTAIN REPLENISHMENT,0.0,HEALTHY ZONE
2019-07-15,N05C,1.0,0.0,0.49,5.47,5.47,8.63,10.1,25.04,21.92,0,0,MAINTAIN REPLENISHMENT,0.0,HEALTHY ZONE
2019-07-16,N05C,0.0,0.0,0.49,4.94,4.94,7.71,9.18,22.53,20.92,0,0,MAINTAIN REPLENISHMENT,0.0,HEALTHY ZONE
2019-07-17,N05C,1.0,0.0,0.49,5.29,5.29,8.31,9.78,24.18,20.92,0,0,MAINTAIN REPLENISHMENT,0.0,HEALTHY ZONE
2019-07-18,N05C,0.0,0.0,0.49,5.32,5.32,8.37,9.84,24.33,19.92,0,0,MAINTAIN REPLENISHMENT,0.0,HEALTHY ZONE
2019-07-19,N05C,0.0,0.0,0.49,4.31,4.31,6.62,8.09,19.55,19.92,0,1,REDUCE REPLENISHMENT,0.0,OVERSTOCKED
2019-07-20,N05C,0.0,0.0,0.49,4.25,4.25,6.51,7.98,19.26,19.92,0,1,REDUCE REPLENISHMENT,0.0,OVERSTOCKED
2019-07-21,N05C,0.0,0.03,0.49,4.02,3.99,6.11,7.58,18.17,19.92,0,1,REDUCE REPLENISHMENT,0.0,OVERSTOCKED
2019-07-22,N05C,0.0,0.02,0.49,3.65,3.63,5.47,6.94,16.42,19.92,0,1,REDUCE REPLENISHMENT,0.0,OVERSTOCKED
2019-07-23,N05C,0.0,0.0,0.49,3.62,3.62,5.42,6.89,16.28,19.92,0,1,REDUCE REPLENISHMENT,0.0,OVERSTOCKED
2019-07-24,N05C,0.0,0.0,0.49,4.38,4.38,6.74,8.21,19.88,19.92,0,1,REDUCE REPLENISHMENT,0.0,OVERSTOCKED
2019-07-25,N05C,1.0,0.0,0.49,4.4,4.4,6.77,8.24,19.97,19.92,0,0,MAINTAIN REPLENISHMENT,0.0,HEALTHY ZONE
2019-07-26,N05C,0.0,0.0,0.49,4.37,4.37,6.72,8.19,19.83,18.92,0,0,MAINTAIN REPLENISHMENT,0.0,HEALTHY ZONE
2019-07-27,N05C,3.0,0.0,0.49,4.4,4.4,6.77,8.24,19.97,18.92,0,0,INCREASE REPLENISHMENT,2.0,PROACTIVE (Forward Shortfall)
2019-07-28,N05C,1.0,0.01,0.49,5.4,5.39,8.5,9.97,24.7,15.92,0,0,INCREASE REPLENISHMENT,7.0,PROACTIVE (Forward Shortfall)
2019-07-29,N05C,0.0,0.06,0.49,5.22,5.16,8.19,9.66,23.85,14.92,0,0,MAINTAIN REPLENISHMENT,0.0,PIPELINE IN-TRANSIT SUFFICIENT
2019-07-30,N05C,4.0,0.0,0.49,5.18,5.18,8.12,9.59,23.66,16.92,0,0,MAINTAIN REPLENISHMENT,0.0,PIPELINE IN-TRANSIT SUFFICIENT
2019-07-31,N05C,0.0,0.02,0.49,5.4,5.38,8.5,9.97,24.7,19.92,0,0,MAINTAIN REPLENISHMENT,0.0,HEALTHY ZONE
2019-08-01,N05C,0.0,0.0,0.49,5.27,5.27,8.28,9.75,24.09,19.92,0,0,INCREASE REPLENISHMENT,5.0,PROACTIVE (Forward Shortfall)
2019-08-02,N05C,2.0,0.0,0.49,5.45,5.45,8.59,10.06,24.94,19.92,0,0,INCREASE REPLENISHMENT,1.0,PROACTIVE (Forward Shortfall)
2019-08-03,N05C,5.0,0.0,0.49,5.37,5.37,8.45,9.92,24.56,17.92,0,0,INCREASE REPLENISHMENT,1.0,PROACTIVE (Forward Shortfall)
2019-08-04,N05C,0.0,0.07,0.49,5.6,5.53,8.85,10.32,25.65,17.92,0,0,INCREASE REPLENISHMENT,6.0,PROACTIVE (Forward Shortfall)
2019-08-05,N05C,1.0,0.0,0.49,5.78,5.78,9.16,10.63,26.5,18.92,0,0,INCREASE REPLENISHMENT,1.0,PROACTIVE (Forward Shortfall)
2019-08-06,N05C,0.0,0.04,0.49,5.6,5.56,8.85,10.32,25.65,18.92,0,0,MAINTAIN REPLENISHMENT,0.0,PIPELINE IN-TRANSIT SUFFICIENT
2019-08-07,N05C,0.0,0.0,0.49,5.36,5.36,8.44,9.91,24.52,24.92,0,1,REDUCE REPLENISHMENT,0.0,OVERSTOCKED
2019-08-08,N05C,0.0,0.0,0.49,5.29,5.29,8.31,9.78,24.18,25.92,0,1,REDUCE REPLENISHMENT,0.0,OVERSTOCKED
2019-08-09,N05C,5.0,0.0,0.49,5.21,5.21,8.18,9.65,23.81,25.92,0,1,REDUCE REPLENISHMENT,0.0,OVERSTOCKED
2019-08-10,N05C,0.0,0.05,0.49,6.23,6.18,9.94,11.41,28.63,20.92,0,0,MAINTAIN REPLENISHMENT,0.0,HEALTHY ZONE
2019-08-11,N05C,2.0,0.02,0.49,5.43,5.41,8.56,10.03,24.85,20.92,0,0,MAINTAIN REPLENISHMENT,0.0,HEALTHY ZONE
2019-08-12,N05C,1.0,0.02,0.49,5.42,5.4,8.54,10.01,24.8,18.92,0,0,INCREASE REPLENISHMENT,6.0,PROACTIVE (Forward Shortfall)
2019-08-13,N05C,0.0,0.02,0.49,5.3,5.28,8.33,9.8,24.23,17.92,0,0,INCREASE REPLENISHMENT,1.0,PROACTIVE (Forward Shortfall)
2019-08-14,N05C,0.0,0.02,0.49,5.34,5.32,8.4,9.87,24.42,17.92,0,0,MAINTAIN REPLENISHMENT,0.0,PIPELINE IN-TRANSIT SUFFICIENT
2019-08-15,N05C,0.0,0.0,0.49,5.29,5.29,8.31,9.78,24.18,23.92,0,0,MAINTAIN REPLENISHMENT,0.0,HEALTHY ZONE
2019-08-16,N05C,0.0,0.04,0.49,5.21,5.17,8.18,9.65,23.81,24.92,0,1,REDUCE REPLENISHMENT,0.0,OVERSTOCKED
2019-08-17,N05C,1.0,0.0,0.49,4.06,4.06,6.18,7.65,18.36,24.92,0,1,REDUCE REPLENISHMENT,0.0,OVERSTOCKED
2019-08-18,N05C,0.0,0.0,0.49,4.28,4.28,6.56,8.03,19.4,23.92,0,1,REDUCE REPLENISHMENT,0.0,OVERSTOCKED
2019-08-19,N05C,2.0,0.0,0.49,4.11,4.11,6.27,7.74,18.6,23.92,0,1,REDUCE REPLENISHMENT,0.0,OVERSTOCKED
2019-08-20,N05C,0.0,0.0,0.49,5.21,5.21,8.18,9.65,23.81,21.92,0,0,MAINTAIN REPLENISHMENT,0.0,HEALTHY ZONE
2019-08-21,N05C,0.0,0.0,0.49,5.33,5.33,8.38,9.85,24.37,21.92,0,0,MAINTAIN REPLENISHMENT,0.0,HEALTHY ZONE
2019-08-22,N05C,2.0,0.0,0.49,4.23,4.23,6.48,7.95,19.17,21.92,0,1,REDUCE REPLENISHMENT,0.0,OVERSTOCKED
2019-08-23,N05C,2.0,0.0,0.49,4.42,4.42,6.81,8.28,20.07,19.92,0,0,MAINTAIN REPLENISHMENT,0.0,HEALTHY ZONE
2019-08-24,N05C,0.0,0.0,0.49,5.27,5.27,8.28,9.75,24.09,17.92,0,0,INCREASE REPLENISHMENT,7.0,PROACTIVE (Forward Shortfall)
2019-08-25,N05C,0.0,0.0,0.49,5.45,5.45,8.59,10.06,24.94,17.92,0,0,MAINTAIN REPLENISHMENT,0.0,HEALTHY ZONE
2019-08-26,N05C,0.0,0.0,0.49,5.13,5.13,8.04,9.51,23.43,17.92,0,0,MAINTAIN REPLENISHMENT,0.0,HEALTHY ZONE
2019-08-27,N05C,0.0,0.0,0.49,4.2,4.2,6.43,7.9,19.03,24.92,0,1,REDUCE REPLENISHMENT,0.0,OVERSTOCKED
2019-08-28,N05C,1.0,0.0,0.49,3.92,3.92,5.94,7.41,17.7,24.92,0,1,REDUCE REPLENISHMENT,0.0,OVERSTOCKED
2019-08-29,N05C,1.0,0.0,0.49,3.99,3.99,6.06,7.53,18.03,23.92,0,1,REDUCE REPLENISHMENT,0.0,OVERSTOCKED
2019-08-30,N05C,0.0,0.0,0.49,5.29,5.29,8.31,9.78,24.18,22.92,0,0,MAINTAIN REPLENISHMENT,0.0,HEALTHY ZONE
2019-08-31,N05C,1.0,0.0,0.49,3.97,3.97,6.03,7.5,17.94,22.92,0,1,REDUCE REPLENISHMENT,0.0,OVERSTOCKED
2019-09-01,N05C,1.0,0.0,0.49,3.94,3.94,5.98,7.45,17.8,21.92,0,1,REDUCE REPLENISHMENT,0.0,OVERSTOCKED
2019-09-02,N05C,0.0,0.0,0.49,5.26,5.26,8.26,9.73,24.04,20.92,0,0,MAINTAIN REPLENISHMENT,0.0,HEALTHY ZONE
2019-09-03,N05C,3.0,0.01,0.49,4.33,4.32,6.65,8.12,19.64,20.92,0,1,REDUCE REPLENISHMENT,0.0,OVERSTOCKED
2019-09-04,N05C,0.0,0.0,0.49,5.28,5.28,8.3,9.77,24.14,17.92,0,0,INCREASE REPLENISHMENT,7.0,PROACTIVE (Forward Shortfall)
2019-09-05,N05C,0.0,0.0,0.49,5.42,5.42,8.54,10.01,24.8,17.92,0,0,MAINTAIN REPLENISHMENT,0.0,HEALTHY ZONE
2019-09-06,N05C,0.0,0.0,0.49,5.02,5.02,7.85,9.32,22.91,17.92,0,0,MAINTAIN REPLENISHMENT,0.0,HEALTHY ZONE
2019-09-07,N05C,3.0,0.0,0.49,4.03,4.03,6.13,7.6,18.22,24.92,0,1,REDUCE REPLENISHMENT,0.0,OVERSTOCKED
2019-09-08,N05C,0.0,0.0,0.49,5.23,5.23,8.21,9.68,23.9,21.92,0,0,MAINTAIN REPLENISHMENT,0.0,HEALTHY ZONE
2019-09-09,N05C,3.0,0.0,0.49,5.28,5.28,8.3,9.77,24.14,21.92,0,0,MAINTAIN REPLENISHMENT,0.0,HEALTHY ZONE
2019-09-10,N05C,0.0,0.0,0.49,5.25,5.25,8.24,9.71,23.99,18.92,0,0,INCREASE REPLENISHMENT,6.0,PROACTIVE (Forward Shortfall)
2019-09-11,N05C,0.0,0.0,0.49,5.39,5.39,8.49,9.96,24.66,18.92,0,0,MAINTAIN REPLENISHMENT,0.0,HEALTHY ZONE
2019-09-12,N05C,0.0,0.0,0.49,5.21,5.21,8.18,9.65,23.81,18.92,0,0,MAINTAIN REPLENISHMENT,0.0,HEALTHY ZONE
2019-09-13,N05C,2.0,0.0,0.49,4.41,4.41,6.79,8.26,20.02,24.92,0,1,REDUCE REPLENISHMENT,0.0,OVERSTOCKED
2019-09-14,N05C,0.0,0.0,0.49,5.36,5.36,8.44,9.91,24.52,22.92,0,0,MAINTAIN REPLENISHMENT,0.0,HEALTHY ZONE
2019-09-15,N05C,0.0,0.0,0.49,5.1,5.1,7.98,9.45,23.28,22.92,0,0,MAINTAIN REPLENISHMENT,0.0,HEALTHY ZONE
2019-09-16,N05C,1.0,0.0,0.49,4.24,4.24,6.5,7.97,19.22,22.92,0,1,REDUCE REPLENISHMENT,0.0,OVERSTOCKED
2019-09-17,N05C,0.0,0.0,0.49,4.88,4.88,7.6,9.07,22.24,21.92,0,0,MAINTAIN REPLENISHMENT,0.0,HEALTHY ZONE
2019-09-18,N05C,0.0,0.0,0.49,4.13,4.13,6.3,7.77,18.69,21.92,0,1,REDUCE REPLENISHMENT,0.0,OVERSTOCKED
2019-09-19,N05C,2.0,0.0,0.49,4.25,4.25,6.51,7.98,19.26,21.92,0,1,REDUCE REPLENISHMENT,0.0,OVERSTOCKED
2019-09-20,N05C,0.0,0.0,0.49,5.24,5.24,8.23,9.7,23.95,19.92,0,0,MAINTAIN REPLENISHMENT,0.0,HEALTHY ZONE
2019-09-21,N05C,0.0,0.0,0.49,3.95,3.95,5.99,7.46,17.84,19.92,0,1,REDUCE REPLENISHMENT,0.0,OVERSTOCKED
2019-09-22,N05C,0.0,0.03,0.49,4.23,4.2,6.48,7.95,19.17,19.92,0,1,REDUCE REPLENISHMENT,0.0,OVERSTOCKED
2019-09-23,N05C,0.0,0.01,0.49,4.14,4.13,6.32,7.79,18.74,19.92,0,1,REDUCE REPLENISHMENT,0.0,OVERSTOCKED
2019-09-24,N05C,0.0,0.0,0.49,5.02,5.02,7.85,9.32,22.91,19.92,0,0,MAINTAIN REPLENISHMENT,0.0,HEALTHY ZONE
2019-09-25,N05C,1.0,0.0,0.49,3.64,3.64,5.46,6.93,16.38,19.92,0,1,REDUCE REPLENISHMENT,0.0,OVERSTOCKED
2019-09-26,N05C,0.0,0.03,0.49,5.09,5.06,7.97,9.44,23.24,18.92,0,0,MAINTAIN REPLENISHMENT,0.0,HEALTHY ZONE
2019-09-27,N05C,0.0,0.0,0.49,4.46,4.46,6.88,8.35,20.26,18.92,0,0,MAINTAIN REPLENISHMENT,0.0,HEALTHY ZONE
2019-09-28,N05C,0.0,0.0,0.49,3.68,3.68,5.53,7.0,16.57,18.92,0,1,MAINTAIN REPLENISHMENT,0.0,PIPELINE IN-TRANSIT SUFFICIENT
2019-09-29,N05C,0.0,0.0,0.49,5.29,5.29,8.31,9.78,24.18,18.92,0,0,MAINTAIN REPLENISHMENT,0.0,HEALTHY ZONE
2019-09-30,N05C,0.0,0.0,0.49,5.29,5.29,8.31,9.78,24.18,18.92,0,0,MAINTAIN REPLENISHMENT,0.0,HEALTHY ZONE
2019-10-01,N05C,4.0,0.0,0.49,3.54,3.54,5.28,6.75,15.9,18.92,0,1,MAINTAIN REPLENISHMENT,0.0,PIPELINE IN-TRANSIT SUFFICIENT
2019-10-02,N05C,1.0,0.01,0.49,6.1,6.09,9.72,11.19,28.02,14.92,0,0,INCREASE REPLENISHMENT,14.0,PROACTIVE (Forward Shortfall)
2019-10-03,N05C,0.0,0.0,0.49,6.05,6.05,9.63,11.1,27.78,13.92,0,0,MAINTAIN REPLENISHMENT,0.0,PIPELINE IN-TRANSIT SUFFICIENT
2019-10-04,N05C,0.0,0.0,0.49,6.2,6.2,9.89,11.36,28.49,13.92,0,0,INCREASE REPLENISHMENT,1.0,PROACTIVE (Forward Shortfall)
2019-10-05,N05C,0.0,0.0,0.49,5.27,5.27,8.28,9.75,24.09,27.92,0,1,REDUCE REPLENISHMENT,0.0,OVERSTOCKED
2019-10-06,N05C,0.0,0.0,0.49,5.29,5.29,8.31,9.78,24.18,27.92,0,1,REDUCE REPLENISHMENT,0.0,OVERSTOCKED
2019-10-07,N05C,0.0,0.0,0.49,5.26,5.26,8.26,9.73,24.04,28.92,0,1,REDUCE REPLENISHMENT,0.0,OVERSTOCKED
2019-10-08,N05C,2.0,0.1,0.49,4.48,4.38,6.91,8.38,20.35,28.92,0,1,REDUCE REPLENISHMENT,0.0,OVERSTOCKED
2020-01-01,N05C,,0.0,0.67,2.38,2.38,2.96,4.97,10.1,26.92,0,1,REDUCE REPLENISHMENT,0.0,OVERSTOCKED
2020-01-02,N05C,,0.0,0.69,2.15,2.15,2.53,4.6,8.98,26.25,0,1,REDUCE REPLENISHMENT,0.0,OVERSTOCKED
2020-01-03,N05C,,0.0,0.63,2.44,2.44,3.14,5.03,10.46,25.56,0,1,REDUCE REPLENISHMENT,0.0,OVERSTOCKED
2020-01-04,N05C,,0.0,0.66,2.14,2.14,2.56,4.54,8.98,24.93,0,1,REDUCE REPLENISHMENT,0.0,OVERSTOCKED
2020-01-05,N05C,,0.0,0.52,1.5,1.5,1.7,3.26,6.2,24.27,0,1,REDUCE REPLENISHMENT,0.0,OVERSTOCKED
2020-01-06,N05C,,0.0,0.83,2.4,2.4,2.72,5.21,9.92,23.75,0,1,REDUCE REPLENISHMENT,0.0,OVERSTOCKED
2020-01-07,N05C,,0.0,0.74,2.29,2.29,2.68,4.9,9.55,22.92,0,1,REDUCE REPLENISHMENT,0.0,OVERSTOCKED
2020-01-08,N05C,,0.01,0.7,2.21,2.2,2.62,4.72,9.25,22.18,0,1,REDUCE REPLENISHMENT,0.0,OVERSTOCKED
2020-01-09,N05C,,0.01,0.86,2.55,2.54,2.93,5.51,10.58,21.48,0,1,REDUCE REPLENISHMENT,0.0,OVERSTOCKED
2020-01-10,N05C,,0.01,0.97,2.59,2.58,2.81,5.72,10.58,20.62,0,1,REDUCE REPLENISHMENT,0.0,OVERSTOCKED
2020-01-11,N05C,,0.01,0.92,2.11,2.1,2.06,4.82,8.39,19.65,0,1,REDUCE REPLENISHMENT,0.0,OVERSTOCKED
2020-01-12,N05C,,0.01,0.72,1.58,1.57,1.49,3.65,6.23,18.73,0,1,REDUCE REPLENISHMENT,0.0,OVERSTOCKED
2020-01-13,N05C,,0.01,1.0,2.46,2.45,2.53,5.53,9.91,18.01,0,1,REDUCE REPLENISHMENT,0.0,OVERSTOCKED
2020-01-14,N05C,,0.01,0.77,2.14,2.13,2.37,4.68,8.79,17.01,0,1,REDUCE REPLENISHMENT,0.0,OVERSTOCKED
2020-01-15,N05C,,0.01,0.63,1.93,1.92,2.25,4.14,8.04,16.24,0,1,REDUCE REPLENISHMENT,0.0,OVERSTOCKED
2020-01-16,N05C,,0.01,0.92,2.43,2.42,2.62,5.38,9.91,15.61,0,1,REDUCE REPLENISHMENT,0.0,OVERSTOCKED
2020-01-17,N05C,,0.01,0.72,2.25,2.24,2.65,4.81,9.4,14.69,0,1,REDUCE REPLENISHMENT,0.0,OVERSTOCKED
2020-01-18,N05C,,0.01,0.72,1.92,1.91,2.08,4.24,7.84,13.97,0,1,REDUCE REPLENISHMENT,0.0,OVERSTOCKED
2020-01-19,N05C,,0.01,0.66,1.49,1.48,1.44,3.42,5.91,13.25,0,1,REDUCE REPLENISHMENT,0.0,OVERSTOCKED
2020-01-20,N05C,,0.01,0.89,2.54,2.53,2.86,5.53,10.48,12.59,0,1,REDUCE REPLENISHMENT,0.0,OVERSTOCKED
2020-01-21,N05C,,0.0,0.74,2.12,2.12,2.39,4.61,8.75,11.7,0,1,REDUCE REPLENISHMENT,0.0,OVERSTOCKED
2020-01-22,N05C,,0.01,0.84,2.66,2.65,3.15,5.67,11.13,10.96,0,0,INCREASE REPLENISHMENT,1.0,PROACTIVE (Forward Shortfall)
2020-01-23,N05C,,0.01,0.59,2.61,2.6,3.5,5.27,11.33,10.12,0,0,INCREASE REPLENISHMENT,1.0,PROACTIVE (Forward Shortfall)
2020-01-24,N05C,,0.01,0.75,2.84,2.83,3.62,5.87,12.14,9.53,0,0,INCREASE REPLENISHMENT,1.0,PROACTIVE (Forward Shortfall)
2020-01-25,N05C,,0.01,0.81,2.57,2.56,3.05,5.48,10.76,9.78,0,0,MAINTAIN REPLENISHMENT,0.0,PIPELINE IN-TRANSIT SUFFICIENT
2020-01-26,N05C,,0.01,0.77,2.33,2.32,2.7,5.01,9.69,9.97,0,1,MAINTAIN REPLENISHMENT,0.0,PIPELINE IN-TRANSIT SUFFICIENT
2020-01-27,N05C,,0.01,0.84,2.73,2.72,3.27,5.79,11.46,10.2,0,0,INCREASE REPLENISHMENT,2.0,PROACTIVE (Forward Shortfall)
2020-01-28,N05C,,0.01,0.89,2.82,2.81,3.34,6.01,11.8,9.36,0,0,INCREASE REPLENISHMENT,1.0,PROACTIVE (Forward Shortfall)
2020-01-29,N05C,,0.01,0.92,3.28,3.27,4.09,6.85,13.93,8.47,0,0,INCREASE REPLENISHMENT,3.0,PROACTIVE (Forward Shortfall)
2020-01-30,N05C,,0.0,0.79,3.27,3.27,4.3,6.67,14.11,9.55,0,0,INCREASE REPLENISHMENT,1.0,PROACTIVE (Forward Shortfall)
2020-01-31,N05C,,0.01,1.02,2.84,2.83,3.15,6.21,11.67,9.76,0,0,MAINTAIN REPLENISHMENT,0.0,PIPELINE IN-TRANSIT SUFFICIENT
2020-02-01,N05C,,0.0,0.66,2.53,2.53,3.24,5.22,10.83,11.74,0,1,REDUCE REPLENISHMENT,0.0,OVERSTOCKED
2020-02-02,N05C,,0.0,0.88,2.44,2.44,2.7,5.34,10.02,12.08,0,1,MAINTAIN REPLENISHMENT,0.0,PIPELINE IN-TRANSIT SUFFICIENT
2020-02-03,N05C,,0.0,0.76,2.95,2.95,3.79,6.07,12.64,11.2,0,0,INCREASE REPLENISHMENT,2.0,PROACTIVE (Forward Shortfall)
2020-02-04,N05C,,0.0,0.85,3.01,3.01,3.74,6.29,12.77,10.44,0,0,INCREASE REPLENISHMENT,1.0,PROACTIVE (Forward Shortfall)
2020-02-05,N05C,,0.0,0.74,2.8,2.8,3.57,5.79,11.97,9.59,0,0,MAINTAIN REPLENISHMENT,0.0,PIPELINE IN-TRANSIT SUFFICIENT
2020-02-06,N05C,,0.0,0.78,2.69,2.69,3.31,5.65,11.38,10.85,0,0,MAINTAIN REPLENISHMENT,0.0,HEALTHY ZONE
2020-02-07,N05C,,0.0,0.59,2.5,2.5,3.31,5.08,10.81,11.07,0,1,REDUCE REPLENISHMENT,0.0,OVERSTOCKED
2020-02-08,N05C,,0.0,0.75,2.46,2.46,2.96,5.21,10.34,10.48,0,1,MAINTAIN REPLENISHMENT,0.0,PIPELINE IN-TRANSIT SUFFICIENT
2020-02-09,N05C,,0.0,0.66,2.28,2.28,2.81,4.79,9.65,9.73,0,1,MAINTAIN REPLENISHMENT,0.0,PIPELINE IN-TRANSIT SUFFICIENT
2020-02-10,N05C,,0.0,0.89,2.79,2.79,3.29,5.96,11.66,9.07,0,0,INCREASE REPLENISHMENT,3.0,PROACTIVE (Forward Shortfall)
2020-02-11,N05C,,0.0,0.74,2.83,2.83,3.62,5.84,12.11,8.18,0,0,INCREASE REPLENISHMENT,1.0,PROACTIVE (Forward Shortfall)
2020-02-12,N05C,,0.0,0.61,2.57,2.57,3.39,5.22,11.1,7.44,0,0,MAINTAIN REPLENISHMENT,0.0,PIPELINE IN-TRANSIT SUFFICIENT
2020-02-13,N05C,,0.0,0.61,2.52,2.52,3.31,5.14,10.87,9.83,0,0,INCREASE REPLENISHMENT,1.0,PROACTIVE (Forward Shortfall)
2020-02-14,N05C,,0.0,0.81,2.64,2.64,3.17,5.6,11.09,10.22,0,0,MAINTAIN REPLENISHMENT,0.0,HEALTHY ZONE
2020-02-15,N05C,,0.0,0.75,2.35,2.35,2.77,5.02,9.82,9.41,0,0,MAINTAIN REPLENISHMENT,0.0,PIPELINE IN-TRANSIT SUFFICIENT
2020-02-16,N05C,,0.0,0.88,2.24,2.24,2.36,5.0,9.08,9.66,0,1,MAINTAIN REPLENISHMENT,0.0,PIPELINE IN-TRANSIT SUFFICIENT
2020-02-17,N05C,,0.0,0.72,2.72,2.72,3.46,5.62,11.62,8.78,0,0,INCREASE REPLENISHMENT,3.0,PROACTIVE (Forward Shortfall)
2020-02-18,N05C,,0.0,0.61,2.69,2.69,3.6,5.43,11.67,8.06,0,0,INCREASE REPLENISHMENT,1.0,PROACTIVE (Forward Shortfall)
2020-02-19,N05C,,0.0,0.6,2.64,2.64,3.53,5.33,11.45,7.45,0,0,MAINTAIN REPLENISHMENT,0.0,PIPELINE IN-TRANSIT SUFFICIENT
2020-02-20,N05C,,0.0,0.8,2.65,2.65,3.2,5.6,11.15,9.85,0,0,INCREASE REPLENISHMENT,1.0,PROACTIVE (Forward Shortfall)
2020-02-21,N05C,,0.0,0.61,2.56,2.56,3.38,5.21,11.06,10.05,0,0,INCREASE REPLENISHMENT,1.0,PROACTIVE (Forward Shortfall)
2020-02-22,N05C,,0.0,0.69,2.53,2.53,3.19,5.26,10.78,9.44,0,0,MAINTAIN REPLENISHMENT,0.0,PIPELINE IN-TRANSIT SUFFICIENT
2020-02-23,N05C,,0.0,0.87,2.32,2.32,2.51,5.12,9.47,9.75,0,1,MAINTAIN REPLENISHMENT,0.0,PIPELINE IN-TRANSIT SUFFICIENT
2020-02-24,N05C,,0.0,0.62,2.68,2.68,3.57,5.43,11.61,9.88,0,0,INCREASE REPLENISHMENT,2.0,PROACTIVE (Forward Shortfall)
2020-02-25,N05C,,0.0,0.83,2.92,2.92,3.62,6.11,12.38,9.26,0,0,INCREASE REPLENISHMENT,2.0,PROACTIVE (Forward Shortfall)
2020-02-26,N05C,,0.0,0.81,2.77,2.77,3.39,5.82,11.7,8.43,0,0,MAINTAIN REPLENISHMENT,0.0,PIPELINE IN-TRANSIT SUFFICIENT
2020-02-27,N05C,,0.0,0.79,2.66,2.66,3.24,5.61,11.22,9.62,0,0,MAINTAIN REPLENISHMENT,0.0,PIPELINE IN-TRANSIT SUFFICIENT
2020-02-28,N05C,,0.0,0.62,2.49,2.49,3.24,5.1,10.71,10.83,0,1,MAINTAIN REPLENISHMENT,0.0,PIPELINE IN-TRANSIT SUFFICIENT
2020-02-29,N05C,,0.0,0.78,2.54,2.54,3.05,5.39,10.67,10.21,0,0,INCREASE REPLENISHMENT,1.0,PROACTIVE (Forward Shortfall)
2020-03-01,N05C,,0.0,0.68,2.69,2.69,3.48,5.52,11.55,9.43,0,0,INCREASE REPLENISHMENT,2.0,PROACTIVE (Forward Shortfall)
2020-03-02,N05C,,0.0,0.8,2.8,2.8,3.46,5.86,11.86,8.75,0,0,INCREASE REPLENISHMENT,1.0,PROACTIVE (Forward Shortfall)
2020-03-03,N05C,,0.0,0.82,2.83,2.83,3.48,5.94,11.97,8.95,0,0,INCREASE REPLENISHMENT,1.0,PROACTIVE (Forward Shortfall)
2020-03-04,N05C,,0.0,0.82,2.72,2.72,3.29,5.75,11.45,10.13,0,0,MAINTAIN REPLENISHMENT,0.0,PIPELINE IN-TRANSIT SUFFICIENT
2020-03-05,N05C,,0.0,0.62,2.53,2.53,3.31,5.17,10.9,10.31,0,0,MAINTAIN REPLENISHMENT,0.0,PIPELINE IN-TRANSIT SUFFICIENT
2020-03-06,N05C,,0.0,0.8,2.67,2.67,3.24,5.64,11.25,10.69,0,0,MAINTAIN REPLENISHMENT,0.0,HEALTHY ZONE
2020-03-07,N05C,,0.0,0.73,2.37,2.37,2.84,5.03,9.95,9.89,0,0,INCREASE REPLENISHMENT,1.0,PROACTIVE (Forward Shortfall)
2020-03-08,N05C,,0.0,0.69,2.29,2.29,2.77,4.84,9.64,9.16,0,0,MAINTAIN REPLENISHMENT,0.0,PIPELINE IN-TRANSIT SUFFICIENT
2020-03-09,N05C,,0.0,0.79,2.81,2.81,3.5,5.87,11.93,8.47,0,0,INCREASE REPLENISHMENT,3.0,PROACTIVE (Forward Shortfall)
2020-03-10,N05C,,0.0,0.78,2.85,2.85,3.59,5.93,12.14,8.68,0,0,INCREASE REPLENISHMENT,1.0,PROACTIVE (Forward Shortfall)
2020-03-11,N05C,,0.0,0.68,2.64,2.64,3.39,5.43,11.31,7.9,0,0,MAINTAIN REPLENISHMENT,0.0,PIPELINE IN-TRANSIT SUFFICIENT
2020-03-12,N05C,,0.0,0.77,2.69,2.69,3.33,5.64,11.4,10.22,0,0,INCREASE REPLENISHMENT,1.0,PROACTIVE (Forward Shortfall)
2020-03-13,N05C,,0.0,0.8,2.64,2.64,3.19,5.59,11.11,10.45,0,0,MAINTAIN REPLENISHMENT,0.0,HEALTHY ZONE
2020-03-14,N05C,,0.0,0.71,2.33,2.33,2.81,4.94,9.8,9.65,0,0,MAINTAIN REPLENISHMENT,0.0,PIPELINE IN-TRANSIT SUFFICIENT
2020-03-15,N05C,,0.0,0.69,2.13,2.13,2.49,4.56,8.88,9.94,0,1,MAINTAIN REPLENISHMENT,0.0,PIPELINE IN-TRANSIT SUFFICIENT
2020-03-16,N05C,,0.0,0.78,2.81,2.81,3.52,5.86,11.95,9.25,0,0,INCREASE REPLENISHMENT,3.0,PROACTIVE (Forward Shortfall)
2020-03-17,N05C,,0.0,0.62,2.76,2.76,3.71,5.57,11.99,8.47,0,0,INCREASE REPLENISHMENT,1.0,PROACTIVE (Forward Shortfall)
2020-03-18,N05C,,0.0,0.78,2.74,2.74,3.39,5.73,11.61,7.85,0,0,MAINTAIN REPLENISHMENT,0.0,PIPELINE IN-TRANSIT SUFFICIENT
2020-03-19,N05C,,0.0,0.76,2.65,2.65,3.27,5.55,11.22,10.07,0,0,INCREASE REPLENISHMENT,1.0,PROACTIVE (Forward Shortfall)
2020-03-20,N05C,,0.0,0.79,2.7,2.7,3.31,5.68,11.41,10.31,0,0,MAINTAIN REPLENISHMENT,0.0,HEALTHY ZONE
2020-03-21,N05C,,0.0,0.72,2.34,2.34,2.81,4.97,9.83,9.52,0,0,MAINTAIN REPLENISHMENT,0.0,PIPELINE IN-TRANSIT SUFFICIENT
2020-03-22,N05C,,0.0,0.87,2.17,2.17,2.25,4.86,8.76,9.8,0,1,MAINTAIN REPLENISHMENT,0.0,PIPELINE IN-TRANSIT SUFFICIENT
2020-03-23,N05C,,0.0,0.69,2.86,2.86,3.76,5.83,12.34,8.93,0,0,INCREASE REPLENISHMENT,4.0,PROACTIVE (Forward Shortfall)
2020-03-24,N05C,,0.0,0.63,2.75,2.75,3.67,5.56,11.92,8.24,0,0,MAINTAIN REPLENISHMENT,0.0,PIPELINE IN-TRANSIT SUFFICIENT
2020-03-25,N05C,,0.0,0.77,2.77,2.77,3.46,5.77,11.77,7.61,0,0,INCREASE REPLENISHMENT,1.0,PROACTIVE (Forward Shortfall)
2020-03-26,N05C,,0.0,0.77,2.68,2.68,3.31,5.62,11.35,10.84,0,0,MAINTAIN REPLENISHMENT,0.0,PIPELINE IN-TRANSIT SUFFICIENT
2020-03-27,N05C,,0.0,0.82,2.68,2.68,3.22,5.68,11.26,10.07,0,0,INCREASE REPLENISHMENT,1.0,PROACTIVE (Forward Shortfall)
2020-03-28,N05C,,0.0,0.78,2.42,2.42,2.84,5.18,10.1,10.25,0,1,MAINTAIN REPLENISHMENT,0.0,PIPELINE IN-TRANSIT SUFFICIENT
2020-03-29,N05C,,0.0,1.54,2.2,2.2,1.14,5.76,7.74,9.47,0,1,MAINTAIN REPLENISHMENT,0.0,PIPELINE IN-TRANSIT SUFFICIENT
2020-03-30,N05C,,0.01,1.22,2.41,2.4,2.06,5.72,9.29,8.93,0,0,INCREASE REPLENISHMENT,1.0,PROACTIVE (Forward Shortfall)
2020-03-31,N05C,,0.01,1.19,2.61,2.6,2.46,6.03,10.29,7.71,0,0,INCREASE REPLENISHMENT,2.0,PROACTIVE (Forward Shortfall)
2020-04-01,N05C,,0.04,1.17,2.5,2.46,2.3,5.81,9.8,6.52,0,0,INCREASE REPLENISHMENT,1.0,PROACTIVE (Forward Shortfall)
2020-04-02,N05C,,0.04,1.26,2.47,2.43,2.1,5.88,9.51,6.35,0,0,INCREASE REPLENISHMENT,1.0,PROACTIVE (Forward Shortfall)
2020-04-03,N05C,,0.04,0.61,2.32,2.28,2.96,4.79,9.92,7.09,0,0,INCREASE REPLENISHMENT,1.0,PROACTIVE (Forward Shortfall)
2020-04-04,N05C,,0.04,0.74,2.24,2.2,2.6,4.82,9.32,7.48,0,0,MAINTAIN REPLENISHMENT,0.0,PIPELINE IN-TRANSIT SUFFICIENT
2020-04-05,N05C,,0.03,0.63,2.08,2.05,2.51,4.4,8.75,7.74,0,0,INCREASE REPLENISHMENT,1.0,PROACTIVE (Forward Shortfall)
2020-04-06,N05C,,0.03,0.57,2.35,2.32,3.08,4.79,10.13,8.11,0,0,INCREASE REPLENISHMENT,2.0,PROACTIVE (Forward Shortfall)
2020-04-07,N05C,,0.0,0.54,2.41,2.41,3.24,4.86,10.47,7.54,0,0,MAINTAIN REPLENISHMENT,0.0,PIPELINE IN-TRANSIT SUFFICIENT
2020-04-08,N05C,,0.0,0.54,2.29,2.29,3.03,4.65,9.9,8.0,0,0,MAINTAIN REPLENISHMENT,0.0,PIPELINE IN-TRANSIT SUFFICIENT
2020-04-09,N05C,,0.0,0.54,2.25,2.25,2.96,4.58,9.71,9.46,0,0,MAINTAIN REPLENISHMENT,0.0,HEALTHY ZONE
2020-04-10,N05C,,0.0,0.62,2.34,2.34,2.98,4.84,10.0,8.92,0,0,MAINTAIN REPLENISHMENT,0.0,HEALTHY ZONE
2020-04-11,N05C,,0.0,0.6,2.1,2.1,2.6,4.4,8.9,8.3,0,0,INCREASE REPLENISHMENT,1.0,PROACTIVE (Forward Shortfall)
2020-04-12,N05C,,0.0,0.63,1.82,1.82,2.06,3.95,7.52,7.7,0,1,MAINTAIN REPLENISHMENT,0.0,PIPELINE IN-TRANSIT SUFFICIENT
2020-04-13,N05C,,0.0,0.57,2.27,2.27,2.94,4.65,9.75,7.07,0,0,INCREASE REPLENISHMENT,2.0,PROACTIVE (Forward Shortfall)
2020-04-14,N05C,,0.0,0.61,2.35,2.35,3.01,4.84,10.06,7.5,0,0,INCREASE REPLENISHMENT,1.0,PROACTIVE (Forward Shortfall)
2020-04-15,N05C,,0.0,0.61,2.3,2.3,2.93,4.76,9.83,6.89,0,0,MAINTAIN REPLENISHMENT,0.0,PIPELINE IN-TRANSIT SUFFICIENT
2020-04-16,N05C,,0.0,0.59,2.29,2.29,2.94,4.71,9.81,8.28,0,0,INCREASE REPLENISHMENT,1.0,PROACTIVE (Forward Shortfall)
2020-04-17,N05C,,0.0,0.61,2.23,2.23,2.81,4.64,9.5,8.69,0,0,MAINTAIN REPLENISHMENT,0.0,HEALTHY ZONE
2020-04-18,N05C,,0.0,0.6,2.1,2.1,2.6,4.4,8.9,8.08,0,0,MAINTAIN REPLENISHMENT,0.0,PIPELINE IN-TRANSIT SUFFICIENT
2020-04-19,N05C,,0.0,0.66,1.77,1.77,1.92,3.9,7.23,8.48,0,1,MAINTAIN REPLENISHMENT,0.0,PIPELINE IN-TRANSIT SUFFICIENT
2020-04-20,N05C,,0.0,0.59,2.33,2.33,3.01,4.78,10.0,7.82,0,0,INCREASE REPLENISHMENT,3.0,PROACTIVE (Forward Shortfall)
2020-04-21,N05C,,0.0,0.59,2.43,2.43,3.19,4.96,10.48,7.23,0,0,INCREASE REPLENISHMENT,1.0,PROACTIVE (Forward Shortfall)
2020-04-22,N05C,,0.0,0.59,2.29,2.29,2.94,4.71,9.81,6.64,0,0,MAINTAIN REPLENISHMENT,0.0,PIPELINE IN-TRANSIT SUFFICIENT
2020-04-23,N05C,,0.0,0.58,2.26,2.26,2.91,4.65,9.69,9.05,0,0,MAINTAIN REPLENISHMENT,0.0,PIPELINE IN-TRANSIT SUFFICIENT
2020-04-24,N05C,,0.0,0.59,2.22,2.22,2.82,4.59,9.48,9.47,0,0,MAINTAIN REPLENISHMENT,0.0,HEALTHY ZONE
2020-04-25,N05C,,0.0,0.62,2.17,2.17,2.68,4.54,9.19,8.88,0,0,INCREASE REPLENISHMENT,1.0,PROACTIVE (Forward Shortfall)
2020-04-26,N05C,,0.0,0.65,1.77,1.77,1.94,3.89,7.25,8.26,0,1,MAINTAIN REPLENISHMENT,0.0,PIPELINE IN-TRANSIT SUFFICIENT
2020-04-27,N05C,,0.0,0.6,2.55,2.55,3.38,5.18,11.03,7.61,0,0,INCREASE REPLENISHMENT,3.0,PROACTIVE (Forward Shortfall)
2020-04-28,N05C,,0.0,0.6,2.62,2.62,3.5,5.3,11.36,8.01,0,0,INCREASE REPLENISHMENT,1.0,PROACTIVE (Forward Shortfall)
2020-04-29,N05C,,0.0,0.58,2.51,2.51,3.34,5.08,10.87,7.41,0,0,MAINTAIN REPLENISHMENT,0.0,PIPELINE IN-TRANSIT SUFFICIENT
2020-04-30,N05C,,0.0,0.58,2.49,2.49,3.31,5.05,10.78,9.83,0,0,MAINTAIN REPLENISHMENT,0.0,PIPELINE IN-TRANSIT SUFFICIENT
2020-05-01,N05C,,0.0,0.58,2.44,2.44,3.22,4.96,10.54,10.25,0,0,MAINTAIN REPLENISHMENT,0.0,HEALTHY ZONE
2020-05-02,N05C,,0.0,0.62,2.38,2.38,3.05,4.91,10.19,9.67,0,0,MAINTAIN REPLENISHMENT,0.0,HEALTHY ZONE
2020-05-03,N05C,,0.0,0.65,1.64,1.64,1.71,3.66,6.63,9.05,0,1,MAINTAIN REPLENISHMENT,0.0,PIPELINE IN-TRANSIT SUFFICIENT
2020-05-04,N05C,,0.0,0.59,2.55,2.55,3.39,5.16,11.04,8.4,0,0,INCREASE REPLENISHMENT,3.0,PROACTIVE (Forward Shortfall)
2020-05-05,N05C,,0.0,0.59,2.62,2.62,3.52,5.29,11.38,7.81,0,0,INCREASE REPLENISHMENT,1.0,PROACTIVE (Forward Shortfall)
2020-05-06,N05C,,0.0,0.58,2.51,2.51,3.34,5.08,10.87,7.22,0,0,MAINTAIN REPLENISHMENT,0.0,PIPELINE IN-TRANSIT SUFFICIENT
2020-05-07,N05C,,0.0,0.57,2.46,2.46,3.27,4.98,10.65,9.64,0,0,INCREASE REPLENISHMENT,1.0,PROACTIVE (Forward Shortfall)
2020-05-08,N05C,,0.0,0.58,2.45,2.45,3.24,4.98,10.59,10.07,0,0,MAINTAIN REPLENISHMENT,0.0,HEALTHY ZONE
2020-05-09,N05C,,0.0,0.61,2.38,2.38,3.07,4.9,10.21,9.49,0,0,MAINTAIN REPLENISHMENT,0.0,HEALTHY ZONE
2020-05-10,N05C,,0.0,0.65,1.68,1.68,1.78,3.73,6.82,9.88,0,1,MAINTAIN REPLENISHMENT,0.0,PIPELINE IN-TRANSIT SUFFICIENT
2020-05-11,N05C,,0.0,0.59,2.54,2.54,3.38,5.15,11.0,9.23,0,0,INCREASE REPLENISHMENT,2.0,PROACTIVE (Forward Shortfall)
2020-05-12,N05C,,0.0,0.59,2.62,2.62,3.52,5.29,11.38,8.64,0,0,INCREASE REPLENISHMENT,1.0,PROACTIVE (Forward Shortfall)
2020-05-13,N05C,,0.0,0.58,2.48,2.48,3.29,5.03,10.73,8.05,0,0,MAINTAIN REPLENISHMENT,0.0,PIPELINE IN-TRANSIT SUFFICIENT
2020-05-14,N05C,,0.0,0.57,2.46,2.46,3.27,4.98,10.65,9.47,0,0,INCREASE REPLENISHMENT,1.0,PROACTIVE (Forward Shortfall)
2020-05-15,N05C,,0.0,0.58,2.42,2.42,3.19,4.93,10.45,9.9,0,0,MAINTAIN REPLENISHMENT,0.0,HEALTHY ZONE
2020-05-16,N05C,,0.0,0.63,2.38,2.38,3.03,4.92,10.17,9.32,0,0,MAINTAIN REPLENISHMENT,0.0,HEALTHY ZONE
2020-05-17,N05C,,0.0,0.67,1.64,1.64,1.68,3.69,6.6,9.69,0,1,MAINTAIN REPLENISHMENT,0.0,PIPELINE IN-TRANSIT SUFFICIENT
2020-05-18,N05C,,0.0,0.6,2.59,2.59,3.45,5.25,11.22,9.02,0,0,INCREASE REPLENISHMENT,3.0,PROACTIVE (Forward Shortfall)
2020-05-19,N05C,,0.0,0.6,2.64,2.64,3.53,5.33,11.45,8.42,0,0,INCREASE REPLENISHMENT,1.0,PROACTIVE (Forward Shortfall)
2020-05-20,N05C,,0.0,0.58,2.41,2.41,3.17,4.91,10.4,7.82,0,0,MAINTAIN REPLENISHMENT,0.0,PIPELINE IN-TRANSIT SUFFICIENT
2020-05-21,N05C,,0.0,0.58,2.39,2.39,3.14,4.88,10.31,10.24,0,0,MAINTAIN REPLENISHMENT,0.0,HEALTHY ZONE
2020-05-22,N05C,,0.0,0.57,2.32,2.32,3.03,4.74,9.99,10.66,0,1,REDUCE REPLENISHMENT,0.0,OVERSTOCKED
2020-05-23,N05C,,0.0,0.62,2.36,2.36,3.01,4.87,10.09,10.09,0,1,REDUCE REPLENISHMENT,0.0,OVERSTOCKED
2020-05-24,N05C,,0.0,0.73,1.63,1.63,1.56,3.75,6.45,9.47,0,1,MAINTAIN REPLENISHMENT,0.0,PIPELINE IN-TRANSIT SUFFICIENT
2020-05-25,N05C,,0.0,0.59,2.45,2.45,3.22,4.99,10.57,8.74,0,0,INCREASE REPLENISHMENT,2.0,PROACTIVE (Forward Shortfall)
2020-05-26,N05C,,0.0,0.58,2.51,2.51,3.34,5.08,10.87,8.15,0,0,INCREASE REPLENISHMENT,1.0,PROACTIVE (Forward Shortfall)
2020-05-27,N05C,,0.0,0.61,2.45,2.45,3.19,5.02,10.54,7.57,0,0,MAINTAIN REPLENISHMENT,0.0,PIPELINE IN-TRANSIT SUFFICIENT
2020-05-28,N05C,,0.0,0.57,2.52,2.52,3.38,5.09,10.94,8.96,0,0,INCREASE REPLENISHMENT,1.0,PROACTIVE (Forward Shortfall)
2020-05-29,N05C,,0.0,0.59,2.5,2.5,3.31,5.08,10.81,9.39,0,0,MAINTAIN REPLENISHMENT,0.0,HEALTHY ZONE
2020-05-30,N05C,,0.0,0.62,2.49,2.49,3.24,5.1,10.71,8.8,0,0,INCREASE REPLENISHMENT,1.0,PROACTIVE (Forward Shortfall)
2020-05-31,N05C,,0.0,0.81,1.77,1.77,1.66,4.09,6.97,9.18,0,1,MAINTAIN REPLENISHMENT,0.0,PIPELINE IN-TRANSIT SUFFICIENT
2020-06-01,N05C,,0.0,0.59,2.85,2.85,3.91,5.68,12.46,8.37,0,0,INCREASE REPLENISHMENT,4.0,PROACTIVE (Forward Shortfall)
2020-06-02,N05C,,0.0,0.62,2.72,2.72,3.64,5.5,11.8,8.78,0,0,MAINTAIN REPLENISHMENT,0.0,PIPELINE IN-TRANSIT SUFFICIENT
2020-06-03,N05C,,0.0,0.58,2.37,2.37,3.1,4.84,10.21,8.16,0,0,MAINTAIN REPLENISHMENT,0.0,PIPELINE IN-TRANSIT SUFFICIENT
2020-06-04,N05C,,0.01,0.57,2.38,2.37,3.14,4.85,10.28,11.58,0,1,REDUCE REPLENISHMENT,0.0,OVERSTOCKED
2020-06-05,N05C,,0.01,0.58,2.39,2.38,3.14,4.88,10.31,11.01,0,1,REDUCE REPLENISHMENT,0.0,OVERSTOCKED
2020-06-06,N05C,,0.01,0.55,2.33,2.32,3.08,4.73,10.07,10.43,0,1,REDUCE REPLENISHMENT,0.0,OVERSTOCKED
2020-06-07,N05C,,0.01,0.65,1.63,1.62,1.7,3.65,6.59,9.88,0,1,REDUCE REPLENISHMENT,0.0,OVERSTOCKED
2020-06-08,N05C,,0.01,0.59,2.39,2.38,3.12,4.89,10.29,9.23,0,0,INCREASE REPLENISHMENT,2.0,PROACTIVE (Forward Shortfall)
2020-06-09,N05C,,0.01,0.58,2.36,2.35,3.08,4.82,10.16,8.64,0,0,MAINTAIN REPLENISHMENT,0.0,PIPELINE IN-TRANSIT SUFFICIENT
2020-06-10,N05C,,0.01,0.57,2.23,2.22,2.88,4.59,9.57,8.06,0,0,MAINTAIN REPLENISHMENT,0.0,PIPELINE IN-TRANSIT SUFFICIENT
2020-06-11,N05C,,0.01,0.57,2.31,2.3,3.01,4.72,9.94,9.49,0,0,INCREASE REPLENISHMENT,1.0,PROACTIVE (Forward Shortfall)
2020-06-12,N05C,,0.01,0.58,2.34,2.33,3.05,4.79,10.07,8.92,0,0,MAINTAIN REPLENISHMENT,0.0,HEALTHY ZONE
2020-06-13,N05C,,0.01,0.51,2.35,2.34,3.19,4.72,10.24,8.34,0,0,MAINTAIN REPLENISHMENT,0.0,HEALTHY ZONE
2020-06-14,N05C,,0.01,0.42,1.59,1.58,2.03,3.29,6.8,8.83,0,1,MAINTAIN REPLENISHMENT,0.0,PIPELINE IN-TRANSIT SUFFICIENT
2020-06-15,N05C,,0.01,0.61,2.27,2.26,2.88,4.71,9.69,8.41,0,0,INCREASE REPLENISHMENT,2.0,PROACTIVE (Forward Shortfall)
2020-06-16,N05C,,0.01,0.58,2.25,2.24,2.89,4.63,9.64,7.8,0,0,MAINTAIN REPLENISHMENT,0.0,PIPELINE IN-TRANSIT SUFFICIENT
2020-06-17,N05C,,0.01,0.57,2.16,2.15,2.75,4.46,9.23,7.22,0,0,INCREASE REPLENISHMENT,1.0,PROACTIVE (Forward Shortfall)
2020-06-18,N05C,,0.01,0.59,2.21,2.2,2.81,4.58,9.44,8.65,0,0,MAINTAIN REPLENISHMENT,0.0,PIPELINE IN-TRANSIT SUFFICIENT
2020-06-19,N05C,,0.01,0.61,2.71,2.7,3.64,5.47,11.77,8.06,0,0,INCREASE REPLENISHMENT,3.0,PROACTIVE (Forward Shortfall)
2020-06-20,N05C,,0.01,0.59,2.5,2.49,3.31,5.08,10.81,8.45,0,0,MAINTAIN REPLENISHMENT,0.0,PIPELINE IN-TRANSIT SUFFICIENT
2020-06-21,N05C,,0.01,0.38,1.7,1.69,2.29,3.43,7.39,7.86,0,1,MAINTAIN REPLENISHMENT,0.0,PIPELINE IN-TRANSIT SUFFICIENT
2020-06-22,N05C,,0.01,0.61,2.52,2.51,3.31,5.14,10.87,10.48,0,0,MAINTAIN REPLENISHMENT,0.0,HEALTHY ZONE
2020-06-23,N05C,,0.01,0.6,2.45,2.44,3.2,5.0,10.55,9.87,0,0,MAINTAIN REPLENISHMENT,0.0,HEALTHY ZONE
2020-06-24,N05C,,0.01,0.59,2.32,2.31,3.0,4.77,9.96,9.27,0,0,INCREASE REPLENISHMENT,1.0,PROACTIVE (Forward Shortfall)
2020-06-25,N05C,,0.01,0.59,2.37,2.36,3.08,4.85,10.19,8.68,0,0,INCREASE REPLENISHMENT,1.0,PROACTIVE (Forward Shortfall)
2020-06-26,N05C,,0.01,0.59,2.38,2.37,3.1,4.87,10.24,8.09,0,0,INCREASE REPLENISHMENT,1.0,PROACTIVE (Forward Shortfall)
2020-06-27,N05C,,0.01,0.54,2.41,2.4,3.24,4.86,10.47,8.5,0,0,MAINTAIN REPLENISHMENT,0.0,HEALTHY ZONE
2020-06-28,N05C,,0.01,0.4,1.68,1.67,2.22,3.42,7.26,8.96,0,1,MAINTAIN REPLENISHMENT,0.0,PIPELINE IN-TRANSIT SUFFICIENT
2020-06-29,N05C,,0.01,0.61,2.42,2.41,3.14,4.97,10.4,9.56,0,0,INCREASE REPLENISHMENT,1.0,PROACTIVE (Forward Shortfall)
2020-06-30,N05C,,0.01,0.61,2.4,2.39,3.1,4.93,10.3,8.95,0,0,INCREASE REPLENISHMENT,1.0,PROACTIVE (Forward Shortfall)
2020-07-01,N05C,,0.01,0.6,2.28,2.27,2.91,4.71,9.75,8.34,0,0,MAINTAIN REPLENISHMENT,0.0,PIPELINE IN-TRANSIT SUFFICIENT
2020-07-02,N05C,,0.01,0.63,2.35,2.34,2.98,4.87,10.03,8.74,0,0,INCREASE REPLENISHMENT,1.0,PROACTIVE (Forward Shortfall)
2020-07-03,N05C,,0.01,0.59,2.37,2.36,3.08,4.85,10.19,9.11,0,0,MAINTAIN REPLENISHMENT,0.0,HEALTHY ZONE
2020-07-04,N05C,,0.01,0.51,2.45,2.44,3.36,4.89,10.71,8.52,0,0,MAINTAIN REPLENISHMENT,0.0,HEALTHY ZONE
2020-07-05,N05C,,0.01,0.38,1.62,1.61,2.15,3.29,7.01,9.01,0,1,MAINTAIN REPLENISHMENT,0.0,PIPELINE IN-TRANSIT SUFFICIENT
2020-07-06,N05C,,0.01,0.61,2.39,2.38,3.08,4.91,10.25,8.63,0,0,INCREASE REPLENISHMENT,2.0,PROACTIVE (Forward Shortfall)
2020-07-07,N05C,,0.01,0.61,2.36,2.35,3.03,4.86,10.11,8.02,0,0,INCREASE REPLENISHMENT,1.0,PROACTIVE (Forward Shortfall)
2020-07-08,N05C,,0.01,0.64,2.26,2.25,2.81,4.73,9.59,7.41,0,0,MAINTAIN REPLENISHMENT,0.0,PIPELINE IN-TRANSIT SUFFICIENT
2020-07-09,N05C,,0.01,0.59,2.3,2.29,2.96,4.73,9.86,8.77,0,0,INCREASE REPLENISHMENT,1.0,PROACTIVE (Forward Shortfall)
2020-07-10,N05C,,0.01,0.59,2.32,2.31,3.0,4.77,9.96,9.18,0,0,MAINTAIN REPLENISHMENT,0.0,HEALTHY ZONE
2020-07-11,N05C,,0.01,0.51,2.36,2.35,3.2,4.73,10.28,8.59,0,0,MAINTAIN REPLENISHMENT,0.0,HEALTHY ZONE
2020-07-12,N05C,,0.01,0.4,1.71,1.7,2.27,3.47,7.4,9.08,0,1,REDUCE REPLENISHMENT,0.0,OVERSTOCKED
2020-07-13,N05C,,0.01,0.61,2.17,2.16,2.7,4.53,9.21,8.68,0,0,MAINTAIN REPLENISHMENT,0.0,HEALTHY ZONE
2020-07-14,N05C,,0.01,0.6,2.14,2.13,2.67,4.47,9.09,8.07,0,0,INCREASE REPLENISHMENT,2.0,PROACTIVE (Forward Shortfall)
2020-07-15,N05C,,0.01,0.59,1.99,1.98,2.42,4.19,8.39,7.47,0,0,MAINTAIN REPLENISHMENT,0.0,PIPELINE IN-TRANSIT SUFFICIENT
2020-07-16,N05C,,0.01,0.62,2.05,2.04,2.48,4.34,8.63,6.88,0,0,MAINTAIN REPLENISHMENT,0.0,PIPELINE IN-TRANSIT SUFFICIENT
2020-07-17,N05C,,0.01,0.58,2.07,2.06,2.58,4.32,8.79,8.26,0,0,MAINTAIN REPLENISHMENT,0.0,HEALTHY ZONE
2020-07-18,N05C,,0.01,0.5,2.16,2.15,2.88,4.38,9.36,7.68,0,0,MAINTAIN REPLENISHMENT,0.0,HEALTHY ZONE
2020-07-19,N05C,,0.01,0.37,1.55,1.54,2.04,3.15,6.69,7.18,0,1,MAINTAIN REPLENISHMENT,0.0,PIPELINE IN-TRANSIT SUFFICIENT
2020-07-20,N05C,,0.01,0.6,2.11,2.1,2.62,4.42,8.95,6.81,0,0,INCREASE REPLENISHMENT,3.0,PROACTIVE (Forward Shortfall)
2020-07-21,N05C,,0.01,0.59,2.15,2.14,2.7,4.47,9.15,6.21,0,0,MAINTAIN REPLENISHMENT,0.0,PIPELINE IN-TRANSIT SUFFICIENT
2020-07-22,N05C,,0.01,0.57,2.02,2.01,2.51,4.22,8.57,5.62,0,0,MAINTAIN REPLENISHMENT,0.0,PIPELINE IN-TRANSIT SUFFICIENT
2020-07-23,N05C,,0.01,0.56,2.08,2.07,2.63,4.31,8.87,8.05,0,0,INCREASE REPLENISHMENT,1.0,PROACTIVE (Forward Shortfall)
2020-07-24,N05C,,0.01,0.56,2.09,2.08,2.65,4.33,8.92,7.49,0,0,INCREASE REPLENISHMENT,1.0,PROACTIVE (Forward Shortfall)
2020-07-25,N05C,,0.01,0.54,2.28,2.27,3.01,4.63,9.85,6.93,0,0,INCREASE REPLENISHMENT,1.0,PROACTIVE (Forward Shortfall)
2020-07-26,N05C,,0.01,0.61,1.67,1.66,1.84,3.67,6.85,7.39,0,1,MAINTAIN REPLENISHMENT,0.0,PIPELINE IN-TRANSIT SUFFICIENT
2020-07-27,N05C,,0.01,0.58,2.24,2.23,2.88,4.62,9.6,7.78,0,0,INCREASE REPLENISHMENT,1.0,PROACTIVE (Forward Shortfall)
2020-07-28,N05C,,0.01,0.58,2.21,2.2,2.82,4.56,9.45,8.2,0,0,INCREASE REPLENISHMENT,1.0,PROACTIVE (Forward Shortfall)
2020-07-29,N05C,,0.01,0.57,2.1,2.09,2.65,4.36,8.95,7.62,0,0,MAINTAIN REPLENISHMENT,0.0,PIPELINE IN-TRANSIT SUFFICIENT
2020-07-30,N05C,,0.01,0.56,2.14,2.13,2.74,4.42,9.16,8.05,0,0,INCREASE REPLENISHMENT,1.0,PROACTIVE (Forward Shortfall)
2020-07-31,N05C,,0.01,0.56,2.15,2.14,2.75,4.43,9.2,8.49,0,0,MAINTAIN REPLENISHMENT,0.0,PIPELINE IN-TRANSIT SUFFICIENT
2020-08-01,N05C,,0.01,0.54,2.49,2.48,3.38,5.0,10.85,7.93,0,0,INCREASE REPLENISHMENT,2.0,PROACTIVE (Forward Shortfall)
2020-08-02,N05C,,0.01,0.65,1.81,1.8,2.01,3.96,7.44,8.39,0,1,REDUCE REPLENISHMENT,0.0,OVERSTOCKED
2020-08-03,N05C,,0.01,0.58,1.99,1.98,2.44,4.18,8.41,7.74,0,0,MAINTAIN REPLENISHMENT,0.0,PIPELINE IN-TRANSIT SUFFICIENT
2020-08-04,N05C,,0.01,0.58,1.98,1.97,2.42,4.16,8.36,9.16,0,1,REDUCE REPLENISHMENT,0.0,OVERSTOCKED
2020-08-05,N05C,,0.01,0.57,1.86,1.85,2.23,3.94,7.81,8.58,0,1,REDUCE REPLENISHMENT,0.0,OVERSTOCKED
2020-08-06,N05C,,0.01,0.56,1.94,1.93,2.39,4.07,8.21,8.01,0,0,INCREASE REPLENISHMENT,1.0,PROACTIVE (Forward Shortfall)
2020-08-07,N05C,,0.01,0.56,1.94,1.93,2.39,4.07,8.21,7.45,0,0,MAINTAIN REPLENISHMENT,0.0,PIPELINE IN-TRANSIT SUFFICIENT
2020-08-08,N05C,,0.01,0.62,2.21,2.2,2.75,4.61,9.38,6.89,0,0,INCREASE REPLENISHMENT,2.0,PROACTIVE (Forward Shortfall)
2020-08-09,N05C,,0.01,0.78,1.88,1.87,1.91,4.25,7.55,7.27,0,0,MAINTAIN REPLENISHMENT,0.0,PIPELINE IN-TRANSIT SUFFICIENT
2020-08-10,N05C,,0.01,0.58,2.13,2.12,2.68,4.42,9.07,6.49,0,0,INCREASE REPLENISHMENT,1.0,PROACTIVE (Forward Shortfall)
2020-08-11,N05C,,0.01,0.62,2.1,2.09,2.56,4.42,8.86,7.91,0,0,MAINTAIN REPLENISHMENT,0.0,PIPELINE IN-TRANSIT SUFFICIENT
2020-08-12,N05C,,0.01,0.58,2.15,2.14,2.72,4.46,9.17,7.29,0,0,INCREASE REPLENISHMENT,1.0,PROACTIVE (Forward Shortfall)
2020-08-13,N05C,,0.01,0.58,2.22,2.21,2.84,4.58,9.5,7.71,0,0,INCREASE REPLENISHMENT,1.0,PROACTIVE (Forward Shortfall)
2020-08-14,N05C,,0.01,0.58,2.24,2.23,2.88,4.62,9.6,7.13,0,0,INCREASE REPLENISHMENT,1.0,PROACTIVE (Forward Shortfall)
2020-08-15,N05C,,0.01,0.64,2.34,2.33,2.94,4.86,9.96,7.55,0,0,INCREASE REPLENISHMENT,1.0,PROACTIVE (Forward Shortfall)
2020-08-16,N05C,,0.01,0.6,1.83,1.82,2.13,3.93,7.62,7.91,0,1,MAINTAIN REPLENISHMENT,0.0,PIPELINE IN-TRANSIT SUFFICIENT
2020-08-17,N05C,,0.01,0.56,2.29,2.28,3.0,4.68,9.87,8.31,0,0,INCREASE REPLENISHMENT,1.0,PROACTIVE (Forward Shortfall)
2020-08-18,N05C,,0.01,0.58,2.27,2.26,2.93,4.67,9.74,8.75,0,0,MAINTAIN REPLENISHMENT,0.0,PIPELINE IN-TRANSIT SUFFICIENT
2020-08-19,N05C,,0.01,0.57,2.14,2.13,2.72,4.43,9.14,8.17,0,0,MAINTAIN REPLENISHMENT,0.0,PIPELINE IN-TRANSIT SUFFICIENT
2020-08-20,N05C,,0.01,0.57,2.21,2.2,2.84,4.55,9.47,8.6,0,0,INCREASE REPLENISHMENT,1.0,PROACTIVE (Forward Shortfall)
2020-08-21,N05C,,0.01,0.57,2.24,2.23,2.89,4.6,9.61,8.03,0,0,INCREASE REPLENISHMENT,1.0,PROACTIVE (Forward Shortfall)
2020-08-22,N05C,,0.01,0.6,2.28,2.27,2.91,4.71,9.75,7.46,0,0,INCREASE REPLENISHMENT,1.0,PROACTIVE (Forward Shortfall)
2020-08-23,N05C,,0.01,0.59,1.81,1.8,2.11,3.88,7.54,7.86,0,1,MAINTAIN REPLENISHMENT,0.0,PIPELINE IN-TRANSIT SUFFICIENT
2020-08-24,N05C,,0.01,0.55,2.2,2.19,2.86,4.51,9.46,8.27,0,0,INCREASE REPLENISHMENT,1.0,PROACTIVE (Forward Shortfall)
2020-08-25,N05C,,0.01,0.55,2.19,2.18,2.84,4.49,9.41,8.72,0,0,MAINTAIN REPLENISHMENT,0.0,HEALTHY ZONE
2020-08-26,N05C,,0.01,0.59,2.06,2.05,2.55,4.32,8.73,8.17,0,0,MAINTAIN REPLENISHMENT,0.0,PIPELINE IN-TRANSIT SUFFICIENT
2020-08-27,N05C,,0.01,0.58,2.11,2.1,2.65,4.39,8.98,8.58,0,0,INCREASE REPLENISHMENT,1.0,PROACTIVE (Forward Shortfall)
2020-08-28,N05C,,0.01,0.58,2.11,2.1,2.65,4.39,8.98,8.0,0,0,MAINTAIN REPLENISHMENT,0.0,PIPELINE IN-TRANSIT SUFFICIENT
2020-08-29,N05C,,0.01,0.62,2.25,2.24,2.82,4.68,9.57,7.42,0,0,INCREASE REPLENISHMENT,2.0,PROACTIVE (Forward Shortfall)
2020-08-30,N05C,,0.01,0.59,1.69,1.68,1.91,3.68,6.98,7.8,0,1,MAINTAIN REPLENISHMENT,0.0,PIPELINE IN-TRANSIT SUFFICIENT
2020-08-31,N05C,,0.01,0.58,2.19,2.18,2.79,4.53,9.36,7.21,0,0,INCREASE REPLENISHMENT,1.0,PROACTIVE (Forward Shortfall)
2020-09-01,N05C,,0.01,0.58,2.27,2.26,2.93,4.67,9.74,8.63,0,0,INCREASE REPLENISHMENT,1.0,PROACTIVE (Forward Shortfall)
2020-09-02,N05C,,0.01,0.57,2.15,2.14,2.74,4.45,9.19,8.05,0,0,MAINTAIN REPLENISHMENT,0.0,PIPELINE IN-TRANSIT SUFFICIENT
2020-09-03,N05C,,0.01,0.57,2.22,2.21,2.86,4.57,9.52,8.48,0,0,INCREASE REPLENISHMENT,1.0,PROACTIVE (Forward Shortfall)
2020-09-04,N05C,,0.01,0.62,2.21,2.2,2.75,4.61,9.38,8.91,0,0,MAINTAIN REPLENISHMENT,0.0,HEALTHY ZONE
2020-09-05,N05C,,0.01,0.61,2.33,2.32,2.98,4.81,9.97,8.29,0,0,INCREASE REPLENISHMENT,1.0,PROACTIVE (Forward Shortfall)
2020-09-06,N05C,,0.01,0.59,1.69,1.68,1.91,3.68,6.98,8.68,0,1,MAINTAIN REPLENISHMENT,0.0,PIPELINE IN-TRANSIT SUFFICIENT
2020-09-07,N05C,,0.01,0.58,2.33,2.32,3.03,4.77,10.02,8.09,0,0,INCREASE REPLENISHMENT,1.0,PROACTIVE (Forward Shortfall)
2020-09-08,N05C,,0.01,0.58,2.34,2.33,3.05,4.79,10.07,8.51,0,0,INCREASE REPLENISHMENT,1.0,PROACTIVE (Forward Shortfall)
2020-09-09,N05C,,0.01,0.57,2.22,2.21,2.86,4.57,9.52,7.93,0,0,MAINTAIN REPLENISHMENT,0.0,PIPELINE IN-TRANSIT SUFFICIENT
2020-09-10,N05C,,0.01,0.57,2.26,2.25,2.93,4.64,9.71,8.36,0,0,INCREASE REPLENISHMENT,1.0,PROACTIVE (Forward Shortfall)
2020-09-11,N05C,,0.01,0.6,2.29,2.28,2.93,4.73,9.8,8.79,0,0,INCREASE REPLENISHMENT,1.0,PROACTIVE (Forward Shortfall)
2020-09-12,N05C,,0.01,0.62,2.29,2.28,2.89,4.75,9.76,8.19,0,0,MAINTAIN REPLENISHMENT,0.0,PIPELINE IN-TRANSIT SUFFICIENT
2020-09-13,N05C,,0.01,0.7,1.88,1.87,2.04,4.14,7.68,8.57,0,1,MAINTAIN REPLENISHMENT,0.0,PIPELINE IN-TRANSIT SUFFICIENT
2020-09-14,N05C,,0.01,0.56,2.36,2.35,3.12,4.8,10.2,8.87,0,0,INCREASE REPLENISHMENT,2.0,PROACTIVE (Forward Shortfall)
2020-09-15,N05C,,0.01,0.6,2.36,2.35,3.05,4.85,10.13,8.31,0,0,MAINTAIN REPLENISHMENT,0.0,PIPELINE IN-TRANSIT SUFFICIENT
2020-09-16,N05C,,0.01,0.56,2.21,2.2,2.86,4.54,9.49,7.71,0,0,MAINTAIN REPLENISHMENT,0.0,PIPELINE IN-TRANSIT SUFFICIENT
2020-09-17,N05C,,0.01,0.55,2.26,2.25,2.96,4.61,9.74,9.15,0,0,INCREASE REPLENISHMENT,1.0,PROACTIVE (Forward Shortfall)
2020-09-18,N05C,,0.01,0.58,2.28,2.27,2.94,4.68,9.78,8.6,0,0,MAINTAIN REPLENISHMENT,0.0,HEALTHY ZONE
2020-09-19,N05C,,0.01,0.62,2.29,2.28,2.89,4.75,9.76,8.02,0,0,INCREASE REPLENISHMENT,1.0,PROACTIVE (Forward Shortfall)
2020-09-20,N05C,,0.01,0.58,1.78,1.77,2.08,3.82,7.42,8.4,0,1,MAINTAIN REPLENISHMENT,0.0,PIPELINE IN-TRANSIT SUFFICIENT
2020-09-21,N05C,,0.01,0.55,2.34,2.33,3.1,4.75,10.12,7.82,0,0,INCREASE REPLENISHMENT,2.0,PROACTIVE (Forward Shortfall)
2020-09-22,N05C,,0.01,0.57,2.33,2.32,3.05,4.76,10.04,8.27,0,0,MAINTAIN REPLENISHMENT,0.0,PIPELINE IN-TRANSIT SUFFICIENT
2020-09-23,N05C,,0.01,0.56,2.2,2.19,2.84,4.52,9.44,7.7,0,0,MAINTAIN REPLENISHMENT,0.0,PIPELINE IN-TRANSIT SUFFICIENT
2020-09-24,N05C,,0.01,0.56,2.27,2.26,2.96,4.64,9.77,9.14,0,0,INCREASE REPLENISHMENT,1.0,PROACTIVE (Forward Shortfall)
2020-09-25,N05C,,0.01,0.6,2.24,2.23,2.84,4.64,9.56,8.58,0,0,MAINTAIN REPLENISHMENT,0.0,HEALTHY ZONE
2020-09-26,N05C,,0.01,0.64,2.22,2.21,2.74,4.66,9.4,7.98,0,0,INCREASE REPLENISHMENT,1.0,PROACTIVE (Forward Shortfall)
2020-09-27,N05C,,0.01,0.59,1.78,1.77,2.06,3.83,7.4,8.34,0,1,MAINTAIN REPLENISHMENT,0.0,PIPELINE IN-TRANSIT SUFFICIENT
2020-09-28,N05C,,0.01,0.57,2.34,2.33,3.07,4.78,10.09,7.75,0,0,INCREASE REPLENISHMENT,2.0,PROACTIVE (Forward Shortfall)
2020-09-29,N05C,,0.01,0.57,2.34,2.33,3.07,4.78,10.09,8.18,0,0,MAINTAIN REPLENISHMENT,0.0,PIPELINE IN-TRANSIT SUFFICIENT
2020-09-30,N05C,,0.01,0.59,2.22,2.21,2.82,4.59,9.48,7.61,0,0,MAINTAIN REPLENISHMENT,0.0,PIPELINE IN-TRANSIT SUFFICIENT
2020-10-01,N05C,,0.01,0.58,2.37,2.36,3.1,4.84,10.21,9.02,0,0,INCREASE REPLENISHMENT,2.0,PROACTIVE (Forward Shortfall)
2020-10-02,N05C,,0.01,0.58,2.37,2.36,3.1,4.84,10.21,8.44,0,0,MAINTAIN REPLENISHMENT,0.0,PIPELINE IN-TRANSIT SUFFICIENT
2020-10-03,N05C,,0.01,0.61,2.32,2.31,2.96,4.79,9.92,7.86,0,0,INCREASE REPLENISHMENT,1.0,PROACTIVE (Forward Shortfall)
2020-10-04,N05C,,0.01,0.71,2.04,2.03,2.3,4.43,8.42,9.25,0,1,MAINTAIN REPLENISHMENT,0.0,PIPELINE IN-TRANSIT SUFFICIENT
2020-10-05,N05C,,0.01,0.57,2.44,2.43,3.24,4.95,10.56,8.54,0,0,INCREASE REPLENISHMENT,2.0,PROACTIVE (Forward Shortfall)
2020-10-06,N05C,,0.01,0.57,2.41,2.4,3.19,4.9,10.42,8.97,0,0,MAINTAIN REPLENISHMENT,0.0,PIPELINE IN-TRANSIT SUFFICIENT
2020-10-07,N05C,,0.01,0.56,2.29,2.28,3.0,4.68,9.87,8.4,0,0,MAINTAIN REPLENISHMENT,0.0,PIPELINE IN-TRANSIT SUFFICIENT
2020-10-08,N05C,,0.01,0.56,2.34,2.33,3.08,4.76,10.1,9.84,0,0,MAINTAIN REPLENISHMENT,0.0,HEALTHY ZONE
2020-10-09,N05C,,0.01,0.58,2.36,2.35,3.08,4.82,10.16,9.28,0,0,MAINTAIN REPLENISHMENT,0.0,HEALTHY ZONE
2020-10-10,N05C,,0.01,0.61,2.33,2.32,2.98,4.81,9.97,8.7,0,0,MAINTAIN REPLENISHMENT,0.0,HEALTHY ZONE
2020-10-11,N05C,,0.01,0.58,1.8,1.79,2.11,3.85,7.51,8.09,0,1,MAINTAIN REPLENISHMENT,0.0,PIPELINE IN-TRANSIT SUFFICIENT
2020-10-12,N05C,,0.01,0.55,2.31,2.3,3.05,4.7,9.98,7.51,0,0,INCREASE REPLENISHMENT,3.0,PROACTIVE (Forward Shortfall)
2020-10-13,N05C,,0.01,0.55,2.3,2.29,3.03,4.68,9.93,6.96,0,0,MAINTAIN REPLENISHMENT,0.0,PIPELINE IN-TRANSIT SUFFICIENT
2020-10-14,N05C,,0.01,0.64,2.16,2.15,2.63,4.55,9.11,6.41,0,0,MAINTAIN REPLENISHMENT,0.0,PIPELINE IN-TRANSIT SUFFICIENT
2020-10-15,N05C,,0.01,0.54,2.23,2.22,2.93,4.55,9.62,8.77,0,0,INCREASE REPLENISHMENT,1.0,PROACTIVE (Forward Shortfall)
2020-10-16,N05C,,0.01,0.54,2.23,2.22,2.93,4.55,9.62,8.23,0,0,INCREASE REPLENISHMENT,1.0,PROACTIVE (Forward Shortfall)
2020-10-17,N05C,,0.01,0.62,2.22,2.21,2.77,4.63,9.43,7.69,0,0,MAINTAIN REPLENISHMENT,0.0,PIPELINE IN-TRANSIT SUFFICIENT
2020-10-18,N05C,,0.01,0.78,2.12,2.11,2.32,4.66,8.68,8.07,0,0,MAINTAIN REPLENISHMENT,0.0,PIPELINE IN-TRANSIT SUFFICIENT
2020-10-19,N05C,,0.01,0.57,2.38,2.37,3.14,4.85,10.28,8.29,0,0,INCREASE REPLENISHMENT,2.0,PROACTIVE (Forward Shortfall)
2020-10-20,N05C,,0.01,0.57,2.38,2.37,3.14,4.85,10.28,7.72,0,0,INCREASE REPLENISHMENT,1.0,PROACTIVE (Forward Shortfall)
2020-10-21,N05C,,0.01,0.59,2.26,2.25,2.89,4.66,9.67,7.15,0,0,MAINTAIN REPLENISHMENT,0.0,PIPELINE IN-TRANSIT SUFFICIENT
2020-10-22,N05C,,0.01,0.55,2.3,2.29,3.03,4.68,9.93,8.56,0,0,INCREASE REPLENISHMENT,1.0,PROACTIVE (Forward Shortfall)
2020-10-23,N05C,,0.01,0.55,2.32,2.31,3.07,4.72,10.03,9.01,0,0,INCREASE REPLENISHMENT,1.0,PROACTIVE (Forward Shortfall)
2020-10-24,N05C,,0.01,0.6,2.38,2.37,3.08,4.88,10.22,8.46,0,0,MAINTAIN REPLENISHMENT,0.0,PIPELINE IN-TRANSIT SUFFICIENT
2020-10-25,N05C,,0.01,0.69,2.26,2.25,2.72,4.79,9.5,8.86,0,0,MAINTAIN REPLENISHMENT,0.0,PIPELINE IN-TRANSIT SUFFICIENT
2020-10-26,N05C,,0.01,0.56,2.39,2.38,3.17,4.85,10.34,9.17,0,0,INCREASE REPLENISHMENT,2.0,PROACTIVE (Forward Shortfall)
2020-10-27,N05C,,0.01,0.56,2.38,2.37,3.15,4.83,10.29,8.61,0,0,MAINTAIN REPLENISHMENT,0.0,PIPELINE IN-TRANSIT SUFFICIENT
2020-10-28,N05C,,0.01,0.55,2.24,2.23,2.93,4.58,9.65,8.05,0,0,MAINTAIN REPLENISHMENT,0.0,PIPELINE IN-TRANSIT SUFFICIENT
2020-10-29,N05C,,0.01,0.54,2.21,2.2,2.89,4.51,9.52,9.5,0,0,MAINTAIN REPLENISHMENT,0.0,HEALTHY ZONE
2020-10-30,N05C,,0.01,0.54,2.22,2.21,2.91,4.53,9.57,8.96,0,0,INCREASE REPLENISHMENT,1.0,PROACTIVE (Forward Shortfall)
2020-10-31,N05C,,0.01,0.63,2.34,2.33,2.96,4.85,9.98,8.42,0,0,INCREASE REPLENISHMENT,1.0,PROACTIVE (Forward Shortfall)
2020-11-01,N05C,,0.01,0.6,1.97,1.96,2.37,4.17,8.28,7.79,0,0,MAINTAIN REPLENISHMENT,0.0,PIPELINE IN-TRANSIT SUFFICIENT
2020-11-02,N05C,,0.01,0.57,2.43,2.42,3.22,4.93,10.51,8.19,0,0,INCREASE REPLENISHMENT,2.0,PROACTIVE (Forward Shortfall)
2020-11-03,N05C,,0.01,0.56,2.4,2.39,3.19,4.87,10.39,8.62,0,0,MAINTAIN REPLENISHMENT,0.0,PIPELINE IN-TRANSIT SUFFICIENT
2020-11-04,N05C,,0.01,0.55,2.21,2.2,2.88,4.53,9.51,8.06,0,0,MAINTAIN REPLENISHMENT,0.0,PIPELINE IN-TRANSIT SUFFICIENT
2020-11-05,N05C,,0.01,0.61,2.26,2.25,2.86,4.69,9.64,9.51,0,0,INCREASE REPLENISHMENT,1.0,PROACTIVE (Forward Shortfall)
2020-11-06,N05C,,0.01,0.56,2.32,2.31,3.05,4.73,10.01,8.9,0,0,INCREASE REPLENISHMENT,1.0,PROACTIVE (Forward Shortfall)
2020-11-07,N05C,,0.01,0.62,2.36,2.35,3.01,4.87,10.09,8.34,0,0,MAINTAIN REPLENISHMENT,0.0,PIPELINE IN-TRANSIT SUFFICIENT
2020-11-08,N05C,,0.01,0.66,2.09,2.08,2.48,4.46,8.75,8.72,0,0,MAINTAIN REPLENISHMENT,0.0,PIPELINE IN-TRANSIT SUFFICIENT
2020-11-09,N05C,,0.01,0.58,2.4,2.39,3.15,4.89,10.35,9.06,0,0,INCREASE REPLENISHMENT,2.0,PROACTIVE (Forward Shortfall)
2020-11-10,N05C,,0.01,0.58,2.36,2.35,3.08,4.82,10.16,8.48,0,0,MAINTAIN REPLENISHMENT,0.0,PIPELINE IN-TRANSIT SUFFICIENT
2020-11-11,N05C,,0.01,0.58,2.25,2.24,2.89,4.63,9.64,7.9,0,0,MAINTAIN REPLENISHMENT,0.0,PIPELINE IN-TRANSIT SUFFICIENT
2020-11-12,N05C,,0.01,0.57,2.31,2.3,3.01,4.72,9.94,9.32,0,0,INCREASE REPLENISHMENT,1.0,PROACTIVE (Forward Shortfall)
2020-11-13,N05C,,0.01,0.58,2.34,2.33,3.05,4.79,10.07,8.75,0,0,INCREASE REPLENISHMENT,1.0,PROACTIVE (Forward Shortfall)
2020-11-14,N05C,,0.01,0.62,2.42,2.41,3.12,4.98,10.38,8.17,0,0,INCREASE REPLENISHMENT,1.0,PROACTIVE (Forward Shortfall)
2020-11-15,N05C,,0.01,0.6,2.05,2.04,2.51,4.31,8.66,8.55,0,0,MAINTAIN REPLENISHMENT,0.0,PIPELINE IN-TRANSIT SUFFICIENT
2020-11-16,N05C,,0.01,0.59,2.38,2.37,3.1,4.87,10.24,8.95,0,0,INCREASE REPLENISHMENT,1.0,PROACTIVE (Forward Shortfall)
2020-11-17,N05C,,0.01,0.58,2.35,2.34,3.07,4.81,10.12,9.36,0,0,MAINTAIN REPLENISHMENT,0.0,HEALTHY ZONE
2020-11-18,N05C,,0.01,0.58,2.24,2.23,2.88,4.62,9.6,8.78,0,0,MAINTAIN REPLENISHMENT,0.0,PIPELINE IN-TRANSIT SUFFICIENT
2020-11-19,N05C,,0.01,0.59,2.29,2.28,2.94,4.71,9.81,9.2,0,0,INCREASE REPLENISHMENT,1.0,PROACTIVE (Forward Shortfall)
2020-11-20,N05C,,0.01,0.6,2.35,2.34,3.03,4.83,10.08,8.61,0,0,INCREASE REPLENISHMENT,1.0,PROACTIVE (Forward Shortfall)
2020-11-21,N05C,,0.01,0.61,2.46,2.45,3.2,5.03,10.58,8.01,0,0,INCREASE REPLENISHMENT,1.0,PROACTIVE (Forward Shortfall)
2020-11-22,N05C,,0.01,0.66,2.08,2.07,2.46,4.44,8.7,8.4,0,0,MAINTAIN REPLENISHMENT,0.0,PIPELINE IN-TRANSIT SUFFICIENT
2020-11-23,N05C,,0.01,0.6,2.42,2.41,3.15,4.95,10.41,8.74,0,0,INCREASE REPLENISHMENT,1.0,PROACTIVE (Forward Shortfall)
2020-11-24,N05C,,0.01,0.59,2.4,2.39,3.14,4.91,10.34,9.14,0,0,INCREASE REPLENISHMENT,1.0,PROACTIVE (Forward Shortfall)
2020-11-25,N05C,,0.01,0.63,2.39,2.38,3.05,4.94,10.22,8.55,0,0,MAINTAIN REPLENISHMENT,0.0,PIPELINE IN-TRANSIT SUFFICIENT
2020-11-26,N05C,,0.01,0.58,2.48,2.47,3.29,5.03,10.73,8.92,0,0,INCREASE REPLENISHMENT,1.0,PROACTIVE (Forward Shortfall)
2020-11-27,N05C,,0.01,0.59,2.6,2.59,3.48,5.25,11.28,9.34,0,0,INCREASE REPLENISHMENT,1.0,PROACTIVE (Forward Shortfall)
2020-11-28,N05C,,0.01,0.62,2.69,2.68,3.59,5.45,11.66,8.75,0,0,INCREASE REPLENISHMENT,1.0,PROACTIVE (Forward Shortfall)
2020-11-29,N05C,,0.01,0.71,2.31,2.3,2.77,4.9,9.7,9.13,0,0,MAINTAIN REPLENISHMENT,0.0,PIPELINE IN-TRANSIT SUFFICIENT
2020-11-30,N05C,,0.0,0.61,2.72,2.72,3.65,5.48,11.81,9.42,0,0,INCREASE REPLENISHMENT,2.0,PROACTIVE (Forward Shortfall)
2020-12-01,N05C,,0.0,0.66,2.72,2.72,3.57,5.55,11.73,9.81,0,0,MAINTAIN REPLENISHMENT,0.0,PIPELINE IN-TRANSIT SUFFICIENT
2020-12-02,N05C,,0.0,0.62,2.6,2.6,3.43,5.29,11.23,9.15,0,0,INCREASE REPLENISHMENT,1.0,PROACTIVE (Forward Shortfall)
2020-12-03,N05C,,0.0,0.61,2.64,2.64,3.52,5.35,11.44,10.53,0,0,MAINTAIN REPLENISHMENT,0.0,PIPELINE IN-TRANSIT SUFFICIENT
2020-12-04,N05C,,0.0,0.62,2.66,2.66,3.53,5.39,11.51,9.92,0,0,MAINTAIN REPLENISHMENT,0.0,HEALTHY ZONE
2020-12-05,N05C,,0.0,0.64,2.65,2.65,3.48,5.4,11.43,10.3,0,0,MAINTAIN REPLENISHMENT,0.0,HEALTHY ZONE
2020-12-06,N05C,,0.0,0.6,2.17,2.17,2.72,4.52,9.23,9.66,0,1,MAINTAIN REPLENISHMENT,0.0,PIPELINE IN-TRANSIT SUFFICIENT
2020-12-07,N05C,,0.0,0.62,2.66,2.66,3.53,5.39,11.51,9.06,0,0,INCREASE REPLENISHMENT,3.0,PROACTIVE (Forward Shortfall)
2020-12-08,N05C,,0.0,0.62,2.62,2.62,3.46,5.32,11.32,8.44,0,0,MAINTAIN REPLENISHMENT,0.0,PIPELINE IN-TRANSIT SUFFICIENT
2020-12-09,N05C,,0.0,0.61,2.57,2.57,3.39,5.22,11.1,7.82,0,0,INCREASE REPLENISHMENT,1.0,PROACTIVE (Forward Shortfall)
2020-12-10,N05C,,0.0,0.61,2.64,2.64,3.52,5.35,11.44,10.21,0,0,INCREASE REPLENISHMENT,1.0,PROACTIVE (Forward Shortfall)
2020-12-11,N05C,,0.0,0.63,2.65,2.65,3.5,5.39,11.45,9.6,0,0,MAINTAIN REPLENISHMENT,0.0,PIPELINE IN-TRANSIT SUFFICIENT
2020-12-12,N05C,,0.0,0.65,2.59,2.59,3.36,5.31,11.13,9.97,0,0,MAINTAIN REPLENISHMENT,0.0,HEALTHY ZONE
2020-12-13,N05C,,0.0,0.61,2.17,2.17,2.7,4.53,9.21,10.32,0,1,MAINTAIN REPLENISHMENT,0.0,PIPELINE IN-TRANSIT SUFFICIENT
2020-12-14,N05C,,0.0,0.65,2.65,2.65,3.46,5.41,11.41,9.71,0,0,INCREASE REPLENISHMENT,2.0,PROACTIVE (Forward Shortfall)
2020-12-15,N05C,,0.0,0.64,2.62,2.62,3.43,5.35,11.29,9.06,0,0,INCREASE REPLENISHMENT,1.0,PROACTIVE (Forward Shortfall)
2020-12-16,N05C,,0.0,0.63,2.57,2.57,3.36,5.25,11.07,8.42,0,0,MAINTAIN REPLENISHMENT,0.0,PIPELINE IN-TRANSIT SUFFICIENT
2020-12-17,N05C,,0.0,0.63,2.64,2.64,3.48,5.37,11.4,9.79,0,0,INCREASE REPLENISHMENT,1.0,PROACTIVE (Forward Shortfall)
2020-12-18,N05C,,0.0,0.69,2.69,2.69,3.46,5.53,11.53,10.16,0,0,MAINTAIN REPLENISHMENT,0.0,HEALTHY ZONE
2020-12-19,N05C,,0.0,0.69,2.65,2.65,3.39,5.46,11.34,9.47,0,0,INCREASE REPLENISHMENT,1.0,PROACTIVE (Forward Shortfall)
2020-12-20,N05C,,0.0,0.62,2.18,2.18,2.7,4.56,9.24,9.78,0,1,MAINTAIN REPLENISHMENT,0.0,PIPELINE IN-TRANSIT SUFFICIENT
2020-12-21,N05C,,0.0,0.7,2.65,2.65,3.38,5.48,11.33,9.16,0,0,INCREASE REPLENISHMENT,2.0,PROACTIVE (Forward Shortfall)
2020-12-22,N05C,,0.0,0.69,2.62,2.62,3.34,5.41,11.2,9.46,0,0,MAINTAIN REPLENISHMENT,0.0,PIPELINE IN-TRANSIT SUFFICIENT
2020-12-23,N05C,,0.0,0.73,2.59,2.59,3.22,5.41,10.99,8.77,0,0,INCREASE REPLENISHMENT,1.0,PROACTIVE (Forward Shortfall)
2020-12-24,N05C,,0.0,0.68,2.66,2.66,3.43,5.47,11.41,10.04,0,0,INCREASE REPLENISHMENT,1.0,PROACTIVE (Forward Shortfall)
2020-12-25,N05C,,0.0,0.7,2.71,2.71,3.48,5.58,11.61,9.36,0,0,INCREASE REPLENISHMENT,1.0,PROACTIVE (Forward Shortfall)
2020-12-26,N05C,,0.0,0.7,2.84,2.84,3.71,5.81,12.23,9.66,0,0,INCREASE REPLENISHMENT,1.0,PROACTIVE (Forward Shortfall)
2020-12-27,N05C,,0.0,0.64,2.37,2.37,3.0,4.92,10.11,9.96,0,0,MAINTAIN REPLENISHMENT,0.0,PIPELINE IN-TRANSIT SUFFICIENT
2020-12-28,N05C,,0.0,0.71,2.75,2.75,3.53,5.66,11.78,10.32,0,0,INCREASE REPLENISHMENT,1.0,PROACTIVE (Forward Shortfall)
2020-12-29,N05C,,0.0,0.7,2.74,2.74,3.53,5.63,11.75,10.61,0,0,INCREASE REPLENISHMENT,1.0,PROACTIVE (Forward Shortfall)
2020-12-30,N05C,,0.0,0.68,2.66,2.66,3.43,5.47,11.41,9.91,0,0,MAINTAIN REPLENISHMENT,0.0,PIPELINE IN-TRANSIT SUFFICIENT
2020-12-31,N05C,,0.0,0.68,2.75,2.75,3.59,5.63,11.84,10.23,0,0,INCREASE REPLENISHMENT,1.0,PROACTIVE (Forward Shortfall)
2019-01-01,R03,0.0,0.12,6.4,29.09,28.97,39.3,58.5,126.57,126.57,0,0,MAINTAIN REPLENISHMENT,0.0,HEALTHY ZONE
2019-01-02,R03,9.0,0.34,6.61,30.34,30.0,41.1,60.93,132.12,126.57,0,0,MAINTAIN REPLENISHMENT,0.0,HEALTHY ZONE
2019-01-03,R03,9.0,0.28,6.13,29.74,29.46,40.89,59.28,130.11,117.57,0,0,INCREASE REPLENISHMENT,13.0,PROACTIVE (Forward Shortfall)
2019-01-04,R03,0.0,0.29,6.13,29.6,29.31,40.65,59.04,129.45,108.57,0,0,INCREASE REPLENISHMENT,8.0,PROACTIVE (Forward Shortfall)
2019-01-05,R03,30.0,0.21,5.96,30.92,30.71,43.23,61.11,135.99,108.57,0,0,INCREASE REPLENISHMENT,7.0,PROACTIVE (Forward Shortfall)
2019-01-06,R03,0.0,0.22,6.4,36.56,36.34,52.24,71.44,161.92,91.57,0,0,INCREASE REPLENISHMENT,56.0,PROACTIVE (Forward Shortfall)
2019-01-07,R03,0.0,0.19,5.42,30.73,30.54,43.84,60.1,136.03,99.57,0,0,MAINTAIN REPLENISHMENT,0.0,PIPELINE IN-TRANSIT SUFFICIENT
2019-01-08,R03,10.0,0.3,5.43,31.53,31.23,45.21,61.5,139.8,106.57,0,0,MAINTAIN REPLENISHMENT,0.0,PIPELINE IN-TRANSIT SUFFICIENT
2019-01-09,R03,10.0,0.32,5.9,31.21,30.89,43.84,61.54,137.47,152.57,0,1,REDUCE REPLENISHMENT,0.0,OVERSTOCKED
2019-01-10,R03,13.0,0.28,6.04,31.39,31.11,43.91,62.03,138.08,142.57,0,1,REDUCE REPLENISHMENT,0.0,OVERSTOCKED
2019-01-11,R03,6.0,0.25,6.04,31.67,31.42,44.39,62.51,139.4,129.57,0,0,MAINTAIN REPLENISHMENT,0.0,HEALTHY ZONE
2019-01-12,R03,10.0,0.14,5.67,30.08,29.94,42.28,59.29,132.52,123.57,0,0,MAINTAIN REPLENISHMENT,0.0,HEALTHY ZONE
2019-01-13,R03,1.0,0.32,6.53,24.34,24.02,30.85,50.44,103.87,113.57,0,1,REDUCE REPLENISHMENT,0.0,OVERSTOCKED
2019-01-14,R03,18.0,0.28,6.08,26.16,25.88,34.78,53.02,113.26,112.57,0,0,MAINTAIN REPLENISHMENT,0.0,HEALTHY ZONE
2019-01-15,R03,19.0,0.23,6.49,21.12,20.89,25.34,44.81,88.7,94.57,0,1,MAINTAIN REPLENISHMENT,0.0,PIPELINE IN-TRANSIT SUFFICIENT
2019-01-16,R03,17.0,0.31,6.56,23.31,23.0,29.01,48.69,98.94,75.57,0,0,INCREASE REPLENISHMENT,24.0,PROACTIVE (Forward Shortfall)
2019-01-17,R03,8.0,0.28,6.49,23.95,23.67,30.24,49.71,102.09,58.57,0,0,INCREASE REPLENISHMENT,20.0,PROACTIVE (Forward Shortfall)
2019-01-18,R03,24.0,0.3,6.69,24.85,24.55,31.45,51.52,106.0,50.57,1,0,INCREASE REPLENISHMENT,12.0,REACTIVE (Below ROP)
2019-01-19,R03,1.0,0.34,6.8,26.52,26.18,34.16,54.56,113.72,50.57,1,0,INCREASE REPLENISHMENT,32.0,REACTIVE (Below ROP)
2019-01-20,R03,34.0,0.22,6.85,29.28,29.06,38.85,59.4,126.69,69.57,0,0,INCREASE REPLENISHMENT,14.0,PROACTIVE (Forward Shortfall)
2019-01-21,R03,31.0,0.35,7.12,32.4,32.05,43.79,65.15,140.99,47.57,1,0,INCREASE REPLENISHMENT,48.0,REACTIVE (Below ROP)
2019-01-22,R03,7.0,0.27,6.01,33.72,33.45,48.0,66.03,149.16,48.57,1,0,INCREASE REPLENISHMENT,39.0,REACTIVE (Below ROP)
2019-01-23,R03,23.0,0.31,6.81,36.23,35.92,50.96,71.39,159.65,55.57,1,0,INCREASE REPLENISHMENT,18.0,REACTIVE (Below ROP)
2019-01-24,R03,2.0,0.37,7.18,36.95,36.58,51.56,73.1,162.41,80.57,0,0,INCREASE REPLENISHMENT,25.0,PROACTIVE (Forward Shortfall)
2019-01-25,R03,11.0,0.07,5.9,37.58,37.51,54.87,72.57,167.61,117.57,0,0,INCREASE REPLENISHMENT,8.0,PROACTIVE (Forward Shortfall)
2019-01-26,R03,13.0,0.32,7.06,38.43,38.11,54.33,75.51,169.62,124.57,0,0,INCREASE REPLENISHMENT,13.0,PROACTIVE (Forward Shortfall)
2019-01-27,R03,6.0,0.16,6.83,35.29,35.13,49.29,69.78,155.16,136.57,0,0,MAINTAIN REPLENISHMENT,0.0,HEALTHY ZONE
2019-01-28,R03,28.0,0.22,7.01,31.56,31.34,42.52,63.55,137.2,138.57,0,1,REDUCE REPLENISHMENT,0.0,OVERSTOCKED
2019-01-29,R03,15.0,0.39,7.02,29.91,29.52,39.65,60.71,129.38,123.57,0,0,MAINTAIN REPLENISHMENT,0.0,HEALTHY ZONE
2019-01-30,R03,11.0,0.16,6.3,28.49,28.33,38.43,57.33,123.9,108.57,0,0,MAINTAIN REPLENISHMENT,0.0,HEALTHY ZONE
2019-01-31,R03,20.0,0.29,6.85,27.25,26.96,35.33,55.88,117.08,97.57,0,0,INCREASE REPLENISHMENT,20.0,PROACTIVE (Forward Shortfall)
2019-02-01,R03,7.0,0.32,6.63,25.03,24.71,31.87,51.76,106.96,77.57,0,0,INCREASE REPLENISHMENT,10.0,PROACTIVE (Forward Shortfall)
2019-02-02,R03,45.0,0.33,6.65,33.57,33.24,46.63,66.58,147.34,70.57,0,0,INCREASE REPLENISHMENT,47.0,PROACTIVE (Forward Shortfall)
2019-02-03,R03,5.0,0.36,6.29,37.99,37.63,54.91,73.78,168.88,45.57,1,0,INCREASE REPLENISHMENT,67.0,REACTIVE (Below ROP)
2019-02-04,R03,12.0,0.16,6.65,38.67,38.51,55.46,75.41,171.47,50.57,1,0,INCREASE REPLENISHMENT,7.0,REACTIVE (Below ROP)
2019-02-05,R03,1.0,0.39,6.67,37.75,37.36,53.83,73.84,167.08,85.57,0,0,INCREASE REPLENISHMENT,8.0,PROACTIVE (Forward Shortfall)
2019-02-06,R03,4.0,0.31,5.87,39.4,39.09,58.08,75.69,176.28,151.57,0,0,INCREASE REPLENISHMENT,10.0,PROACTIVE (Forward Shortfall)
2019-02-07,R03,22.0,0.24,5.56,40.09,39.85,59.81,76.49,180.08,154.57,0,0,INCREASE REPLENISHMENT,8.0,PROACTIVE (Forward Shortfall)
2019-02-08,R03,12.0,0.34,6.08,40.93,40.59,60.36,78.6,183.15,140.57,0,0,MAINTAIN REPLENISHMENT,0.0,HEALTHY ZONE
2019-02-09,R03,11.0,0.13,5.91,40.26,40.13,59.5,77.23,180.28,138.57,0,0,MAINTAIN REPLENISHMENT,0.0,HEALTHY ZONE
2019-02-10,R03,0.0,0.22,6.95,24.95,24.73,31.18,52.03,106.03,135.57,0,1,REDUCE REPLENISHMENT,0.0,OVERSTOCKED
2019-02-11,R03,5.0,0.35,6.97,26.48,26.13,33.79,54.7,113.23,135.57,0,1,REDUCE REPLENISHMENT,0.0,OVERSTOCKED
2019-02-12,R03,6.0,0.29,6.41,25.88,25.59,33.72,52.95,111.36,130.57,0,1,REDUCE REPLENISHMENT,0.0,OVERSTOCKED
2019-02-13,R03,8.0,0.27,6.49,24.9,24.63,31.89,51.36,106.59,124.57,0,1,REDUCE REPLENISHMENT,0.0,OVERSTOCKED
2019-02-14,R03,7.0,0.13,6.88,24.76,24.63,30.97,51.61,105.25,116.57,0,1,REDUCE REPLENISHMENT,0.0,OVERSTOCKED
2019-02-15,R03,3.0,0.28,6.6,18.6,18.32,20.78,40.58,76.58,109.57,0,1,REDUCE REPLENISHMENT,0.0,OVERSTOCKED
2019-02-16,R03,6.0,0.27,7.02,18.11,17.84,19.21,40.27,73.54,106.57,0,1,REDUCE REPLENISHMENT,0.0,OVERSTOCKED
2019-02-17,R03,0.0,0.31,7.38,16.8,16.49,16.32,38.46,66.72,100.57,0,1,REDUCE REPLENISHMENT,0.0,OVERSTOCKED
2019-02-18,R03,10.0,0.34,7.3,16.72,16.38,16.32,38.22,66.48,100.57,0,1,REDUCE REPLENISHMENT,0.0,OVERSTOCKED
2019-02-19,R03,6.0,0.34,7.2,19.22,18.88,20.82,42.42,78.48,90.57,0,1,REDUCE REPLENISHMENT,0.0,OVERSTOCKED
2019-02-20,R03,7.0,0.35,7.08,21.54,21.19,25.05,46.29,89.67,84.57,0,0,INCREASE REPLENISHMENT,6.0,PROACTIVE (Forward Shortfall)
2019-02-21,R03,5.0,0.33,6.82,19.72,19.39,22.34,42.8,81.5,77.57,0,0,MAINTAIN REPLENISHMENT,0.0,PIPELINE IN-TRANSIT SUFFICIENT
2019-02-22,R03,1.0,0.27,7.16,20.21,19.94,22.6,44.08,83.23,72.57,0,0,INCREASE REPLENISHMENT,5.0,PROACTIVE (Forward Shortfall)
2019-02-23,R03,0.0,0.25,5.64,19.7,19.45,24.35,41.27,83.45,77.57,0,0,INCREASE REPLENISHMENT,1.0,PROACTIVE (Forward Shortfall)
2019-02-24,R03,2.0,0.26,5.36,25.18,24.92,34.33,50.41,109.87,77.57,0,0,INCREASE REPLENISHMENT,27.0,PROACTIVE (Forward Shortfall)
2019-02-25,R03,2.0,0.26,5.98,22.36,22.1,28.37,46.31,95.45,80.57,0,0,MAINTAIN REPLENISHMENT,0.0,PIPELINE IN-TRANSIT SUFFICIENT
2019-02-26,R03,3.0,0.26,4.63,21.77,21.51,29.69,43.58,95.0,79.57,0,0,MAINTAIN REPLENISHMENT,0.0,PIPELINE IN-TRANSIT SUFFICIENT
2019-02-27,R03,1.0,0.28,4.68,22.11,21.83,30.19,44.23,96.52,103.57,0,1,MAINTAIN REPLENISHMENT,0.0,PIPELINE IN-TRANSIT SUFFICIENT
2019-02-28,R03,35.0,0.18,3.64,21.78,21.6,31.42,42.34,96.76,102.57,0,1,MAINTAIN REPLENISHMENT,0.0,PIPELINE IN-TRANSIT SUFFICIENT
2019-03-01,R03,6.0,0.27,5.04,34.44,34.17,50.92,66.04,154.24,67.57,0,0,INCREASE REPLENISHMENT,87.0,PROACTIVE (Forward Shortfall)
2019-03-02,R03,0.0,0.15,4.48,33.46,33.31,50.19,63.63,150.57,61.57,1,0,INCREASE REPLENISHMENT,2.0,REACTIVE (Below ROP)
2019-03-03,R03,10.0,0.09,4.77,33.75,33.66,50.19,64.5,151.44,61.57,1,0,INCREASE REPLENISHMENT,1.0,REACTIVE (Below ROP)
2019-03-04,R03,5.0,0.08,4.44,33.08,33.0,49.61,62.93,148.85,138.57,0,0,MAINTAIN REPLENISHMENT,0.0,HEALTHY ZONE
2019-03-05,R03,6.0,0.05,4.59,32.83,32.78,48.91,62.68,147.4,135.57,0,0,MAINTAIN REPLENISHMENT,0.0,HEALTHY ZONE
2019-03-06,R03,5.0,0.05,4.32,32.21,32.16,48.31,61.27,144.94,130.57,0,0,MAINTAIN REPLENISHMENT,0.0,HEALTHY ZONE
2019-03-07,R03,0.0,0.05,4.52,31.7,31.65,47.08,60.64,142.18,125.57,0,0,MAINTAIN REPLENISHMENT,0.0,HEALTHY ZONE
2019-03-08,R03,0.0,0.04,5.08,22.1,22.06,29.48,44.72,95.78,125.57,0,1,REDUCE REPLENISHMENT,0.0,OVERSTOCKED
2019-03-09,R03,7.0,0.02,4.23,23.28,23.26,33.0,45.69,102.84,125.57,0,1,REDUCE REPLENISHMENT,0.0,OVERSTOCKED
2019-03-10,R03,3.0,0.02,5.19,23.59,23.57,31.87,47.44,102.64,118.57,0,1,REDUCE REPLENISHMENT,0.0,OVERSTOCKED
2019-03-11,R03,11.0,0.03,5.3,22.49,22.46,29.77,45.67,97.24,115.57,0,1,REDUCE REPLENISHMENT,0.0,OVERSTOCKED
2019-03-12,R03,7.0,0.03,5.52,24.28,24.25,32.49,49.05,105.33,104.57,0,0,MAINTAIN REPLENISHMENT,0.0,HEALTHY ZONE
2019-03-13,R03,8.0,0.03,5.4,23.88,23.85,32.01,48.21,103.65,97.57,0,0,INCREASE REPLENISHMENT,7.0,PROACTIVE (Forward Shortfall)
2019-03-14,R03,27.0,0.03,5.23,24.54,24.51,33.45,49.14,107.07,89.57,0,0,INCREASE REPLENISHMENT,11.0,PROACTIVE (Forward Shortfall)
2019-03-15,R03,20.0,0.08,5.11,26.5,26.42,37.05,52.38,116.55,62.57,0,0,INCREASE REPLENISHMENT,36.0,PROACTIVE (Forward Shortfall)
2019-03-16,R03,5.0,0.09,5.21,26.27,26.18,36.48,52.11,115.29,49.57,1,0,INCREASE REPLENISHMENT,19.0,REACTIVE (Below ROP)
2019-03-17,R03,10.0,0.14,5.65,27.16,27.02,37.26,54.21,118.74,55.57,0,0,INCREASE REPLENISHMENT,9.0,PROACTIVE (Forward Shortfall)
2019-03-18,R03,1.0,0.16,5.53,25.48,25.32,34.55,51.14,110.99,81.57,0,0,INCREASE REPLENISHMENT,2.0,PROACTIVE (Forward Shortfall)
2019-03-19,R03,2.0,0.07,5.1,27.33,27.26,38.5,53.8,120.49,99.57,0,0,INCREASE REPLENISHMENT,10.0,PROACTIVE (Forward Shortfall)
2019-03-20,R03,19.0,0.09,5.24,28.59,28.5,40.44,56.16,126.21,106.57,0,0,INCREASE REPLENISHMENT,8.0,PROACTIVE (Forward Shortfall)
2019-03-21,R03,6.0,0.02,5.58,29.78,29.76,41.92,58.66,131.26,89.57,0,0,INCREASE REPLENISHMENT,24.0,PROACTIVE (Forward Shortfall)
2019-03-22,R03,29.0,0.11,5.67,25.16,25.05,33.76,50.77,109.24,93.57,0,0,MAINTAIN REPLENISHMENT,0.0,PIPELINE IN-TRANSIT SUFFICIENT
2019-03-23,R03,1.0,0.33,5.92,30.38,30.05,42.37,60.13,133.51,72.57,0,0,INCREASE REPLENISHMENT,37.0,PROACTIVE (Forward Shortfall)
2019-03-24,R03,16.0,0.18,4.87,30.22,30.04,43.91,58.52,134.57,95.57,0,0,INCREASE REPLENISHMENT,2.0,PROACTIVE (Forward Shortfall)
2019-03-25,R03,6.0,0.35,6.0,31.87,31.52,44.81,62.81,140.42,79.57,0,0,INCREASE REPLENISHMENT,22.0,PROACTIVE (Forward Shortfall)
2019-03-26,R03,19.0,0.29,5.73,30.44,30.15,42.8,59.99,134.12,110.57,0,0,MAINTAIN REPLENISHMENT,0.0,PIPELINE IN-TRANSIT SUFFICIENT
2019-03-27,R03,0.0,0.34,6.37,29.96,29.62,40.86,59.97,130.74,93.57,0,0,INCREASE REPLENISHMENT,16.0,PROACTIVE (Forward Shortfall)
2019-03-28,R03,7.0,0.32,5.57,30.93,30.61,43.92,60.63,136.71,115.57,0,0,MAINTAIN REPLENISHMENT,0.0,HEALTHY ZONE
2019-03-29,R03,16.0,0.16,5.03,30.24,30.08,43.67,58.76,134.39,108.57,0,0,MAINTAIN REPLENISHMENT,0.0,HEALTHY ZONE
2019-03-30,R03,0.0,0.22,5.68,25.08,24.86,33.6,50.64,108.84,108.57,0,0,MAINTAIN REPLENISHMENT,0.0,HEALTHY ZONE
2019-03-31,R03,5.0,0.33,5.65,26.07,25.74,35.37,52.32,113.58,108.57,0,0,MAINTAIN REPLENISHMENT,0.0,HEALTHY ZONE
2019-04-01,R03,5.0,0.22,5.81,24.54,24.32,32.44,49.87,106.06,103.57,0,0,MAINTAIN REPLENISHMENT,0.0,HEALTHY ZONE
2019-04-02,R03,10.0,0.32,6.18,25.0,24.68,32.6,51.14,107.6,98.57,0,0,MAINTAIN REPLENISHMENT,0.0,HEALTHY ZONE
2019-04-03,R03,4.0,0.23,5.51,25.05,24.82,33.84,50.37,108.99,88.57,0,0,INCREASE REPLENISHMENT,21.0,PROACTIVE (Forward Shortfall)
2019-04-04,R03,13.0,0.27,6.09,22.03,21.76,27.61,45.88,93.7,84.57,0,0,MAINTAIN REPLENISHMENT,0.0,PIPELINE IN-TRANSIT SUFFICIENT
2019-04-05,R03,3.0,0.2,6.22,23.26,23.06,29.51,48.17,99.29,71.57,0,0,INCREASE REPLENISHMENT,7.0,PROACTIVE (Forward Shortfall)
2019-04-06,R03,16.0,0.21,6.65,24.51,24.3,30.93,50.88,104.46,89.57,0,0,INCREASE REPLENISHMENT,8.0,PROACTIVE (Forward Shortfall)
2019-04-07,R03,0.0,0.34,7.02,22.59,22.25,26.97,48.03,94.74,73.57,0,0,INCREASE REPLENISHMENT,7.0,PROACTIVE (Forward Shortfall)
2019-04-08,R03,4.0,0.29,6.08,24.65,24.36,32.16,50.4,106.11,80.57,0,0,INCREASE REPLENISHMENT,11.0,PROACTIVE (Forward Shortfall)
2019-04-09,R03,3.0,0.36,6.3,24.89,24.53,32.2,51.1,106.87,84.57,0,0,INCREASE REPLENISHMENT,5.0,PROACTIVE (Forward Shortfall)
2019-04-10,R03,9.0,0.26,6.12,24.36,24.1,31.59,49.95,104.67,88.57,0,0,INCREASE REPLENISHMENT,1.0,PROACTIVE (Forward Shortfall)
2019-04-11,R03,7.0,0.31,6.09,22.22,21.91,27.94,46.21,94.6,90.57,0,0,MAINTAIN REPLENISHMENT,0.0,PIPELINE IN-TRANSIT SUFFICIENT
2019-04-12,R03,6.0,0.27,5.63,23.55,23.28,31.04,47.93,101.69,88.57,0,0,INCREASE REPLENISHMENT,13.0,PROACTIVE (Forward Shortfall)
2019-04-13,R03,6.0,0.19,5.32,23.51,23.32,31.51,47.47,102.04,83.57,0,0,INCREASE REPLENISHMENT,6.0,PROACTIVE (Forward Shortfall)
2019-04-14,R03,7.0,0.25,4.98,24.38,24.13,33.6,48.54,106.74,77.57,0,0,INCREASE REPLENISHMENT,11.0,PROACTIVE (Forward Shortfall)
2019-04-15,R03,3.0,0.3,5.19,22.94,22.64,30.74,46.31,99.56,83.57,0,0,MAINTAIN REPLENISHMENT,0.0,PIPELINE IN-TRANSIT SUFFICIENT
2019-04-16,R03,1.0,0.3,5.24,23.43,23.13,31.51,47.23,101.8,86.57,0,0,INCREASE REPLENISHMENT,5.0,PROACTIVE (Forward Shortfall)
2019-04-17,R03,24.0,0.28,4.62,24.44,24.16,34.33,48.19,107.65,96.57,0,0,MAINTAIN REPLENISHMENT,0.0,HEALTHY ZONE
2019-04-18,R03,0.0,0.32,5.09,24.14,23.82,33.0,48.27,105.42,72.57,0,0,INCREASE REPLENISHMENT,28.0,PROACTIVE (Forward Shortfall)
2019-04-19,R03,6.0,0.23,4.38,24.53,24.3,34.9,48.04,108.49,77.57,0,0,INCREASE REPLENISHMENT,3.0,PROACTIVE (Forward Shortfall)
2019-04-20,R03,0.0,0.03,4.61,24.76,24.73,34.9,48.73,109.18,71.57,0,0,INCREASE REPLENISHMENT,7.0,PROACTIVE (Forward Shortfall)
2019-04-21,R03,2.0,0.03,3.65,24.6,24.57,36.29,47.24,110.09,99.57,0,0,INCREASE REPLENISHMENT,1.0,PROACTIVE (Forward Shortfall)
2019-04-22,R03,31.0,0.02,3.17,24.31,24.29,36.62,46.13,109.55,100.57,0,0,INCREASE REPLENISHMENT,1.0,PROACTIVE (Forward Shortfall)
2019-04-23,R03,4.0,0.31,3.12,32.85,32.54,51.49,60.85,150.04,76.57,0,0,INCREASE REPLENISHMENT,72.0,PROACTIVE (Forward Shortfall)
2019-04-24,R03,12.0,0.04,3.36,32.55,32.51,50.56,60.64,148.21,73.57,0,0,INCREASE REPLENISHMENT,2.0,PROACTIVE (Forward Shortfall)
2019-04-25,R03,7.0,0.21,3.45,29.49,29.28,45.1,55.45,133.57,62.57,0,0,MAINTAIN REPLENISHMENT,0.0,PIPELINE IN-TRANSIT SUFFICIENT
2019-04-26,R03,1.0,0.26,3.33,28.32,28.06,43.28,53.27,128.24,127.57,0,0,MAINTAIN REPLENISHMENT,0.0,HEALTHY ZONE
2019-04-27,R03,7.0,0.06,3.09,28.86,28.8,44.63,53.9,131.21,128.57,0,0,MAINTAIN REPLENISHMENT,0.0,HEALTHY ZONE
2019-04-28,R03,0.0,0.05,3.05,27.69,27.64,42.68,51.83,125.75,121.57,0,0,MAINTAIN REPLENISHMENT,0.0,HEALTHY ZONE
2019-04-29,R03,0.0,0.04,3.29,28.44,28.4,43.56,53.43,128.88,121.57,0,0,MAINTAIN REPLENISHMENT,0.0,HEALTHY ZONE
2019-04-30,R03,28.0,0.05,2.76,24.44,24.39,37.55,45.83,110.87,121.57,0,1,REDUCE REPLENISHMENT,0.0,OVERSTOCKED
2019-05-01,R03,1.0,0.29,3.3,27.21,26.92,41.41,51.31,123.04,93.57,0,0,INCREASE REPLENISHMENT,30.0,PROACTIVE (Forward Shortfall)
2019-05-02,R03,3.0,0.1,3.8,27.93,27.83,41.79,53.19,125.58,92.57,0,0,INCREASE REPLENISHMENT,4.0,PROACTIVE (Forward Shortfall)
2019-05-03,R03,16.0,0.12,3.88,28.13,28.01,42.0,53.64,126.39,89.57,0,0,INCREASE REPLENISHMENT,3.0,PROACTIVE (Forward Shortfall)
2019-05-04,R03,16.0,0.26,3.51,28.6,28.34,43.46,53.99,129.26,103.57,0,0,INCREASE REPLENISHMENT,19.0,PROACTIVE (Forward Shortfall)
2019-05-05,R03,0.0,0.26,3.7,29.62,29.36,44.89,55.99,133.75,91.57,0,0,INCREASE REPLENISHMENT,21.0,PROACTIVE (Forward Shortfall)
2019-05-06,R03,9.0,0.34,3.39,29.31,28.97,44.89,55.06,132.82,94.57,0,0,MAINTAIN REPLENISHMENT,0.0,PIPELINE IN-TRANSIT SUFFICIENT
2019-05-07,R03,6.0,0.22,3.92,28.34,28.12,42.3,54.06,127.32,104.57,0,0,MAINTAIN REPLENISHMENT,0.0,HEALTHY ZONE
2019-05-08,R03,20.0,0.28,3.42,23.72,23.44,35.16,45.42,106.32,119.57,0,1,REDUCE REPLENISHMENT,0.0,OVERSTOCKED
2019-05-09,R03,31.0,0.28,3.68,24.4,24.12,35.89,46.93,109.09,99.57,0,0,INCREASE REPLENISHMENT,10.0,PROACTIVE (Forward Shortfall)
2019-05-10,R03,26.0,0.3,3.95,28.25,27.95,42.09,53.94,126.84,68.57,0,0,INCREASE REPLENISHMENT,49.0,PROACTIVE (Forward Shortfall)
2019-05-11,R03,12.0,0.31,4.07,30.34,30.03,45.5,57.71,136.52,42.57,1,0,INCREASE REPLENISHMENT,35.0,REACTIVE (Below ROP)
2019-05-12,R03,19.0,0.26,4.37,30.78,30.52,45.74,58.85,138.08,40.57,1,0,INCREASE REPLENISHMENT,14.0,REACTIVE (Below ROP)
2019-05-13,R03,11.0,0.3,4.63,26.84,26.54,38.47,52.36,118.99,70.57,0,0,MAINTAIN REPLENISHMENT,0.0,PIPELINE IN-TRANSIT SUFFICIENT
2019-05-14,R03,11.0,0.19,4.05,25.69,25.5,37.48,49.63,114.55,94.57,0,0,INCREASE REPLENISHMENT,6.0,PROACTIVE (Forward Shortfall)
2019-05-15,R03,5.0,0.33,3.99,23.69,23.36,34.12,46.09,105.19,97.57,0,0,INCREASE REPLENISHMENT,2.0,PROACTIVE (Forward Shortfall)
2019-05-16,R03,16.291666667,0.19,4.13,26.75,26.56,39.18,51.57,119.43,92.57,0,0,INCREASE REPLENISHMENT,19.0,PROACTIVE (Forward Shortfall)
2019-05-17,R03,4.0,0.17,3.84,26.16,25.99,38.66,50.18,117.14,82.28,0,0,INCREASE REPLENISHMENT,14.0,PROACTIVE (Forward Shortfall)
2019-05-18,R03,5.0,0.3,4.43,25.05,24.75,35.71,49.0,110.86,80.28,0,0,MAINTAIN REPLENISHMENT,0.0,PIPELINE IN-TRANSIT SUFFICIENT
2019-05-19,R03,9.0,0.3,4.04,24.51,24.21,35.46,47.58,108.99,94.28,0,0,MAINTAIN REPLENISHMENT,0.0,HEALTHY ZONE
2019-05-20,R03,13.0,0.34,4.17,22.21,21.87,31.25,43.76,97.88,99.28,0,1,REDUCE REPLENISHMENT,0.0,OVERSTOCKED
2019-05-21,R03,1.0,0.29,4.28,21.5,21.21,29.83,42.67,94.33,86.28,0,0,INCREASE REPLENISHMENT,9.0,PROACTIVE (Forward Shortfall)
2019-05-22,R03,9.0,0.32,4.19,25.6,25.28,37.08,49.65,113.88,85.28,0,0,INCREASE REPLENISHMENT,20.0,PROACTIVE (Forward Shortfall)
2019-05-23,R03,10.0,0.3,3.87,23.78,23.48,34.49,46.1,105.83,76.28,0,0,INCREASE REPLENISHMENT,1.0,PROACTIVE (Forward Shortfall)
2019-05-24,R03,5.0,0.3,4.39,23.31,23.01,32.77,45.94,102.7,75.28,0,0,INCREASE REPLENISHMENT,7.0,PROACTIVE (Forward Shortfall)
2019-05-25,R03,16.0,0.3,3.95,24.06,23.76,34.83,46.68,107.01,90.28,0,0,MAINTAIN REPLENISHMENT,0.0,HEALTHY ZONE
2019-05-26,R03,11.0,0.3,4.65,22.58,22.28,31.06,45.01,98.8,75.28,0,0,INCREASE REPLENISHMENT,17.0,PROACTIVE (Forward Shortfall)
2019-05-27,R03,0.0,0.33,4.84,18.82,18.49,24.21,38.73,80.67,71.28,0,0,MAINTAIN REPLENISHMENT,0.0,PIPELINE IN-TRANSIT SUFFICIENT
2019-05-28,R03,5.0,0.32,4.06,19.54,19.22,26.81,38.99,85.43,71.28,0,0,MAINTAIN REPLENISHMENT,0.0,PIPELINE IN-TRANSIT SUFFICIENT
2019-05-29,R03,0.0,0.32,4.22,22.6,22.28,31.84,44.5,99.64,83.28,0,0,INCREASE REPLENISHMENT,17.0,PROACTIVE (Forward Shortfall)
2019-05-30,R03,6.0,0.23,4.65,21.97,21.74,30.0,43.95,95.91,83.28,0,0,MAINTAIN REPLENISHMENT,0.0,PIPELINE IN-TRANSIT SUFFICIENT
2019-05-31,R03,2.0,0.27,4.26,20.63,20.36,28.35,41.13,90.24,77.28,0,0,MAINTAIN REPLENISHMENT,0.0,PIPELINE IN-TRANSIT SUFFICIENT
2019-06-01,R03,8.0,0.25,3.99,24.3,24.05,35.18,47.15,108.08,92.28,0,0,INCREASE REPLENISHMENT,16.0,PROACTIVE (Forward Shortfall)
2019-06-02,R03,6.0,0.28,4.64,23.94,23.66,33.43,47.35,105.25,84.28,0,0,INCREASE REPLENISHMENT,5.0,PROACTIVE (Forward Shortfall)
2019-06-03,R03,5.0,0.29,4.01,24.48,24.19,35.46,47.49,108.9,78.28,0,0,INCREASE REPLENISHMENT,10.0,PROACTIVE (Forward Shortfall)
2019-06-04,R03,12.0,0.31,4.12,24.26,23.95,34.88,47.24,107.66,89.28,0,0,INCREASE REPLENISHMENT,4.0,PROACTIVE (Forward Shortfall)
2019-06-05,R03,1.0,0.28,3.65,22.03,21.75,31.84,42.79,97.93,82.28,0,0,INCREASE REPLENISHMENT,2.0,PROACTIVE (Forward Shortfall)
2019-06-06,R03,11.0,0.28,3.94,24.67,24.39,35.91,47.73,109.92,91.28,0,0,INCREASE REPLENISHMENT,13.0,PROACTIVE (Forward Shortfall)
2019-06-07,R03,16.0,0.22,3.31,27.03,26.81,41.08,51.01,122.17,84.28,0,0,INCREASE REPLENISHMENT,23.0,PROACTIVE (Forward Shortfall)
2019-06-08,R03,0.0,0.24,3.54,23.68,23.44,34.88,45.5,105.92,70.28,0,0,MAINTAIN REPLENISHMENT,0.0,PIPELINE IN-TRANSIT SUFFICIENT
2019-06-09,R03,0.0,0.23,3.48,24.17,23.94,35.84,46.28,108.35,83.28,0,0,INCREASE REPLENISHMENT,3.0,PROACTIVE (Forward Shortfall)
2019-06-10,R03,6.0,0.04,3.05,22.75,22.71,34.12,43.27,102.37,106.28,0,1,REDUCE REPLENISHMENT,0.0,OVERSTOCKED
2019-06-11,R03,7.0,0.05,3.31,22.9,22.85,33.93,43.86,102.63,100.28,0,0,MAINTAIN REPLENISHMENT,0.0,HEALTHY ZONE
2019-06-12,R03,1.0,0.06,3.0,23.34,23.28,35.23,44.23,105.25,96.28,0,0,MAINTAIN REPLENISHMENT,0.0,HEALTHY ZONE
2019-06-13,R03,2.0,0.0,2.91,23.16,23.16,35.07,43.8,104.55,95.28,0,0,MAINTAIN REPLENISHMENT,0.0,HEALTHY ZONE
2019-06-14,R03,0.0,0.01,3.04,23.23,23.22,34.97,44.09,104.66,93.28,0,0,MAINTAIN REPLENISHMENT,0.0,HEALTHY ZONE
2019-06-15,R03,7.0,0.03,2.17,23.03,23.0,36.13,42.64,105.22,93.28,0,0,MAINTAIN REPLENISHMENT,0.0,HEALTHY ZONE
2019-06-16,R03,0.0,0.03,2.69,22.1,22.07,33.62,41.69,99.92,86.28,0,0,MAINTAIN REPLENISHMENT,0.0,HEALTHY ZONE
2019-06-17,R03,2.0,0.02,3.16,21.17,21.15,31.19,40.67,94.7,86.28,0,0,MAINTAIN REPLENISHMENT,0.0,HEALTHY ZONE
2019-06-18,R03,2.0,0.02,2.99,21.0,20.98,31.19,40.16,94.19,84.28,0,0,MAINTAIN REPLENISHMENT,0.0,HEALTHY ZONE
2019-06-19,R03,2.0,0.01,2.39,22.15,22.14,34.23,41.4,100.68,82.28,0,0,MAINTAIN REPLENISHMENT,0.0,HEALTHY ZONE
2019-06-20,R03,0.0,0.0,2.15,21.96,21.96,34.31,40.76,100.19,80.28,0,0,MAINTAIN REPLENISHMENT,0.0,HEALTHY ZONE
2019-06-21,R03,4.0,0.0,1.9,21.72,21.72,34.33,40.03,99.49,80.28,0,0,INCREASE REPLENISHMENT,20.0,PROACTIVE (Forward Shortfall)
2019-06-22,R03,12.0,0.0,2.33,21.0,21.0,32.34,39.33,95.34,76.28,0,0,MAINTAIN REPLENISHMENT,0.0,PIPELINE IN-TRANSIT SUFFICIENT
2019-06-23,R03,10.0,0.0,2.51,22.66,22.66,34.9,42.43,102.88,64.28,0,0,INCREASE REPLENISHMENT,19.0,PROACTIVE (Forward Shortfall)
2019-06-24,R03,3.0,0.0,3.03,26.91,26.91,41.36,50.45,122.09,74.28,0,0,INCREASE REPLENISHMENT,29.0,PROACTIVE (Forward Shortfall)
2019-06-25,R03,0.0,0.01,2.86,26.8,26.79,41.47,50.05,121.87,71.28,0,0,INCREASE REPLENISHMENT,3.0,PROACTIVE (Forward Shortfall)
2019-06-26,R03,0.0,0.0,2.85,21.87,21.87,32.94,41.49,98.55,90.28,0,0,MAINTAIN REPLENISHMENT,0.0,HEALTHY ZONE
2019-06-27,R03,7.0,0.0,2.53,22.43,22.43,34.47,42.06,101.76,119.28,0,1,REDUCE REPLENISHMENT,0.0,OVERSTOCKED
2019-06-28,R03,2.0,0.0,3.02,22.96,22.96,34.54,43.6,103.42,115.28,0,1,REDUCE REPLENISHMENT,0.0,OVERSTOCKED
2019-06-29,R03,5.0,0.0,2.81,21.63,21.63,32.6,41.03,97.49,113.28,0,1,REDUCE REPLENISHMENT,0.0,OVERSTOCKED
2019-06-30,R03,11.0,0.0,3.05,22.52,22.52,33.72,42.87,101.28,108.28,0,1,REDUCE REPLENISHMENT,0.0,OVERSTOCKED
2019-07-01,R03,8.0,0.0,3.1,20.26,20.26,29.72,39.02,90.5,97.28,0,1,REDUCE REPLENISHMENT,0.0,OVERSTOCKED
2019-07-02,R03,1.0,0.0,2.85,27.97,27.97,43.51,52.06,127.42,89.28,0,0,MAINTAIN REPLENISHMENT,0.0,HEALTHY ZONE
2019-07-03,R03,1.0,0.0,2.84,20.7,20.7,30.93,39.45,93.03,88.28,0,0,MAINTAIN REPLENISHMENT,0.0,HEALTHY ZONE
2019-07-04,R03,3.0,0.0,2.86,22.69,22.69,34.35,42.93,102.42,87.28,0,0,MAINTAIN REPLENISHMENT,0.0,HEALTHY ZONE
2019-07-05,R03,0.0,0.0,2.4,22.56,22.56,34.92,42.12,102.6,84.28,0,0,MAINTAIN REPLENISHMENT,0.0,HEALTHY ZONE
2019-07-06,R03,1.0,0.01,2.51,21.91,21.9,33.6,41.13,99.33,84.28,0,0,MAINTAIN REPLENISHMENT,0.0,HEALTHY ZONE
2019-07-07,R03,3.0,0.02,2.45,21.37,21.35,32.77,40.12,96.88,83.28,0,0,MAINTAIN REPLENISHMENT,0.0,HEALTHY ZONE
2019-07-08,R03,4.0,0.01,2.08,19.69,19.68,30.5,36.74,89.57,80.28,0,0,MAINTAIN REPLENISHMENT,0.0,HEALTHY ZONE
2019-07-09,R03,3.0,0.01,1.74,21.09,21.08,33.52,38.74,96.79,76.28,0,0,INCREASE REPLENISHMENT,21.0,PROACTIVE (Forward Shortfall)
2019-07-10,R03,1.0,0.02,1.91,21.24,21.22,33.48,39.21,97.2,73.28,0,0,INCREASE REPLENISHMENT,3.0,PROACTIVE (Forward Shortfall)
2019-07-11,R03,0.0,0.01,1.53,20.82,20.81,33.41,38.0,95.87,72.28,0,0,MAINTAIN REPLENISHMENT,0.0,PIPELINE IN-TRANSIT SUFFICIENT
2019-07-12,R03,2.0,0.0,1.18,19.81,19.81,32.27,35.81,91.7,93.28,0,1,REDUCE REPLENISHMENT,0.0,OVERSTOCKED
2019-07-13,R03,0.0,0.01,1.23,21.17,21.16,34.54,38.23,98.05,94.28,0,0,MAINTAIN REPLENISHMENT,0.0,HEALTHY ZONE
2019-07-14,R03,5.0,0.0,1.26,22.02,22.02,35.96,39.74,102.02,94.28,0,0,MAINTAIN REPLENISHMENT,0.0,HEALTHY ZONE
2019-07-15,R03,0.0,0.0,1.22,20.85,20.85,34.0,37.66,96.55,89.28,0,0,MAINTAIN REPLENISHMENT,0.0,HEALTHY ZONE
2019-07-16,R03,2.0,0.0,0.97,22.21,22.21,36.79,39.7,103.42,89.28,0,0,MAINTAIN REPLENISHMENT,0.0,HEALTHY ZONE
2019-07-17,R03,0.0,0.0,0.9,21.09,21.09,34.97,37.67,98.24,87.28,0,0,MAINTAIN REPLENISHMENT,0.0,HEALTHY ZONE
2019-07-18,R03,3.0,0.01,1.23,21.46,21.45,35.04,38.73,99.42,87.28,0,0,MAINTAIN REPLENISHMENT,0.0,HEALTHY ZONE
2019-07-19,R03,3.0,0.01,1.07,22.21,22.2,36.62,39.83,103.25,84.28,0,0,MAINTAIN REPLENISHMENT,0.0,HEALTHY ZONE
2019-07-20,R03,6.0,0.0,0.98,22.16,22.16,36.68,39.62,103.16,81.28,0,0,MAINTAIN REPLENISHMENT,0.0,HEALTHY ZONE
2019-07-21,R03,1.0,0.01,1.52,22.09,22.08,35.63,40.19,101.9,75.28,0,0,INCREASE REPLENISHMENT,27.0,PROACTIVE (Forward Shortfall)
2019-07-22,R03,0.0,0.0,1.13,21.98,21.98,36.11,39.5,102.05,74.28,0,0,INCREASE REPLENISHMENT,1.0,PROACTIVE (Forward Shortfall)
2019-07-23,R03,7.0,0.0,1.04,21.84,21.84,36.03,39.15,101.55,74.28,0,0,MAINTAIN REPLENISHMENT,0.0,PIPELINE IN-TRANSIT SUFFICIENT
2019-07-24,R03,2.0,0.01,1.63,20.93,20.92,33.43,38.32,96.22,94.28,0,0,MAINTAIN REPLENISHMENT,0.0,HEALTHY ZONE
2019-07-25,R03,11.0,0.01,1.55,21.66,21.65,34.83,39.48,99.81,93.28,0,0,MAINTAIN REPLENISHMENT,0.0,HEALTHY ZONE
2019-07-26,R03,8.0,0.0,2.03,22.05,22.05,34.68,40.77,100.83,82.28,0,0,INCREASE REPLENISHMENT,19.0,PROACTIVE (Forward Shortfall)
2019-07-27,R03,2.0,0.01,2.29,27.4,27.39,43.49,50.36,125.69,74.28,0,0,INCREASE REPLENISHMENT,33.0,PROACTIVE (Forward Shortfall)
2019-07-28,R03,0.0,0.0,1.89,22.25,22.25,35.26,40.93,102.01,72.28,0,0,MAINTAIN REPLENISHMENT,0.0,PIPELINE IN-TRANSIT SUFFICIENT
2019-07-29,R03,1.0,0.0,1.65,22.3,22.3,35.77,40.72,102.67,91.28,0,0,MAINTAIN REPLENISHMENT,0.0,PIPELINE IN-TRANSIT SUFFICIENT
2019-07-30,R03,33.0,0.01,2.13,22.09,22.08,34.57,40.96,100.84,123.28,0,1,REDUCE REPLENISHMENT,0.0,OVERSTOCKED
2019-07-31,R03,4.0,0.03,2.81,30.17,30.14,47.39,55.82,137.9,90.28,0,0,INCREASE REPLENISHMENT,48.0,PROACTIVE (Forward Shortfall)
2019-08-01,R03,1.0,0.0,2.84,29.9,29.9,46.87,55.39,136.57,86.28,0,0,INCREASE REPLENISHMENT,3.0,PROACTIVE (Forward Shortfall)
2019-08-02,R03,6.0,0.01,3.28,30.83,30.82,47.72,57.56,140.21,85.28,0,0,INCREASE REPLENISHMENT,4.0,PROACTIVE (Forward Shortfall)
2019-08-03,R03,1.0,0.01,2.96,30.51,30.5,47.72,56.6,139.25,127.28,0,0,MAINTAIN REPLENISHMENT,0.0,HEALTHY ZONE
2019-08-04,R03,2.0,0.01,2.85,30.54,30.53,47.96,56.51,139.58,129.28,0,0,MAINTAIN REPLENISHMENT,0.0,HEALTHY ZONE
2019-08-05,R03,5.0,0.0,2.68,30.05,30.05,47.41,55.45,137.56,131.28,0,0,MAINTAIN REPLENISHMENT,0.0,HEALTHY ZONE
2019-08-06,R03,6.0,0.01,2.71,29.6,29.59,46.57,54.7,135.37,126.28,0,0,MAINTAIN REPLENISHMENT,0.0,HEALTHY ZONE
2019-08-07,R03,21.0,0.01,2.83,21.88,21.87,33.0,41.49,98.64,120.28,0,1,REDUCE REPLENISHMENT,0.0,OVERSTOCKED
2019-08-08,R03,31.0,0.01,2.5,22.8,22.79,35.16,42.66,103.56,99.28,0,0,INCREASE REPLENISHMENT,5.0,PROACTIVE (Forward Shortfall)
2019-08-09,R03,1.0,0.07,3.08,29.64,29.57,46.0,55.24,134.92,68.28,0,0,INCREASE REPLENISHMENT,62.0,PROACTIVE (Forward Shortfall)
2019-08-10,R03,0.0,0.07,2.64,30.13,30.06,47.61,55.53,138.0,67.28,0,0,INCREASE REPLENISHMENT,4.0,PROACTIVE (Forward Shortfall)
2019-08-11,R03,2.0,0.1,3.03,30.78,30.68,48.06,57.15,140.4,72.28,0,0,INCREASE REPLENISHMENT,3.0,PROACTIVE (Forward Shortfall)
2019-08-12,R03,5.0,0.05,3.06,30.81,30.76,48.06,57.24,140.49,132.28,0,0,MAINTAIN REPLENISHMENT,0.0,HEALTHY ZONE
2019-08-13,R03,2.0,0.07,3.04,30.79,30.72,48.06,57.18,140.43,131.28,0,0,MAINTAIN REPLENISHMENT,0.0,HEALTHY ZONE
2019-08-14,R03,0.0,0.05,3.12,31.44,31.39,49.05,58.41,143.37,132.28,0,0,MAINTAIN REPLENISHMENT,0.0,HEALTHY ZONE
2019-08-15,R03,11.0,0.03,3.46,29.9,29.87,45.8,56.18,135.5,132.28,0,0,MAINTAIN REPLENISHMENT,0.0,HEALTHY ZONE
2019-08-16,R03,10.0,0.06,2.98,22.38,22.32,33.6,42.54,100.74,121.28,0,1,REDUCE REPLENISHMENT,0.0,OVERSTOCKED
2019-08-17,R03,0.0,0.04,3.06,23.79,23.75,35.91,45.09,107.28,111.28,0,1,REDUCE REPLENISHMENT,0.0,OVERSTOCKED
2019-08-18,R03,7.0,0.06,3.28,23.52,23.46,35.06,44.9,105.62,111.28,0,1,REDUCE REPLENISHMENT,0.0,OVERSTOCKED
2019-08-19,R03,0.0,0.05,3.68,22.75,22.7,33.03,44.07,101.28,104.28,0,1,REDUCE REPLENISHMENT,0.0,OVERSTOCKED
2019-08-20,R03,2.0,0.03,3.13,20.37,20.34,29.86,39.25,90.97,104.28,0,1,REDUCE REPLENISHMENT,0.0,OVERSTOCKED
2019-08-21,R03,5.0,0.04,2.72,23.22,23.18,35.51,43.67,105.17,102.28,0,0,MAINTAIN REPLENISHMENT,0.0,HEALTHY ZONE
2019-08-22,R03,10.0,0.03,3.2,22.28,22.25,33.05,42.65,99.89,97.28,0,0,MAINTAIN REPLENISHMENT,0.0,HEALTHY ZONE
2019-08-23,R03,4.0,0.02,3.56,21.68,21.66,31.38,42.06,96.42,87.28,0,0,INCREASE REPLENISHMENT,10.0,PROACTIVE (Forward Shortfall)
2019-08-24,R03,0.0,0.02,3.19,27.78,27.76,42.59,52.16,125.93,83.28,0,0,INCREASE REPLENISHMENT,33.0,PROACTIVE (Forward Shortfall)
2019-08-25,R03,3.0,0.03,3.36,22.5,22.47,33.15,43.23,100.65,83.28,0,0,MAINTAIN REPLENISHMENT,0.0,PIPELINE IN-TRANSIT SUFFICIENT
2019-08-26,R03,3.0,0.04,2.99,22.1,22.06,33.1,42.07,99.4,90.28,0,0,MAINTAIN REPLENISHMENT,0.0,HEALTHY ZONE
2019-08-27,R03,0.0,0.03,2.91,22.55,22.52,34.02,42.75,101.67,120.28,0,1,REDUCE REPLENISHMENT,0.0,OVERSTOCKED
2019-08-28,R03,0.0,0.0,2.53,21.05,21.05,32.08,39.67,95.23,120.28,0,1,REDUCE REPLENISHMENT,0.0,OVERSTOCKED
2019-08-29,R03,1.0,0.01,2.34,22.86,22.85,35.54,42.56,104.12,120.28,0,1,REDUCE REPLENISHMENT,0.0,OVERSTOCKED
2019-08-30,R03,2.0,0.01,1.73,22.64,22.63,36.22,41.41,104.14,119.28,0,1,REDUCE REPLENISHMENT,0.0,OVERSTOCKED
2019-08-31,R03,4.0,0.0,1.7,20.57,20.57,32.68,37.78,94.39,117.28,0,1,REDUCE REPLENISHMENT,0.0,OVERSTOCKED
2019-09-01,R03,5.0,0.0,1.82,20.52,20.52,32.39,37.85,93.95,113.28,0,1,REDUCE REPLENISHMENT,0.0,OVERSTOCKED
2019-09-02,R03,1.0,0.0,2.17,20.98,20.98,32.58,39.09,95.52,108.28,0,1,REDUCE REPLENISHMENT,0.0,OVERSTOCKED
2019-09-03,R03,1.0,0.0,1.42,21.76,21.76,35.23,39.49,100.51,107.28,0,1,REDUCE REPLENISHMENT,0.0,OVERSTOCKED
2019-09-04,R03,3.0,0.0,1.44,22.24,22.24,36.03,40.35,102.75,106.28,0,1,REDUCE REPLENISHMENT,0.0,OVERSTOCKED
2019-09-05,R03,1.0,0.0,1.44,23.53,23.53,38.26,42.58,108.85,103.28,0,0,MAINTAIN REPLENISHMENT,0.0,HEALTHY ZONE
2019-09-06,R03,0.0,0.0,1.13,22.25,22.25,36.58,39.97,103.33,102.28,0,0,MAINTAIN REPLENISHMENT,0.0,HEALTHY ZONE
2019-09-07,R03,6.0,0.0,1.39,21.03,21.03,34.02,38.19,97.11,102.28,0,1,REDUCE REPLENISHMENT,0.0,OVERSTOCKED
2019-09-08,R03,3.0,0.0,1.55,21.8,21.8,35.07,39.72,100.47,96.28,0,0,MAINTAIN REPLENISHMENT,0.0,HEALTHY ZONE
2019-09-09,R03,5.0,0.01,1.34,21.6,21.59,35.09,39.11,99.89,93.28,0,0,MAINTAIN REPLENISHMENT,0.0,HEALTHY ZONE
2019-09-10,R03,1.0,0.0,1.87,21.82,21.82,34.55,40.16,100.01,88.28,0,0,MAINTAIN REPLENISHMENT,0.0,HEALTHY ZONE
2019-09-11,R03,5.0,0.01,2.49,21.69,21.68,33.26,40.73,98.33,87.28,0,0,MAINTAIN REPLENISHMENT,0.0,HEALTHY ZONE
2019-09-12,R03,10.0,0.0,2.45,21.09,21.09,32.29,39.64,95.56,82.28,0,0,INCREASE REPLENISHMENT,14.0,PROACTIVE (Forward Shortfall)
2019-09-13,R03,5.0,0.0,3.21,22.54,22.54,33.48,43.11,101.1,72.28,0,0,INCREASE REPLENISHMENT,15.0,PROACTIVE (Forward Shortfall)
2019-09-14,R03,2.0,0.01,3.59,22.35,22.34,32.49,43.26,99.54,67.28,0,0,INCREASE REPLENISHMENT,4.0,PROACTIVE (Forward Shortfall)
2019-09-15,R03,2.0,0.0,3.74,21.26,21.26,30.35,41.57,94.13,79.28,0,0,MAINTAIN REPLENISHMENT,0.0,PIPELINE IN-TRANSIT SUFFICIENT
2019-09-16,R03,0.0,0.01,3.79,21.31,21.3,30.35,41.72,94.28,92.28,0,0,MAINTAIN REPLENISHMENT,0.0,HEALTHY ZONE
2019-09-17,R03,6.0,0.01,3.27,21.14,21.13,30.95,40.76,94.37,96.28,0,1,REDUCE REPLENISHMENT,0.0,OVERSTOCKED
2019-09-18,R03,2.0,0.0,3.38,22.81,22.81,33.65,43.79,102.08,90.28,0,0,MAINTAIN REPLENISHMENT,0.0,HEALTHY ZONE
2019-09-19,R03,3.0,0.01,3.35,22.18,22.17,32.61,42.66,99.15,88.28,0,0,MAINTAIN REPLENISHMENT,0.0,HEALTHY ZONE
2019-09-20,R03,1.0,0.01,3.39,20.73,20.72,30.03,40.2,92.22,85.28,0,0,MAINTAIN REPLENISHMENT,0.0,HEALTHY ZONE
2019-09-21,R03,6.0,0.0,2.84,21.0,21.0,31.45,39.97,94.45,84.28,0,0,INCREASE REPLENISHMENT,11.0,PROACTIVE (Forward Shortfall)
2019-09-22,R03,8.0,0.0,3.85,22.29,22.29,31.94,43.49,98.81,78.28,0,0,INCREASE REPLENISHMENT,10.0,PROACTIVE (Forward Shortfall)
2019-09-23,R03,1.0,0.01,3.64,23.21,23.2,33.9,44.82,103.53,70.28,0,0,INCREASE REPLENISHMENT,13.0,PROACTIVE (Forward Shortfall)
2019-09-24,R03,1.0,0.0,3.81,23.25,23.25,33.67,45.1,103.42,80.28,0,0,INCREASE REPLENISHMENT,1.0,PROACTIVE (Forward Shortfall)
2019-09-25,R03,1.416666667,0.01,3.38,24.18,24.17,36.03,46.17,108.57,89.28,0,0,INCREASE REPLENISHMENT,6.0,PROACTIVE (Forward Shortfall)
2019-09-26,R03,31.0,0.01,3.59,23.93,23.92,35.23,46.0,107.02,100.86,0,0,MAINTAIN REPLENISHMENT,0.0,PIPELINE IN-TRANSIT SUFFICIENT
2019-09-27,R03,2.0,0.04,4.64,30.5,30.46,44.79,58.71,136.29,70.86,0,0,INCREASE REPLENISHMENT,60.0,PROACTIVE (Forward Shortfall)
2019-09-28,R03,1.0,0.0,4.15,29.84,29.84,44.5,56.95,134.02,74.86,0,0,MAINTAIN REPLENISHMENT,0.0,PIPELINE IN-TRANSIT SUFFICIENT
2019-09-29,R03,3.0,0.01,5.19,31.39,31.38,45.38,60.95,139.55,73.86,0,0,INCREASE REPLENISHMENT,6.0,PROACTIVE (Forward Shortfall)
2019-09-30,R03,5.0,0.01,5.1,31.4,31.39,45.55,60.85,139.75,130.86,0,0,MAINTAIN REPLENISHMENT,0.0,HEALTHY ZONE
2019-10-01,R03,17.0,0.0,4.93,30.86,30.86,44.91,59.7,137.49,125.86,0,0,MAINTAIN REPLENISHMENT,0.0,HEALTHY ZONE
2019-10-02,R03,0.0,0.01,5.0,31.65,31.64,46.16,61.16,141.11,114.86,0,0,MAINTAIN REPLENISHMENT,0.0,HEALTHY ZONE
2019-10-03,R03,2.0,0.02,4.64,31.61,31.59,46.71,60.63,141.54,114.86,0,0,MAINTAIN REPLENISHMENT,0.0,HEALTHY ZONE
2019-10-04,R03,1.0,0.02,5.18,23.57,23.55,31.85,47.39,102.56,112.86,0,1,REDUCE REPLENISHMENT,0.0,OVERSTOCKED
2019-10-05,R03,0.0,0.0,4.86,24.54,24.54,34.09,48.67,107.71,111.86,0,1,REDUCE REPLENISHMENT,0.0,OVERSTOCKED
2019-10-06,R03,5.0,0.0,5.05,23.74,23.74,32.37,47.52,103.59,111.86,0,1,REDUCE REPLENISHMENT,0.0,OVERSTOCKED
2019-10-07,R03,10.0,0.0,5.13,24.36,24.36,33.31,48.7,106.39,106.86,0,1,REDUCE REPLENISHMENT,0.0,OVERSTOCKED
2019-10-08,R03,2.0,0.01,5.57,23.79,23.78,31.56,48.27,102.93,96.86,0,0,MAINTAIN REPLENISHMENT,0.0,HEALTHY ZONE
2020-01-01,R03,,0.4,6.73,18.5,18.1,20.39,40.58,75.89,94.86,0,1,REDUCE REPLENISHMENT,0.0,OVERSTOCKED
2020-01-02,R03,,0.15,6.71,15.1,14.95,14.53,34.66,59.83,88.13,0,1,REDUCE REPLENISHMENT,0.0,OVERSTOCKED
2020-01-03,R03,,0.03,6.8,15.07,15.04,14.32,34.72,59.53,81.42,0,1,REDUCE REPLENISHMENT,0.0,OVERSTOCKED
2020-01-04,R03,,0.04,6.65,14.07,14.03,12.85,32.8,55.06,74.62,0,1,REDUCE REPLENISHMENT,0.0,OVERSTOCKED
2020-01-05,R03,,0.16,6.99,15.14,14.98,14.12,35.09,59.54,67.97,0,1,MAINTAIN REPLENISHMENT,0.0,PIPELINE IN-TRANSIT SUFFICIENT
2020-01-06,R03,,0.18,6.79,14.77,14.59,13.82,34.19,58.13,60.98,0,1,MAINTAIN REPLENISHMENT,0.0,PIPELINE IN-TRANSIT SUFFICIENT
2020-01-07,R03,,0.21,6.7,15.82,15.61,15.8,35.9,63.26,54.19,0,0,INCREASE REPLENISHMENT,10.0,PROACTIVE (Forward Shortfall)
2020-01-08,R03,,0.36,7.48,14.03,13.67,11.34,33.78,53.43,47.49,0,0,MAINTAIN REPLENISHMENT,0.0,PIPELINE IN-TRANSIT SUFFICIENT
2020-01-09,R03,,0.5,7.44,16.37,15.87,15.47,37.79,64.58,40.01,0,0,INCREASE REPLENISHMENT,15.0,PROACTIVE (Forward Shortfall)
2020-01-10,R03,,0.46,7.25,14.03,13.57,11.74,33.49,53.83,42.57,0,0,MAINTAIN REPLENISHMENT,0.0,PIPELINE IN-TRANSIT SUFFICIENT
2020-01-11,R03,,0.44,7.41,15.45,15.01,13.93,36.16,60.28,35.32,1,0,INCREASE REPLENISHMENT,10.0,REACTIVE (Below ROP)
2020-01-12,R03,,0.53,7.8,16.33,15.8,14.77,38.17,63.76,42.91,0,0,INCREASE REPLENISHMENT,11.0,PROACTIVE (Forward Shortfall)
2020-01-13,R03,,0.52,8.21,13.25,12.73,8.73,33.36,48.48,35.11,0,0,MAINTAIN REPLENISHMENT,0.0,PIPELINE IN-TRANSIT SUFFICIENT
2020-01-14,R03,,0.74,7.71,12.82,12.08,8.85,31.98,47.31,36.9,0,0,MAINTAIN REPLENISHMENT,0.0,PIPELINE IN-TRANSIT SUFFICIENT
2020-01-15,R03,,0.42,9.8,15.44,15.02,9.77,39.17,56.09,40.19,0,0,INCREASE REPLENISHMENT,16.0,PROACTIVE (Forward Shortfall)
2020-01-16,R03,,0.42,8.48,17.89,17.47,16.3,41.74,69.97,30.39,1,0,INCREASE REPLENISHMENT,24.0,REACTIVE (Below ROP)
2020-01-17,R03,,0.54,8.06,14.67,14.13,11.45,35.63,55.46,21.91,1,0,MAINTAIN REPLENISHMENT,0.0,PIPELINE IN-TRANSIT SUFFICIENT
2020-01-18,R03,,0.42,7.86,13.84,13.42,10.36,33.94,51.88,29.85,1,0,MAINTAIN REPLENISHMENT,0.0,PIPELINE IN-TRANSIT SUFFICIENT
2020-01-19,R03,,0.4,8.16,16.79,16.39,14.95,39.43,65.32,45.99,0,0,INCREASE REPLENISHMENT,20.0,PROACTIVE (Forward Shortfall)
2020-01-20,R03,,0.68,8.57,17.16,16.48,14.88,40.59,66.36,37.83,1,0,INCREASE REPLENISHMENT,9.0,REACTIVE (Below ROP)
2020-01-21,R03,,0.32,8.11,18.11,17.79,17.32,41.65,71.65,29.26,1,0,INCREASE REPLENISHMENT,14.0,REACTIVE (Below ROP)
2020-01-22,R03,,0.43,7.69,14.77,14.34,12.26,35.33,56.57,41.15,0,0,MAINTAIN REPLENISHMENT,0.0,PIPELINE IN-TRANSIT SUFFICIENT
2020-01-23,R03,,0.45,7.97,14.65,14.2,11.57,35.48,55.52,42.46,0,0,MAINTAIN REPLENISHMENT,0.0,PIPELINE IN-TRANSIT SUFFICIENT
2020-01-24,R03,,0.42,8.34,14.58,14.16,10.81,35.83,54.55,48.49,0,0,INCREASE REPLENISHMENT,7.0,PROACTIVE (Forward Shortfall)
2020-01-25,R03,,0.45,8.16,14.12,13.67,10.32,34.8,52.68,40.15,0,0,INCREASE REPLENISHMENT,6.0,PROACTIVE (Forward Shortfall)
2020-01-26,R03,,0.61,8.39,17.2,16.59,15.26,40.43,66.86,31.99,1,0,INCREASE REPLENISHMENT,22.0,REACTIVE (Below ROP)
2020-01-27,R03,,0.65,8.86,18.15,17.5,16.09,42.67,70.54,30.6,1,0,INCREASE REPLENISHMENT,12.0,REACTIVE (Below ROP)
2020-01-28,R03,,0.53,8.31,15.14,14.61,11.83,36.76,57.25,27.74,1,0,MAINTAIN REPLENISHMENT,0.0,PIPELINE IN-TRANSIT SUFFICIENT
2020-01-29,R03,,0.74,9.39,18.87,18.13,16.42,44.59,73.03,41.43,1,0,INCREASE REPLENISHMENT,20.0,REACTIVE (Below ROP)
2020-01-30,R03,,0.58,8.2,16.69,16.11,14.71,39.31,64.78,44.04,0,0,INCREASE REPLENISHMENT,1.0,PROACTIVE (Forward Shortfall)
2020-01-31,R03,,0.79,8.15,17.07,16.28,15.45,39.9,66.66,35.84,1,0,INCREASE REPLENISHMENT,10.0,REACTIVE (Below ROP)
2020-02-01,R03,,1.24,8.05,16.2,14.96,14.12,38.27,62.72,47.69,0,0,INCREASE REPLENISHMENT,5.0,PROACTIVE (Forward Shortfall)
2020-02-02,R03,,0.63,8.44,17.93,17.3,16.44,41.76,70.23,40.64,1,0,INCREASE REPLENISHMENT,15.0,REACTIVE (Below ROP)
2020-02-03,R03,,0.63,8.51,17.7,17.07,15.92,41.45,69.02,42.2,0,0,INCREASE REPLENISHMENT,7.0,PROACTIVE (Forward Shortfall)
2020-02-04,R03,,1.47,8.09,17.32,15.85,15.99,40.26,67.95,38.69,1,0,INCREASE REPLENISHMENT,8.0,REACTIVE (Below ROP)
2020-02-05,R03,,0.44,9.67,18.98,18.54,16.13,45.14,73.07,45.6,0,0,INCREASE REPLENISHMENT,13.0,PROACTIVE (Forward Shortfall)
2020-02-06,R03,,0.26,8.4,17.3,17.04,15.42,40.62,67.32,42.93,0,0,INCREASE REPLENISHMENT,4.0,PROACTIVE (Forward Shortfall)
2020-02-07,R03,,1.23,8.41,17.73,16.5,16.14,41.37,69.33,42.53,0,0,INCREASE REPLENISHMENT,10.0,PROACTIVE (Forward Shortfall)
2020-02-08,R03,,0.34,8.36,17.7,17.36,16.18,41.26,69.28,47.12,0,0,INCREASE REPLENISHMENT,9.0,PROACTIVE (Forward Shortfall)
2020-02-09,R03,,0.52,8.42,18.6,18.08,17.63,42.89,73.43,42.76,1,0,INCREASE REPLENISHMENT,12.0,REACTIVE (Below ROP)
2020-02-10,R03,,0.52,8.71,18.69,18.17,17.29,43.42,73.36,44.34,0,0,INCREASE REPLENISHMENT,9.0,PROACTIVE (Forward Shortfall)
2020-02-11,R03,,0.51,8.13,18.51,18.0,17.98,42.37,73.51,44.63,0,0,INCREASE REPLENISHMENT,8.0,PROACTIVE (Forward Shortfall)
2020-02-12,R03,,0.32,8.08,19.2,18.88,19.26,43.5,76.86,48.5,0,0,INCREASE REPLENISHMENT,12.0,PROACTIVE (Forward Shortfall)
2020-02-13,R03,,0.58,8.02,18.0,17.42,17.29,41.35,71.29,49.42,0,0,INCREASE REPLENISHMENT,2.0,PROACTIVE (Forward Shortfall)
2020-02-14,R03,,0.67,8.24,17.91,17.24,16.75,41.47,70.48,49.4,0,0,INCREASE REPLENISHMENT,8.0,PROACTIVE (Forward Shortfall)
2020-02-15,R03,,1.19,8.06,17.23,16.04,15.88,40.06,67.57,53.16,0,0,INCREASE REPLENISHMENT,5.0,PROACTIVE (Forward Shortfall)
2020-02-16,R03,,0.5,8.44,18.51,18.01,17.44,42.76,72.97,47.1,0,0,INCREASE REPLENISHMENT,13.0,PROACTIVE (Forward Shortfall)
2020-02-17,R03,,0.53,9.75,18.55,18.02,15.24,44.49,70.89,46.66,0,0,INCREASE REPLENISHMENT,7.0,PROACTIVE (Forward Shortfall)
2020-02-18,R03,,0.91,8.01,18.26,17.35,17.75,41.78,72.53,41.91,0,0,INCREASE REPLENISHMENT,11.0,PROACTIVE (Forward Shortfall)
2020-02-19,R03,,0.51,8.12,18.72,18.21,18.36,42.72,74.52,46.9,0,0,INCREASE REPLENISHMENT,10.0,PROACTIVE (Forward Shortfall)
2020-02-20,R03,,0.51,8.21,17.68,17.17,16.4,41.03,69.44,45.78,0,0,INCREASE REPLENISHMENT,3.0,PROACTIVE (Forward Shortfall)
2020-02-21,R03,,0.59,8.49,18.56,17.97,17.44,42.91,73.12,48.57,0,0,INCREASE REPLENISHMENT,12.0,PROACTIVE (Forward Shortfall)
2020-02-22,R03,,0.53,8.19,17.57,17.04,16.25,40.82,68.96,50.08,0,0,INCREASE REPLENISHMENT,4.0,PROACTIVE (Forward Shortfall)
2020-02-23,R03,,0.51,8.46,18.59,18.08,17.55,42.93,73.32,44.89,0,0,INCREASE REPLENISHMENT,13.0,PROACTIVE (Forward Shortfall)
2020-02-24,R03,,1.41,8.81,18.71,17.3,17.15,43.58,73.28,48.43,0,0,INCREASE REPLENISHMENT,8.0,PROACTIVE (Forward Shortfall)
2020-02-25,R03,,0.51,8.14,18.29,17.78,17.58,42.0,72.45,43.62,0,0,INCREASE REPLENISHMENT,8.0,PROACTIVE (Forward Shortfall)
2020-02-26,R03,,0.49,7.97,18.7,18.21,18.58,42.49,74.68,48.48,0,0,INCREASE REPLENISHMENT,11.0,PROACTIVE (Forward Shortfall)
2020-02-27,R03,,0.71,8.09,17.61,16.9,16.49,40.76,69.32,48.51,0,0,INCREASE REPLENISHMENT,2.0,PROACTIVE (Forward Shortfall)
2020-02-28,R03,,0.57,8.56,18.61,18.04,17.41,43.09,73.24,48.42,0,0,INCREASE REPLENISHMENT,12.0,PROACTIVE (Forward Shortfall)
2020-02-29,R03,,0.51,8.16,17.25,16.74,15.74,40.22,67.49,50.86,0,0,INCREASE REPLENISHMENT,3.0,PROACTIVE (Forward Shortfall)
2020-03-01,R03,,0.55,8.55,18.76,18.21,17.68,43.33,73.96,44.7,0,0,INCREASE REPLENISHMENT,15.0,PROACTIVE (Forward Shortfall)
2020-03-02,R03,,0.58,8.48,18.65,18.07,17.61,43.05,73.56,48.15,0,0,INCREASE REPLENISHMENT,8.0,PROACTIVE (Forward Shortfall)
2020-03-03,R03,,0.56,8.03,18.42,17.86,18.0,42.09,73.26,42.67,0,0,INCREASE REPLENISHMENT,8.0,PROACTIVE (Forward Shortfall)
2020-03-04,R03,,0.26,8.06,19.26,19.0,19.4,43.58,77.18,49.64,0,0,INCREASE REPLENISHMENT,12.0,PROACTIVE (Forward Shortfall)
2020-03-05,R03,,1.18,8.04,17.83,16.65,16.96,41.08,70.45,49.58,0,0,INCREASE REPLENISHMENT,1.0,PROACTIVE (Forward Shortfall)
2020-03-06,R03,,0.59,8.19,17.86,17.27,16.75,41.32,70.33,49.54,0,0,INCREASE REPLENISHMENT,8.0,PROACTIVE (Forward Shortfall)
2020-03-07,R03,,1.18,8.15,17.18,16.0,15.64,40.09,67.18,53.35,0,0,INCREASE REPLENISHMENT,5.0,PROACTIVE (Forward Shortfall)
2020-03-08,R03,,1.17,8.39,18.53,17.36,17.56,42.73,73.15,46.2,0,0,INCREASE REPLENISHMENT,14.0,PROACTIVE (Forward Shortfall)
2020-03-09,R03,,0.59,8.74,18.92,18.33,17.63,43.85,74.39,45.81,0,0,INCREASE REPLENISHMENT,10.0,PROACTIVE (Forward Shortfall)
2020-03-10,R03,,1.43,8.01,18.27,16.84,17.77,41.8,72.58,42.07,0,0,INCREASE REPLENISHMENT,7.0,PROACTIVE (Forward Shortfall)
2020-03-11,R03,,0.59,7.95,18.72,18.13,18.65,42.5,74.81,48.06,0,0,INCREASE REPLENISHMENT,10.0,PROACTIVE (Forward Shortfall)
2020-03-12,R03,,0.61,8.2,17.77,17.16,16.58,41.18,69.89,50.11,0,0,INCREASE REPLENISHMENT,3.0,PROACTIVE (Forward Shortfall)
2020-03-13,R03,,0.62,8.58,18.61,17.99,17.37,43.11,73.2,48.91,0,0,INCREASE REPLENISHMENT,12.0,PROACTIVE (Forward Shortfall)
2020-03-14,R03,,0.35,8.39,17.7,17.35,16.13,41.3,69.23,50.33,0,0,INCREASE REPLENISHMENT,4.0,PROACTIVE (Forward Shortfall)
2020-03-15,R03,,0.58,8.43,18.72,18.14,17.82,43.11,73.98,44.94,0,0,INCREASE REPLENISHMENT,14.0,PROACTIVE (Forward Shortfall)
2020-03-16,R03,,0.62,8.51,18.75,18.13,17.74,43.27,73.99,48.51,0,0,INCREASE REPLENISHMENT,8.0,PROACTIVE (Forward Shortfall)
2020-03-17,R03,,0.6,8.08,18.34,17.74,17.77,42.01,72.79,44.0,0,0,INCREASE REPLENISHMENT,7.0,PROACTIVE (Forward Shortfall)
2020-03-18,R03,,1.3,9.21,19.89,18.59,18.5,46.13,78.17,49.92,0,0,INCREASE REPLENISHMENT,14.0,PROACTIVE (Forward Shortfall)
2020-03-19,R03,,0.62,8.06,17.61,16.99,16.54,40.72,69.37,48.71,0,0,MAINTAIN REPLENISHMENT,0.0,PIPELINE IN-TRANSIT SUFFICIENT
2020-03-20,R03,,0.62,8.19,17.89,17.27,16.8,41.37,70.47,47.65,0,0,INCREASE REPLENISHMENT,9.0,PROACTIVE (Forward Shortfall)
2020-03-21,R03,,0.61,8.07,17.29,16.68,15.97,40.18,67.84,53.46,0,0,INCREASE REPLENISHMENT,6.0,PROACTIVE (Forward Shortfall)
2020-03-22,R03,,0.57,8.4,18.72,18.15,17.87,43.07,74.03,45.39,0,0,INCREASE REPLENISHMENT,14.0,PROACTIVE (Forward Shortfall)
2020-03-23,R03,,1.19,9.74,19.32,18.13,16.59,45.81,74.55,45.99,0,0,INCREASE REPLENISHMENT,9.0,PROACTIVE (Forward Shortfall)
2020-03-24,R03,,0.59,8.08,18.27,17.68,17.65,41.89,72.46,42.25,0,0,INCREASE REPLENISHMENT,8.0,PROACTIVE (Forward Shortfall)
2020-03-25,R03,,0.57,8.13,18.78,18.21,18.45,42.84,74.79,48.17,0,0,INCREASE REPLENISHMENT,10.0,PROACTIVE (Forward Shortfall)
2020-03-26,R03,,0.59,8.02,17.65,17.06,16.68,40.74,69.63,49.04,0,0,INCREASE REPLENISHMENT,3.0,PROACTIVE (Forward Shortfall)
2020-03-27,R03,,0.59,8.19,17.9,17.31,16.82,41.39,70.52,49.02,0,0,INCREASE REPLENISHMENT,9.0,PROACTIVE (Forward Shortfall)
2020-03-28,R03,,0.58,8.48,17.58,17.0,15.76,41.2,68.5,50.83,0,0,INCREASE REPLENISHMENT,6.0,PROACTIVE (Forward Shortfall)
2020-03-29,R03,,0.91,8.56,18.83,17.92,17.79,43.47,74.28,45.35,0,0,INCREASE REPLENISHMENT,14.0,PROACTIVE (Forward Shortfall)
2020-03-30,R03,,0.58,8.66,19.03,18.45,17.96,43.94,75.05,45.79,0,0,INCREASE REPLENISHMENT,10.0,PROACTIVE (Forward Shortfall)
2020-03-31,R03,,0.31,8.32,18.91,18.6,18.34,43.3,75.07,43.13,1,0,INCREASE REPLENISHMENT,8.0,REACTIVE (Below ROP)
2020-04-01,R03,,0.32,8.15,19.44,19.12,19.55,44.0,77.87,48.81,0,0,INCREASE REPLENISHMENT,12.0,PROACTIVE (Forward Shortfall)
2020-04-02,R03,,0.33,8.23,18.32,17.99,17.48,42.17,72.44,50.66,0,0,INCREASE REPLENISHMENT,2.0,PROACTIVE (Forward Shortfall)
2020-04-03,R03,,0.33,8.55,18.52,18.19,17.27,42.92,72.83,50.43,0,0,INCREASE REPLENISHMENT,9.0,PROACTIVE (Forward Shortfall)
2020-04-04,R03,,0.31,8.4,17.6,17.29,15.93,41.13,68.73,53.88,0,0,INCREASE REPLENISHMENT,4.0,PROACTIVE (Forward Shortfall)
2020-04-05,R03,,0.29,8.48,18.83,18.54,17.93,43.37,74.42,47.48,0,0,INCREASE REPLENISHMENT,14.0,PROACTIVE (Forward Shortfall)
2020-04-06,R03,,0.33,8.68,18.96,18.63,17.81,43.85,74.69,48.0,0,0,INCREASE REPLENISHMENT,9.0,PROACTIVE (Forward Shortfall)
2020-04-07,R03,,0.59,6.79,17.33,16.74,18.26,38.63,70.25,43.32,0,0,INCREASE REPLENISHMENT,4.0,PROACTIVE (Forward Shortfall)
2020-04-08,R03,,0.42,6.79,18.43,18.01,20.16,40.53,75.45,50.53,0,0,INCREASE REPLENISHMENT,12.0,PROACTIVE (Forward Shortfall)
2020-04-09,R03,,0.49,6.87,16.71,16.22,17.04,37.65,67.17,52.74,0,0,MAINTAIN REPLENISHMENT,0.0,PIPELINE IN-TRANSIT SUFFICIENT
2020-04-10,R03,,0.35,6.96,17.1,16.75,17.56,38.44,68.86,49.87,0,0,INCREASE REPLENISHMENT,7.0,PROACTIVE (Forward Shortfall)
2020-04-11,R03,,1.02,5.54,16.3,15.28,18.64,35.26,67.54,54.91,0,0,INCREASE REPLENISHMENT,6.0,PROACTIVE (Forward Shortfall)
2020-04-12,R03,,0.35,5.39,17.16,16.81,20.39,36.56,71.87,49.37,0,0,INCREASE REPLENISHMENT,10.0,PROACTIVE (Forward Shortfall)
2020-04-13,R03,,1.62,5.55,17.37,15.75,20.47,37.12,72.58,50.98,0,0,INCREASE REPLENISHMENT,6.0,PROACTIVE (Forward Shortfall)
2020-04-14,R03,,1.56,5.5,17.58,16.02,20.92,37.42,73.66,51.43,0,0,INCREASE REPLENISHMENT,7.0,PROACTIVE (Forward Shortfall)
2020-04-15,R03,,0.75,5.37,18.77,18.02,23.21,39.32,79.52,55.93,0,0,INCREASE REPLENISHMENT,11.0,PROACTIVE (Forward Shortfall)
2020-04-16,R03,,1.41,5.42,16.22,14.81,18.71,34.97,67.37,56.56,0,0,MAINTAIN REPLENISHMENT,0.0,PIPELINE IN-TRANSIT SUFFICIENT
2020-04-17,R03,,0.79,5.42,16.55,15.76,19.28,35.54,68.93,58.14,0,0,MAINTAIN REPLENISHMENT,0.0,PIPELINE IN-TRANSIT SUFFICIENT
2020-04-18,R03,,0.78,5.24,16.85,16.07,20.11,35.83,70.66,63.72,0,0,INCREASE REPLENISHMENT,7.0,PROACTIVE (Forward Shortfall)
2020-04-19,R03,,0.76,5.22,17.98,17.22,22.1,37.76,76.04,58.48,0,0,INCREASE REPLENISHMENT,11.0,PROACTIVE (Forward Shortfall)
2020-04-20,R03,,0.78,5.63,17.91,17.13,21.27,38.16,75.0,53.26,0,0,INCREASE REPLENISHMENT,4.0,PROACTIVE (Forward Shortfall)
2020-04-21,R03,,0.79,5.69,17.75,16.96,20.89,37.96,74.14,54.63,0,0,INCREASE REPLENISHMENT,5.0,PROACTIVE (Forward Shortfall)
2020-04-22,R03,,0.61,5.5,18.75,18.14,22.95,39.45,79.2,59.94,0,0,INCREASE REPLENISHMENT,11.0,PROACTIVE (Forward Shortfall)
2020-04-23,R03,,0.39,5.55,16.23,15.84,18.5,35.15,67.19,58.44,0,0,MAINTAIN REPLENISHMENT,0.0,PIPELINE IN-TRANSIT SUFFICIENT
2020-04-24,R03,,0.57,5.57,16.39,15.82,18.74,35.45,67.91,57.89,0,0,MAINTAIN REPLENISHMENT,0.0,PIPELINE IN-TRANSIT SUFFICIENT
2020-04-25,R03,,0.38,5.5,16.8,16.42,19.57,36.07,69.97,63.32,0,0,INCREASE REPLENISHMENT,7.0,PROACTIVE (Forward Shortfall)
2020-04-26,R03,,0.53,5.69,17.97,17.44,21.27,38.34,75.18,57.82,0,0,INCREASE REPLENISHMENT,11.0,PROACTIVE (Forward Shortfall)
2020-04-27,R03,,0.34,5.5,17.87,17.53,21.43,37.93,75.04,52.13,0,0,INCREASE REPLENISHMENT,5.0,PROACTIVE (Forward Shortfall)
2020-04-28,R03,,0.34,4.62,16.27,15.93,20.18,34.04,68.99,53.63,0,0,MAINTAIN REPLENISHMENT,0.0,PIPELINE IN-TRANSIT SUFFICIENT
2020-04-29,R03,,0.32,4.62,17.68,17.36,22.62,36.48,75.66,60.01,0,0,INCREASE REPLENISHMENT,11.0,PROACTIVE (Forward Shortfall)
2020-04-30,R03,,0.33,4.66,15.61,15.28,18.97,32.95,65.8,60.39,0,0,MAINTAIN REPLENISHMENT,0.0,PIPELINE IN-TRANSIT SUFFICIENT
2020-05-01,R03,,0.48,4.83,15.92,15.44,19.21,33.7,66.97,55.73,0,0,INCREASE REPLENISHMENT,1.0,PROACTIVE (Forward Shortfall)
2020-05-02,R03,,0.32,4.77,16.04,15.72,19.52,33.83,67.64,61.9,0,0,INCREASE REPLENISHMENT,5.0,PROACTIVE (Forward Shortfall)
2020-05-03,R03,,0.31,4.77,17.23,16.92,21.58,35.89,73.27,57.13,0,0,INCREASE REPLENISHMENT,11.0,PROACTIVE (Forward Shortfall)
2020-05-04,R03,,0.31,4.92,17.18,16.87,21.23,35.99,72.77,53.36,0,0,INCREASE REPLENISHMENT,4.0,PROACTIVE (Forward Shortfall)
2020-05-05,R03,,0.29,4.82,17.07,16.78,21.22,35.68,72.43,53.44,0,0,INCREASE REPLENISHMENT,4.0,PROACTIVE (Forward Shortfall)
2020-05-06,R03,,0.29,4.79,17.93,17.64,22.76,37.13,76.55,59.62,0,0,INCREASE REPLENISHMENT,9.0,PROACTIVE (Forward Shortfall)
2020-05-07,R03,,0.3,4.78,15.67,15.37,18.86,33.2,65.87,58.83,0,0,MAINTAIN REPLENISHMENT,0.0,PIPELINE IN-TRANSIT SUFFICIENT
2020-05-08,R03,,0.3,4.72,15.8,15.5,19.19,33.35,66.59,58.05,0,0,MAINTAIN REPLENISHMENT,0.0,PIPELINE IN-TRANSIT SUFFICIENT
2020-05-09,R03,,0.28,4.73,16.06,15.78,19.62,33.81,67.8,62.33,0,0,INCREASE REPLENISHMENT,6.0,PROACTIVE (Forward Shortfall)
2020-05-10,R03,,0.26,4.74,17.2,16.94,21.58,35.8,73.18,57.6,0,0,INCREASE REPLENISHMENT,10.0,PROACTIVE (Forward Shortfall)
2020-05-11,R03,,0.27,4.9,17.07,16.8,21.08,35.78,72.29,52.86,0,0,INCREASE REPLENISHMENT,4.0,PROACTIVE (Forward Shortfall)
2020-05-12,R03,,0.27,4.84,17.41,17.14,21.77,36.29,74.0,53.96,0,0,INCREASE REPLENISHMENT,7.0,PROACTIVE (Forward Shortfall)
2020-05-13,R03,,0.27,4.83,17.82,17.55,22.5,36.99,75.96,59.12,0,0,INCREASE REPLENISHMENT,6.0,PROACTIVE (Forward Shortfall)
2020-05-14,R03,,0.29,4.84,16.02,15.73,19.36,33.88,67.42,58.29,0,0,MAINTAIN REPLENISHMENT,0.0,PIPELINE IN-TRANSIT SUFFICIENT
2020-05-15,R03,,0.29,4.83,15.89,15.6,19.16,33.65,66.83,60.45,0,0,INCREASE REPLENISHMENT,1.0,PROACTIVE (Forward Shortfall)
2020-05-16,R03,,0.3,4.83,16.02,15.72,19.38,33.87,67.44,61.62,0,0,INCREASE REPLENISHMENT,5.0,PROACTIVE (Forward Shortfall)
2020-05-17,R03,,0.28,4.98,17.13,16.85,21.04,35.98,72.43,56.79,0,0,INCREASE REPLENISHMENT,10.0,PROACTIVE (Forward Shortfall)
2020-05-18,R03,,0.27,4.85,17.31,17.04,21.58,36.13,73.51,52.81,0,0,INCREASE REPLENISHMENT,6.0,PROACTIVE (Forward Shortfall)
2020-05-19,R03,,0.28,4.85,17.3,17.02,21.56,36.11,73.46,52.96,0,0,INCREASE REPLENISHMENT,5.0,PROACTIVE (Forward Shortfall)
2020-05-20,R03,,0.28,4.85,17.75,17.47,22.34,36.89,75.59,58.11,0,0,INCREASE REPLENISHMENT,7.0,PROACTIVE (Forward Shortfall)
2020-05-21,R03,,0.29,4.84,16.05,15.76,19.42,33.94,67.57,59.26,0,0,MAINTAIN REPLENISHMENT,0.0,PIPELINE IN-TRANSIT SUFFICIENT
2020-05-22,R03,,0.45,4.86,15.87,15.42,19.07,33.65,66.68,59.42,0,0,INCREASE REPLENISHMENT,1.0,PROACTIVE (Forward Shortfall)
2020-05-23,R03,,0.29,4.83,15.98,15.69,19.31,33.8,67.25,61.56,0,0,INCREASE REPLENISHMENT,5.0,PROACTIVE (Forward Shortfall)
2020-05-24,R03,,0.27,4.98,17.17,16.9,21.11,36.05,72.62,56.73,0,0,INCREASE REPLENISHMENT,10.0,PROACTIVE (Forward Shortfall)
2020-05-25,R03,,0.28,4.85,17.15,16.87,21.3,35.85,72.75,52.75,0,0,INCREASE REPLENISHMENT,5.0,PROACTIVE (Forward Shortfall)
2020-05-26,R03,,0.28,4.85,16.73,16.45,20.58,35.13,70.77,52.9,0,0,INCREASE REPLENISHMENT,3.0,PROACTIVE (Forward Shortfall)
2020-05-27,R03,,0.28,4.85,16.99,16.71,21.03,35.58,72.0,58.05,0,0,INCREASE REPLENISHMENT,6.0,PROACTIVE (Forward Shortfall)
2020-05-28,R03,,0.29,4.89,15.23,14.94,17.91,32.58,63.6,58.2,0,0,MAINTAIN REPLENISHMENT,0.0,PIPELINE IN-TRANSIT SUFFICIENT
2020-05-29,R03,,0.29,5.03,15.5,15.21,18.13,33.22,64.63,56.31,0,0,INCREASE REPLENISHMENT,3.0,PROACTIVE (Forward Shortfall)
2020-05-30,R03,,0.3,5.03,15.35,15.05,17.87,32.96,63.92,57.28,0,0,INCREASE REPLENISHMENT,4.0,PROACTIVE (Forward Shortfall)
2020-05-31,R03,,0.28,4.88,16.63,16.35,20.35,34.99,70.24,52.25,0,0,INCREASE REPLENISHMENT,11.0,PROACTIVE (Forward Shortfall)
2020-06-01,R03,,0.28,4.9,16.65,16.37,20.35,35.05,70.3,50.37,0,0,INCREASE REPLENISHMENT,5.0,PROACTIVE (Forward Shortfall)
2020-06-02,R03,,0.3,4.92,16.72,16.42,20.44,35.2,70.6,49.47,0,0,INCREASE REPLENISHMENT,6.0,PROACTIVE (Forward Shortfall)
2020-06-03,R03,,0.29,4.9,17.01,16.72,20.98,35.68,72.01,55.55,0,0,INCREASE REPLENISHMENT,6.0,PROACTIVE (Forward Shortfall)
2020-06-04,R03,,0.32,4.89,15.21,14.89,17.87,32.54,63.5,55.65,0,0,MAINTAIN REPLENISHMENT,0.0,PIPELINE IN-TRANSIT SUFFICIENT
2020-06-05,R03,,0.46,4.91,15.24,14.78,17.89,32.62,63.61,56.76,0,0,INCREASE REPLENISHMENT,1.0,PROACTIVE (Forward Shortfall)
2020-06-06,R03,,0.43,5.07,15.25,14.82,17.63,32.84,63.38,57.85,0,0,INCREASE REPLENISHMENT,5.0,PROACTIVE (Forward Shortfall)
2020-06-07,R03,,0.29,4.93,16.54,16.25,20.11,34.9,69.73,52.78,0,0,INCREASE REPLENISHMENT,11.0,PROACTIVE (Forward Shortfall)
2020-06-08,R03,,0.29,4.95,16.36,16.07,19.76,34.61,68.84,48.85,0,0,INCREASE REPLENISHMENT,4.0,PROACTIVE (Forward Shortfall)
2020-06-09,R03,,0.3,4.95,16.3,16.0,19.66,34.51,68.56,48.9,0,0,INCREASE REPLENISHMENT,5.0,PROACTIVE (Forward Shortfall)
2020-06-10,R03,,0.29,4.95,16.57,16.28,20.13,34.98,69.84,54.95,0,0,INCREASE REPLENISHMENT,6.0,PROACTIVE (Forward Shortfall)
2020-06-11,R03,,0.46,4.96,14.96,14.5,17.32,32.2,62.2,54.0,0,0,MAINTAIN REPLENISHMENT,0.0,PIPELINE IN-TRANSIT SUFFICIENT
2020-06-12,R03,,0.31,4.93,14.9,14.59,17.27,32.06,61.97,54.04,0,0,INCREASE REPLENISHMENT,2.0,PROACTIVE (Forward Shortfall)
2020-06-13,R03,,0.44,4.95,15.25,14.81,17.84,32.69,63.59,55.11,0,0,INCREASE REPLENISHMENT,7.0,PROACTIVE (Forward Shortfall)
2020-06-14,R03,,0.28,4.93,16.08,15.8,19.31,34.1,67.55,50.16,0,0,INCREASE REPLENISHMENT,9.0,PROACTIVE (Forward Shortfall)
2020-06-15,R03,,0.74,4.96,16.3,15.56,19.64,34.52,68.54,47.23,0,0,INCREASE REPLENISHMENT,6.0,PROACTIVE (Forward Shortfall)
2020-06-16,R03,,0.29,5.09,16.18,15.89,19.21,34.48,67.75,49.27,0,0,INCREASE REPLENISHMENT,4.0,PROACTIVE (Forward Shortfall)
2020-06-17,R03,,0.48,5.16,16.84,16.36,20.23,35.71,70.75,53.18,0,0,INCREASE REPLENISHMENT,8.0,PROACTIVE (Forward Shortfall)
2020-06-18,R03,,0.3,5.26,15.07,14.77,16.99,32.77,62.2,54.02,0,0,MAINTAIN REPLENISHMENT,0.0,PIPELINE IN-TRANSIT SUFFICIENT
2020-06-19,R03,,0.33,5.09,14.88,14.55,16.96,32.23,61.6,52.76,0,0,INCREASE REPLENISHMENT,1.0,PROACTIVE (Forward Shortfall)
2020-06-20,R03,,0.49,5.11,15.0,14.51,17.13,32.46,62.13,55.67,0,0,INCREASE REPLENISHMENT,6.0,PROACTIVE (Forward Shortfall)
2020-06-21,R03,,0.3,5.09,15.86,15.56,18.65,33.92,66.23,50.56,0,0,INCREASE REPLENISHMENT,9.0,PROACTIVE (Forward Shortfall)
2020-06-22,R03,,0.34,5.02,16.07,15.73,19.14,34.2,67.35,46.47,0,0,INCREASE REPLENISHMENT,6.0,PROACTIVE (Forward Shortfall)
2020-06-23,R03,,0.55,5.06,16.09,15.54,19.1,34.28,67.37,47.45,0,0,INCREASE REPLENISHMENT,5.0,PROACTIVE (Forward Shortfall)
2020-06-24,R03,,0.67,5.06,16.5,15.83,19.81,34.99,69.31,51.39,0,0,INCREASE REPLENISHMENT,7.0,PROACTIVE (Forward Shortfall)
2020-06-25,R03,,0.66,4.97,14.84,14.18,17.1,32.01,61.62,52.33,0,0,MAINTAIN REPLENISHMENT,0.0,PIPELINE IN-TRANSIT SUFFICIENT
2020-06-26,R03,,0.71,5.0,14.96,14.25,17.25,32.25,62.13,52.36,0,0,INCREASE REPLENISHMENT,3.0,PROACTIVE (Forward Shortfall)
2020-06-27,R03,,0.73,5.47,14.96,14.23,16.44,32.85,61.32,54.36,0,0,INCREASE REPLENISHMENT,4.0,PROACTIVE (Forward Shortfall)
2020-06-28,R03,,0.84,4.53,16.02,15.18,19.9,33.49,67.96,48.89,0,0,INCREASE REPLENISHMENT,13.0,PROACTIVE (Forward Shortfall)
2020-06-29,R03,,0.82,4.8,16.23,15.41,19.8,34.2,68.49,47.36,0,0,INCREASE REPLENISHMENT,5.0,PROACTIVE (Forward Shortfall)
2020-06-30,R03,,0.83,4.41,16.07,15.24,20.2,33.43,68.41,46.56,0,0,INCREASE REPLENISHMENT,4.0,PROACTIVE (Forward Shortfall)
2020-07-01,R03,,0.83,4.38,16.65,15.82,21.25,34.39,71.2,55.15,0,0,INCREASE REPLENISHMENT,8.0,PROACTIVE (Forward Shortfall)
2020-07-02,R03,,0.71,4.32,14.55,13.84,17.72,30.68,61.37,55.77,0,0,MAINTAIN REPLENISHMENT,0.0,PIPELINE IN-TRANSIT SUFFICIENT
2020-07-03,R03,,0.69,4.32,14.91,14.22,18.34,31.3,63.07,55.45,0,0,MAINTAIN REPLENISHMENT,0.0,PIPELINE IN-TRANSIT SUFFICIENT
2020-07-04,R03,,0.73,5.15,14.92,14.19,16.92,32.37,61.68,59.13,0,0,INCREASE REPLENISHMENT,3.0,PROACTIVE (Forward Shortfall)
2020-07-05,R03,,0.79,5.3,16.09,15.3,18.69,34.59,66.96,53.98,0,0,INCREASE REPLENISHMENT,10.0,PROACTIVE (Forward Shortfall)
2020-07-06,R03,,0.81,5.35,16.19,15.38,18.78,34.83,67.35,48.68,0,0,INCREASE REPLENISHMENT,6.0,PROACTIVE (Forward Shortfall)
2020-07-07,R03,,0.78,5.37,16.15,15.37,18.67,34.78,67.12,46.33,0,0,INCREASE REPLENISHMENT,5.0,PROACTIVE (Forward Shortfall)
2020-07-08,R03,,0.64,5.2,16.45,15.81,19.49,35.09,68.84,50.96,0,0,INCREASE REPLENISHMENT,7.0,PROACTIVE (Forward Shortfall)
2020-07-09,R03,,0.49,5.2,14.88,14.39,16.77,32.37,61.41,51.76,0,0,MAINTAIN REPLENISHMENT,0.0,PIPELINE IN-TRANSIT SUFFICIENT
2020-07-10,R03,,0.31,5.16,14.96,14.65,16.97,32.45,61.85,51.56,0,0,INCREASE REPLENISHMENT,4.0,PROACTIVE (Forward Shortfall)
2020-07-11,R03,,0.32,5.36,14.74,14.42,16.25,32.33,60.47,53.4,0,0,INCREASE REPLENISHMENT,4.0,PROACTIVE (Forward Shortfall)
2020-07-12,R03,,0.29,5.54,16.3,16.01,18.64,35.26,67.54,48.04,0,0,INCREASE REPLENISHMENT,12.0,PROACTIVE (Forward Shortfall)
2020-07-13,R03,,0.28,5.38,16.15,15.87,18.65,34.79,67.1,46.5,0,0,INCREASE REPLENISHMENT,5.0,PROACTIVE (Forward Shortfall)
2020-07-14,R03,,0.7,5.14,16.29,15.59,19.31,34.73,68.18,45.12,0,0,INCREASE REPLENISHMENT,7.0,PROACTIVE (Forward Shortfall)
2020-07-15,R03,,0.29,5.2,16.3,16.01,19.23,34.83,68.13,51.98,0,0,INCREASE REPLENISHMENT,5.0,PROACTIVE (Forward Shortfall)
2020-07-16,R03,,0.32,5.2,14.85,14.53,16.71,32.31,61.26,51.78,0,0,MAINTAIN REPLENISHMENT,0.0,PIPELINE IN-TRANSIT SUFFICIENT
2020-07-17,R03,,0.31,5.84,14.88,14.57,15.66,33.18,60.3,53.58,0,0,INCREASE REPLENISHMENT,2.0,PROACTIVE (Forward Shortfall)
2020-07-18,R03,,0.31,5.82,14.8,14.49,15.55,33.01,59.95,52.74,0,0,INCREASE REPLENISHMENT,6.0,PROACTIVE (Forward Shortfall)
2020-07-19,R03,,0.29,5.78,15.63,15.34,17.06,34.4,63.95,46.92,0,0,INCREASE REPLENISHMENT,10.0,PROACTIVE (Forward Shortfall)
2020-07-20,R03,,0.29,5.88,15.58,15.29,16.8,34.44,63.54,43.14,0,0,INCREASE REPLENISHMENT,5.0,PROACTIVE (Forward Shortfall)
2020-07-21,R03,,0.3,5.87,15.38,15.08,16.47,34.08,62.61,43.26,0,0,INCREASE REPLENISHMENT,5.0,PROACTIVE (Forward Shortfall)
2020-07-22,R03,,0.51,5.6,16.41,15.9,18.72,35.52,67.95,47.39,0,0,INCREASE REPLENISHMENT,11.0,PROACTIVE (Forward Shortfall)
2020-07-23,R03,,0.31,5.68,14.65,14.34,15.54,32.58,59.49,46.79,0,0,MAINTAIN REPLENISHMENT,0.0,PIPELINE IN-TRANSIT SUFFICIENT
2020-07-24,R03,,0.31,5.66,14.71,14.4,15.68,32.66,59.81,46.11,0,0,INCREASE REPLENISHMENT,3.0,PROACTIVE (Forward Shortfall)
2020-07-25,R03,,0.48,5.74,14.82,14.34,15.73,32.95,60.19,51.45,0,0,INCREASE REPLENISHMENT,6.0,PROACTIVE (Forward Shortfall)
2020-07-26,R03,,0.5,5.66,15.58,15.08,17.18,34.16,63.92,45.71,0,0,INCREASE REPLENISHMENT,10.0,PROACTIVE (Forward Shortfall)
2020-07-27,R03,,0.29,5.9,15.68,15.39,16.94,34.64,63.98,43.05,0,0,INCREASE REPLENISHMENT,5.0,PROACTIVE (Forward Shortfall)
2020-07-28,R03,,0.3,5.66,15.99,15.69,17.89,34.87,65.86,43.15,0,0,INCREASE REPLENISHMENT,8.0,PROACTIVE (Forward Shortfall)
2020-07-29,R03,,0.3,5.66,16.59,16.29,18.93,35.91,68.7,47.49,0,0,INCREASE REPLENISHMENT,9.0,PROACTIVE (Forward Shortfall)
2020-07-30,R03,,0.38,5.68,14.71,14.33,15.64,32.68,59.77,46.83,0,0,MAINTAIN REPLENISHMENT,0.0,PIPELINE IN-TRANSIT SUFFICIENT
2020-07-31,R03,,0.38,5.62,14.61,14.23,15.57,32.43,59.4,49.15,0,0,INCREASE REPLENISHMENT,2.0,PROACTIVE (Forward Shortfall)
2020-08-01,R03,,0.36,5.65,14.57,14.21,15.45,32.4,59.16,52.53,0,0,INCREASE REPLENISHMENT,5.0,PROACTIVE (Forward Shortfall)
2020-08-02,R03,,0.3,5.7,15.8,15.5,17.49,34.59,64.89,46.88,0,0,INCREASE REPLENISHMENT,12.0,PROACTIVE (Forward Shortfall)
2020-08-03,R03,,0.66,5.42,15.86,15.2,18.08,34.34,65.66,43.18,0,0,INCREASE REPLENISHMENT,6.0,PROACTIVE (Forward Shortfall)
2020-08-04,R03,,0.31,5.38,15.98,15.67,18.36,34.5,66.3,42.76,0,0,INCREASE REPLENISHMENT,6.0,PROACTIVE (Forward Shortfall)
2020-08-05,R03,,0.31,5.38,16.37,16.06,19.04,35.18,68.15,49.38,0,0,INCREASE REPLENISHMENT,7.0,PROACTIVE (Forward Shortfall)
2020-08-06,R03,,0.32,5.42,14.5,14.18,15.73,31.99,59.23,50.0,0,0,MAINTAIN REPLENISHMENT,0.0,PIPELINE IN-TRANSIT SUFFICIENT
2020-08-07,R03,,0.42,5.38,14.46,14.04,15.73,31.87,59.11,50.58,0,0,INCREASE REPLENISHMENT,2.0,PROACTIVE (Forward Shortfall)
2020-08-08,R03,,0.31,5.36,14.79,14.48,16.33,32.41,60.7,52.2,0,0,INCREASE REPLENISHMENT,7.0,PROACTIVE (Forward Shortfall)
2020-08-09,R03,,0.29,5.36,15.84,15.55,18.15,34.23,65.67,46.84,0,0,INCREASE REPLENISHMENT,10.0,PROACTIVE (Forward Shortfall)
2020-08-10,R03,,0.31,5.38,15.98,15.67,18.36,34.5,66.3,43.48,0,0,INCREASE REPLENISHMENT,6.0,PROACTIVE (Forward Shortfall)
2020-08-11,R03,,0.31,5.36,15.75,15.44,18.0,34.08,65.25,45.1,0,0,INCREASE REPLENISHMENT,5.0,PROACTIVE (Forward Shortfall)
2020-08-12,R03,,0.3,5.4,16.29,15.99,18.86,35.06,67.73,49.74,0,0,INCREASE REPLENISHMENT,7.0,PROACTIVE (Forward Shortfall)
2020-08-13,R03,,0.32,5.38,14.49,14.17,15.78,31.92,59.25,50.34,0,0,MAINTAIN REPLENISHMENT,0.0,PIPELINE IN-TRANSIT SUFFICIENT
2020-08-14,R03,,0.32,5.39,14.86,14.54,16.4,32.57,60.98,49.96,0,0,INCREASE REPLENISHMENT,5.0,PROACTIVE (Forward Shortfall)
2020-08-15,R03,,0.31,5.38,14.86,14.55,16.42,32.56,61.0,51.57,0,0,INCREASE REPLENISHMENT,5.0,PROACTIVE (Forward Shortfall)
2020-08-16,R03,,0.41,5.38,15.92,15.51,18.26,34.4,66.02,46.19,0,0,INCREASE REPLENISHMENT,10.0,PROACTIVE (Forward Shortfall)
2020-08-17,R03,,0.31,4.74,16.03,15.72,19.55,33.77,67.64,45.81,0,0,INCREASE REPLENISHMENT,7.0,PROACTIVE (Forward Shortfall)
2020-08-18,R03,,0.29,5.88,16.4,16.11,18.22,35.86,67.42,46.07,0,0,INCREASE REPLENISHMENT,5.0,PROACTIVE (Forward Shortfall)
2020-08-19,R03,,0.3,5.65,16.79,16.49,19.3,36.25,69.67,50.19,0,0,INCREASE REPLENISHMENT,8.0,PROACTIVE (Forward Shortfall)
2020-08-20,R03,,0.32,6.02,15.38,15.06,16.21,34.27,62.35,51.54,0,0,MAINTAIN REPLENISHMENT,0.0,PIPELINE IN-TRANSIT SUFFICIENT
2020-08-21,R03,,0.31,5.57,15.02,14.71,16.37,33.08,61.43,50.52,0,0,INCREASE REPLENISHMENT,3.0,PROACTIVE (Forward Shortfall)
2020-08-22,R03,,0.31,5.6,15.1,14.79,16.45,33.25,61.75,52.95,0,0,INCREASE REPLENISHMENT,6.0,PROACTIVE (Forward Shortfall)
2020-08-23,R03,,0.3,5.49,16.06,15.76,18.31,34.78,66.49,47.35,0,0,INCREASE REPLENISHMENT,11.0,PROACTIVE (Forward Shortfall)
2020-08-24,R03,,0.3,5.52,15.82,15.52,17.84,34.4,65.3,44.86,0,0,INCREASE REPLENISHMENT,4.0,PROACTIVE (Forward Shortfall)
2020-08-25,R03,,0.3,5.49,16.03,15.73,18.26,34.73,66.35,45.34,0,0,INCREASE REPLENISHMENT,7.0,PROACTIVE (Forward Shortfall)
2020-08-26,R03,,0.31,4.66,16.8,16.49,21.03,35.01,71.43,50.85,0,0,INCREASE REPLENISHMENT,10.0,PROACTIVE (Forward Shortfall)
2020-08-27,R03,,0.32,5.57,15.49,15.17,17.18,33.89,63.65,50.19,0,0,MAINTAIN REPLENISHMENT,0.0,PIPELINE IN-TRANSIT SUFFICIENT
2020-08-28,R03,,0.34,5.54,15.17,14.83,16.68,33.3,62.19,51.62,0,0,INCREASE REPLENISHMENT,1.0,PROACTIVE (Forward Shortfall)
2020-08-29,R03,,0.41,5.7,15.19,14.78,16.44,33.54,62.01,56.08,0,0,INCREASE REPLENISHMENT,5.0,PROACTIVE (Forward Shortfall)
2020-08-30,R03,,0.3,5.75,16.28,15.98,18.24,35.49,67.08,50.38,0,0,INCREASE REPLENISHMENT,11.0,PROACTIVE (Forward Shortfall)
2020-08-31,R03,,0.31,5.73,16.29,15.98,18.29,35.48,67.16,45.63,0,0,INCREASE REPLENISHMENT,6.0,PROACTIVE (Forward Shortfall)
2020-09-01,R03,,0.31,5.54,16.22,15.91,18.5,35.12,67.16,44.9,0,0,INCREASE REPLENISHMENT,6.0,PROACTIVE (Forward Shortfall)
2020-09-02,R03,,0.31,5.56,16.9,16.59,19.64,36.32,70.34,50.36,0,0,INCREASE REPLENISHMENT,8.0,PROACTIVE (Forward Shortfall)
2020-09-03,R03,,0.34,4.74,15.42,15.08,18.5,32.72,64.76,50.8,0,0,MAINTAIN REPLENISHMENT,0.0,PIPELINE IN-TRANSIT SUFFICIENT
2020-09-04,R03,,0.34,4.72,15.28,14.94,18.29,32.45,64.13,52.06,0,0,INCREASE REPLENISHMENT,5.0,PROACTIVE (Forward Shortfall)
2020-09-05,R03,,0.34,4.88,15.5,15.16,18.39,33.03,64.89,55.34,0,0,INCREASE REPLENISHMENT,5.0,PROACTIVE (Forward Shortfall)
2020-09-06,R03,,0.29,5.7,16.82,16.53,19.26,36.36,69.72,50.46,0,0,INCREASE REPLENISHMENT,10.0,PROACTIVE (Forward Shortfall)
2020-09-07,R03,,0.3,5.92,16.52,16.22,18.36,36.12,67.92,49.76,0,0,INCREASE REPLENISHMENT,4.0,PROACTIVE (Forward Shortfall)
2020-09-08,R03,,0.3,5.74,16.48,16.18,18.6,35.82,68.04,48.84,0,0,INCREASE REPLENISHMENT,6.0,PROACTIVE (Forward Shortfall)
2020-09-09,R03,,0.3,4.71,17.12,16.82,21.49,35.62,72.85,53.1,0,0,INCREASE REPLENISHMENT,10.0,PROACTIVE (Forward Shortfall)
2020-09-10,R03,,0.33,4.74,15.13,14.8,18.0,32.22,63.39,52.39,0,0,MAINTAIN REPLENISHMENT,0.0,PIPELINE IN-TRANSIT SUFFICIENT
2020-09-11,R03,,0.34,4.91,15.87,15.53,18.98,33.71,66.59,53.65,0,0,INCREASE REPLENISHMENT,3.0,PROACTIVE (Forward Shortfall)
2020-09-12,R03,,0.34,5.75,15.61,15.27,17.08,34.33,63.91,58.74,0,0,INCREASE REPLENISHMENT,3.0,PROACTIVE (Forward Shortfall)
2020-09-13,R03,,0.32,5.72,16.41,16.09,18.52,35.68,67.75,52.99,0,0,INCREASE REPLENISHMENT,9.0,PROACTIVE (Forward Shortfall)
2020-09-14,R03,,0.33,5.72,16.03,15.7,17.86,35.02,65.95,50.27,0,0,INCREASE REPLENISHMENT,4.0,PROACTIVE (Forward Shortfall)
2020-09-15,R03,,0.31,4.72,16.27,15.96,20.01,34.17,68.82,47.55,0,0,INCREASE REPLENISHMENT,9.0,PROACTIVE (Forward Shortfall)
2020-09-16,R03,,0.31,4.9,16.96,16.65,20.89,35.59,71.77,51.83,0,0,INCREASE REPLENISHMENT,7.0,PROACTIVE (Forward Shortfall)
2020-09-17,R03,,0.34,4.91,15.89,15.55,19.02,33.75,66.69,50.93,0,0,MAINTAIN REPLENISHMENT,0.0,PIPELINE IN-TRANSIT SUFFICIENT
2020-09-18,R03,,0.33,4.87,15.86,15.53,19.04,33.65,66.62,55.02,0,0,INCREASE REPLENISHMENT,5.0,PROACTIVE (Forward Shortfall)
2020-09-19,R03,,0.33,4.9,15.8,15.47,18.88,33.58,66.28,57.15,0,0,INCREASE REPLENISHMENT,5.0,PROACTIVE (Forward Shortfall)
2020-09-20,R03,,0.29,4.87,16.74,16.45,20.56,35.17,70.78,52.25,0,0,INCREASE REPLENISHMENT,9.0,PROACTIVE (Forward Shortfall)
2020-09-21,R03,,0.31,5.76,17.0,16.69,19.47,36.75,70.47,52.38,0,0,INCREASE REPLENISHMENT,5.0,PROACTIVE (Forward Shortfall)
2020-09-22,R03,,0.31,5.63,16.94,16.63,19.59,36.48,70.41,51.62,0,0,INCREASE REPLENISHMENT,5.0,PROACTIVE (Forward Shortfall)
2020-09-23,R03,,0.31,5.57,16.79,16.48,19.43,36.14,69.8,54.99,0,0,INCREASE REPLENISHMENT,5.0,PROACTIVE (Forward Shortfall)
2020-09-24,R03,,0.34,6.36,15.65,15.31,16.09,35.17,63.04,54.42,0,0,MAINTAIN REPLENISHMENT,0.0,PIPELINE IN-TRANSIT SUFFICIENT
2020-09-25,R03,,0.34,6.69,15.36,15.02,15.02,35.09,61.1,53.06,0,0,INCREASE REPLENISHMENT,4.0,PROACTIVE (Forward Shortfall)
2020-09-26,R03,,0.36,6.49,15.0,14.64,14.74,34.21,59.74,51.37,0,0,INCREASE REPLENISHMENT,5.0,PROACTIVE (Forward Shortfall)
2020-09-27,R03,,0.32,6.54,16.52,16.2,17.29,36.91,66.85,44.88,0,0,INCREASE REPLENISHMENT,13.0,PROACTIVE (Forward Shortfall)
2020-09-28,R03,,0.38,6.86,16.78,16.4,17.18,37.76,67.52,42.34,0,0,INCREASE REPLENISHMENT,8.0,PROACTIVE (Forward Shortfall)
2020-09-29,R03,,0.4,6.61,16.94,16.54,17.89,37.72,68.71,40.48,0,0,INCREASE REPLENISHMENT,8.0,PROACTIVE (Forward Shortfall)
2020-09-30,R03,,0.4,6.64,17.89,17.49,19.49,39.41,73.16,46.87,0,0,INCREASE REPLENISHMENT,11.0,PROACTIVE (Forward Shortfall)
2020-10-01,R03,,0.36,6.45,15.57,15.21,15.8,35.15,62.51,48.23,0,0,MAINTAIN REPLENISHMENT,0.0,PIPELINE IN-TRANSIT SUFFICIENT
2020-10-02,R03,,0.36,6.78,15.24,14.88,14.65,34.99,60.37,49.78,0,0,MAINTAIN REPLENISHMENT,0.0,PIPELINE IN-TRANSIT SUFFICIENT
2020-10-03,R03,,0.35,6.62,14.28,13.93,13.27,33.13,56.11,54.0,0,0,INCREASE REPLENISHMENT,3.0,PROACTIVE (Forward Shortfall)
2020-10-04,R03,,0.32,7.01,15.87,15.55,15.35,36.38,62.96,47.38,0,0,INCREASE REPLENISHMENT,13.0,PROACTIVE (Forward Shortfall)
2020-10-05,R03,,0.33,7.45,16.06,15.73,14.91,37.26,63.09,40.37,0,0,INCREASE REPLENISHMENT,7.0,PROACTIVE (Forward Shortfall)
2020-10-06,R03,,0.32,6.96,16.21,15.89,16.02,36.9,64.65,35.92,1,0,INCREASE REPLENISHMENT,9.0,REACTIVE (Below ROP)
2020-10-07,R03,,0.31,6.61,16.15,15.84,16.52,36.35,64.97,41.96,0,0,INCREASE REPLENISHMENT,8.0,PROACTIVE (Forward Shortfall)
2020-10-08,R03,,0.34,6.84,15.27,14.93,14.6,35.12,60.41,42.35,0,0,INCREASE REPLENISHMENT,2.0,PROACTIVE (Forward Shortfall)
2020-10-09,R03,,0.34,7.17,15.28,14.94,14.05,35.56,59.89,44.51,0,0,INCREASE REPLENISHMENT,6.0,PROACTIVE (Forward Shortfall)
2020-10-10,R03,,0.36,8.37,16.55,16.19,14.17,39.28,63.82,45.34,0,0,INCREASE REPLENISHMENT,11.0,PROACTIVE (Forward Shortfall)
2020-10-11,R03,,0.32,8.48,17.71,17.39,15.99,41.43,69.12,38.97,1,0,INCREASE REPLENISHMENT,14.0,REACTIVE (Below ROP)
2020-10-12,R03,,0.33,8.62,17.85,17.52,15.99,41.85,69.54,36.49,1,0,INCREASE REPLENISHMENT,9.0,REACTIVE (Below ROP)
2020-10-13,R03,,0.33,8.19,16.97,16.64,15.21,39.78,66.12,38.87,1,0,INCREASE REPLENISHMENT,5.0,REACTIVE (Below ROP)
2020-10-14,R03,,0.33,7.92,17.41,17.08,16.44,40.2,68.67,44.68,0,0,INCREASE REPLENISHMENT,10.0,PROACTIVE (Forward Shortfall)
2020-10-15,R03,,0.36,8.03,16.62,16.26,14.88,38.97,64.74,45.76,0,0,INCREASE REPLENISHMENT,4.0,PROACTIVE (Forward Shortfall)
2020-10-16,R03,,0.39,8.54,17.08,16.69,14.79,40.41,66.03,42.73,0,0,INCREASE REPLENISHMENT,10.0,PROACTIVE (Forward Shortfall)
2020-10-17,R03,,0.38,8.5,16.17,15.79,13.28,38.78,61.79,44.19,0,0,INCREASE REPLENISHMENT,4.0,PROACTIVE (Forward Shortfall)
2020-10-18,R03,,0.36,8.61,17.51,17.15,15.42,41.25,67.95,39.69,1,0,INCREASE REPLENISHMENT,15.0,REACTIVE (Below ROP)
2020-10-19,R03,,0.44,9.3,17.93,17.49,14.95,42.85,68.74,41.08,1,0,INCREASE REPLENISHMENT,9.0,REACTIVE (Below ROP)
2020-10-20,R03,,0.67,8.25,17.65,16.98,16.28,41.03,69.23,35.78,1,0,INCREASE REPLENISHMENT,10.0,REACTIVE (Below ROP)
2020-10-21,R03,,1.26,8.35,18.26,17.0,17.16,42.21,71.94,42.53,0,0,INCREASE REPLENISHMENT,11.0,PROACTIVE (Forward Shortfall)
2020-10-22,R03,,0.67,8.44,17.39,16.72,15.5,40.82,67.67,43.18,0,0,INCREASE REPLENISHMENT,4.0,PROACTIVE (Forward Shortfall)
2020-10-23,R03,,0.7,8.79,17.91,17.21,15.8,42.17,69.53,44.74,0,0,INCREASE REPLENISHMENT,10.0,PROACTIVE (Forward Shortfall)
2020-10-24,R03,,0.63,8.52,16.95,16.32,14.6,40.16,65.45,46.95,0,0,INCREASE REPLENISHMENT,5.0,PROACTIVE (Forward Shortfall)
2020-10-25,R03,,0.63,8.85,18.3,17.67,16.37,42.92,71.27,42.43,1,0,INCREASE REPLENISHMENT,14.0,REACTIVE (Below ROP)
2020-10-26,R03,,0.65,8.83,18.36,17.71,16.51,43.0,71.59,43.58,0,0,INCREASE REPLENISHMENT,10.0,PROACTIVE (Forward Shortfall)
2020-10-27,R03,,0.59,8.24,17.89,17.3,16.71,41.43,70.38,39.75,1,0,INCREASE REPLENISHMENT,7.0,REACTIVE (Below ROP)
2020-10-28,R03,,0.56,8.26,18.41,17.85,17.58,42.36,72.81,45.51,0,0,INCREASE REPLENISHMENT,11.0,PROACTIVE (Forward Shortfall)
2020-10-29,R03,,1.21,8.28,17.32,16.11,15.66,40.5,67.62,47.25,0,0,INCREASE REPLENISHMENT,3.0,PROACTIVE (Forward Shortfall)
2020-10-30,R03,,1.23,8.67,17.83,16.6,15.87,41.88,69.36,45.97,0,0,INCREASE REPLENISHMENT,10.0,PROACTIVE (Forward Shortfall)
2020-10-31,R03,,0.62,8.55,17.12,16.5,14.84,40.49,66.2,48.3,0,0,INCREASE REPLENISHMENT,5.0,PROACTIVE (Forward Shortfall)
2020-11-01,R03,,0.56,9.6,18.56,18.0,15.52,44.32,71.2,42.75,1,0,INCREASE REPLENISHMENT,14.0,REACTIVE (Below ROP)
2020-11-02,R03,,0.6,8.87,18.66,18.06,16.96,43.57,72.94,43.15,1,0,INCREASE REPLENISHMENT,11.0,REACTIVE (Below ROP)
2020-11-03,R03,,0.56,8.28,18.08,17.52,16.97,41.81,71.21,39.28,1,0,INCREASE REPLENISHMENT,7.0,REACTIVE (Below ROP)
2020-11-04,R03,,0.57,8.28,18.66,18.09,17.98,42.82,73.96,45.0,0,0,INCREASE REPLENISHMENT,11.0,PROACTIVE (Forward Shortfall)
2020-11-05,R03,,0.59,9.3,17.6,17.01,14.38,42.28,67.18,47.72,0,0,INCREASE REPLENISHMENT,2.0,PROACTIVE (Forward Shortfall)
2020-11-06,R03,,0.55,8.68,18.37,17.82,16.78,42.82,71.89,45.42,0,0,INCREASE REPLENISHMENT,14.0,PROACTIVE (Forward Shortfall)
2020-11-07,R03,,0.54,8.52,17.76,17.22,16.0,41.56,69.28,47.74,0,0,INCREASE REPLENISHMENT,6.0,PROACTIVE (Forward Shortfall)
2020-11-08,R03,,0.56,9.82,19.22,18.66,16.28,45.74,73.94,41.22,1,0,INCREASE REPLENISHMENT,13.0,REACTIVE (Below ROP)
2020-11-09,R03,,0.51,8.69,19.14,18.63,18.1,44.17,75.52,45.4,0,0,INCREASE REPLENISHMENT,12.0,PROACTIVE (Forward Shortfall)
2020-11-10,R03,,0.56,9.22,18.7,18.14,16.42,44.08,72.52,42.71,1,0,INCREASE REPLENISHMENT,5.0,REACTIVE (Below ROP)
2020-11-11,R03,,0.5,8.24,19.27,18.77,19.1,43.82,76.91,46.49,0,0,INCREASE REPLENISHMENT,14.0,PROACTIVE (Forward Shortfall)
2020-11-12,R03,,0.52,8.34,18.06,17.54,16.84,41.86,71.02,50.25,0,0,INCREASE REPLENISHMENT,2.0,PROACTIVE (Forward Shortfall)
2020-11-13,R03,,0.53,8.68,18.79,18.26,17.51,43.55,73.88,46.91,0,0,INCREASE REPLENISHMENT,11.0,PROACTIVE (Forward Shortfall)
2020-11-14,R03,,0.51,8.39,17.99,17.48,16.63,41.8,70.6,52.23,0,0,INCREASE REPLENISHMENT,6.0,PROACTIVE (Forward Shortfall)
2020-11-15,R03,,0.65,9.56,19.16,18.51,16.63,45.31,74.11,45.84,0,0,INCREASE REPLENISHMENT,12.0,PROACTIVE (Forward Shortfall)
2020-11-16,R03,,0.58,8.87,19.27,18.69,18.01,44.62,75.82,47.28,0,0,INCREASE REPLENISHMENT,11.0,PROACTIVE (Forward Shortfall)
2020-11-17,R03,,0.58,8.28,18.7,18.12,18.05,42.89,74.15,44.41,0,0,INCREASE REPLENISHMENT,7.0,PROACTIVE (Forward Shortfall)
2020-11-18,R03,,0.58,9.4,19.23,18.65,17.03,45.23,74.72,48.13,0,0,INCREASE REPLENISHMENT,9.0,PROACTIVE (Forward Shortfall)
2020-11-19,R03,,0.59,9.56,18.17,17.58,14.91,43.59,69.42,49.73,0,0,INCREASE REPLENISHMENT,4.0,PROACTIVE (Forward Shortfall)
2020-11-20,R03,,0.57,9.29,19.1,18.53,16.99,44.86,74.29,47.17,0,0,INCREASE REPLENISHMENT,15.0,PROACTIVE (Forward Shortfall)
2020-11-21,R03,,0.58,9.04,18.11,17.53,15.71,42.83,70.04,46.88,0,0,INCREASE REPLENISHMENT,5.0,PROACTIVE (Forward Shortfall)
2020-11-22,R03,,0.55,9.18,19.39,18.84,17.68,45.22,75.85,41.84,1,0,INCREASE REPLENISHMENT,15.0,REACTIVE (Below ROP)
2020-11-23,R03,,0.54,9.43,19.05,18.51,16.66,44.95,73.81,47.66,0,0,INCREASE REPLENISHMENT,7.0,PROACTIVE (Forward Shortfall)
2020-11-24,R03,,0.59,8.75,18.36,17.77,16.65,42.9,71.73,43.23,0,0,INCREASE REPLENISHMENT,7.0,PROACTIVE (Forward Shortfall)
2020-11-25,R03,,0.56,8.81,18.95,18.39,17.56,43.99,74.41,49.48,0,0,INCREASE REPLENISHMENT,11.0,PROACTIVE (Forward Shortfall)
2020-11-26,R03,,0.57,8.86,17.59,17.02,15.12,41.7,67.89,47.67,0,0,INCREASE REPLENISHMENT,3.0,PROACTIVE (Forward Shortfall)
2020-11-27,R03,,0.57,9.24,18.5,17.93,16.04,43.76,71.54,45.81,0,0,INCREASE REPLENISHMENT,12.0,PROACTIVE (Forward Shortfall)
2020-11-28,R03,,0.56,10.07,18.1,17.54,13.91,44.12,68.21,47.57,0,0,INCREASE REPLENISHMENT,6.0,PROACTIVE (Forward Shortfall)
2020-11-29,R03,,0.53,8.53,18.85,18.32,17.87,43.46,74.42,40.5,1,0,INCREASE REPLENISHMENT,16.0,REACTIVE (Below ROP)
2020-11-30,R03,,0.57,9.44,19.26,18.69,17.01,45.33,74.79,43.97,1,0,INCREASE REPLENISHMENT,9.0,REACTIVE (Below ROP)
2020-12-01,R03,,0.54,8.2,19.07,18.53,18.83,43.43,76.04,40.53,1,0,INCREASE REPLENISHMENT,11.0,REACTIVE (Below ROP)
2020-12-02,R03,,0.57,8.77,19.53,18.96,18.64,44.95,77.23,48.33,0,0,INCREASE REPLENISHMENT,9.0,PROACTIVE (Forward Shortfall)
2020-12-03,R03,,0.56,8.89,17.8,17.24,15.43,42.1,68.83,48.56,0,0,INCREASE REPLENISHMENT,1.0,PROACTIVE (Forward Shortfall)
2020-12-04,R03,,0.57,9.29,18.88,18.31,16.61,44.48,73.25,50.67,0,0,INCREASE REPLENISHMENT,13.0,PROACTIVE (Forward Shortfall)
2020-12-05,R03,,0.64,8.48,18.43,17.79,17.23,42.67,72.52,50.38,0,0,INCREASE REPLENISHMENT,9.0,PROACTIVE (Forward Shortfall)
2020-12-06,R03,,0.58,9.21,20.28,19.7,19.17,46.8,80.01,42.9,1,0,INCREASE REPLENISHMENT,16.0,REACTIVE (Below ROP)
2020-12-07,R03,,0.58,9.53,20.01,19.43,18.15,46.74,78.18,46.69,1,0,INCREASE REPLENISHMENT,7.0,REACTIVE (Below ROP)
2020-12-08,R03,,0.57,9.07,19.18,18.61,17.51,44.72,75.05,46.16,0,0,INCREASE REPLENISHMENT,6.0,PROACTIVE (Forward Shortfall)
2020-12-09,R03,,0.52,8.17,19.53,19.01,19.68,44.19,78.27,53.09,0,0,INCREASE REPLENISHMENT,13.0,PROACTIVE (Forward Shortfall)
2020-12-10,R03,,0.58,8.81,18.01,17.43,15.93,42.36,69.96,51.92,0,0,MAINTAIN REPLENISHMENT,0.0,PIPELINE IN-TRANSIT SUFFICIENT
2020-12-11,R03,,0.59,9.31,19.24,18.65,17.2,45.13,74.92,49.11,0,0,INCREASE REPLENISHMENT,13.0,PROACTIVE (Forward Shortfall)
2020-12-12,R03,,0.57,8.58,19.05,18.48,18.13,43.87,75.28,52.8,0,0,INCREASE REPLENISHMENT,10.0,PROACTIVE (Forward Shortfall)
2020-12-13,R03,,0.53,9.34,20.68,20.15,19.64,47.66,81.68,44.22,1,0,INCREASE REPLENISHMENT,15.0,REACTIVE (Below ROP)
2020-12-14,R03,,0.55,8.99,20.55,20.0,20.02,46.99,81.67,47.88,0,0,INCREASE REPLENISHMENT,9.0,PROACTIVE (Forward Shortfall)
2020-12-15,R03,,0.57,8.28,19.46,18.89,19.36,44.2,77.74,48.89,0,0,INCREASE REPLENISHMENT,5.0,PROACTIVE (Forward Shortfall)
2020-12-16,R03,,0.59,8.88,19.84,19.25,18.98,45.62,78.5,55.61,0,0,INCREASE REPLENISHMENT,9.0,PROACTIVE (Forward Shortfall)
2020-12-17,R03,,0.58,8.68,18.33,17.75,16.71,42.75,71.7,55.73,0,0,INCREASE REPLENISHMENT,2.0,PROACTIVE (Forward Shortfall)
2020-12-18,R03,,1.17,8.86,19.38,18.21,18.22,44.8,76.36,52.05,0,0,INCREASE REPLENISHMENT,14.0,PROACTIVE (Forward Shortfall)
2020-12-19,R03,,0.56,8.74,18.66,18.1,17.18,43.4,73.16,52.19,0,0,INCREASE REPLENISHMENT,5.0,PROACTIVE (Forward Shortfall)
2020-12-20,R03,,0.57,8.9,20.63,20.06,20.32,47.02,82.21,45.45,1,0,INCREASE REPLENISHMENT,18.0,REACTIVE (Below ROP)
2020-12-21,R03,,0.58,9.24,20.47,19.89,19.45,47.17,80.86,50.55,0,0,INCREASE REPLENISHMENT,8.0,PROACTIVE (Forward Shortfall)
2020-12-22,R03,,0.55,8.6,19.37,18.82,18.65,44.45,76.76,46.31,0,0,INCREASE REPLENISHMENT,5.0,PROACTIVE (Forward Shortfall)
2020-12-23,R03,,0.4,8.58,20.08,19.68,19.92,45.66,80.16,55.71,0,0,INCREASE REPLENISHMENT,12.0,PROACTIVE (Forward Shortfall)
2020-12-24,R03,,0.29,8.9,18.44,18.15,16.52,43.22,71.84,55.13,0,0,MAINTAIN REPLENISHMENT,0.0,PIPELINE IN-TRANSIT SUFFICIENT
2020-12-25,R03,,0.31,9.1,19.06,18.75,17.25,44.55,74.43,51.23,0,0,INCREASE REPLENISHMENT,12.0,PROACTIVE (Forward Shortfall)
2020-12-26,R03,,0.27,8.83,18.94,18.67,17.51,44.0,74.33,54.13,0,0,INCREASE REPLENISHMENT,9.0,PROACTIVE (Forward Shortfall)
2020-12-27,R03,,0.26,9.16,20.98,20.72,20.47,47.95,83.41,45.3,1,0,INCREASE REPLENISHMENT,18.0,REACTIVE (Below ROP)
2020-12-28,R03,,0.27,9.29,20.45,20.18,19.33,47.2,80.68,48.14,0,0,INCREASE REPLENISHMENT,6.0,PROACTIVE (Forward Shortfall)
2020-12-29,R03,,0.27,8.21,19.8,19.53,20.07,44.7,79.47,47.85,0,0,INCREASE REPLENISHMENT,8.0,PROACTIVE (Forward Shortfall)
2020-12-30,R03,,0.2,8.3,19.7,19.5,19.75,44.65,78.85,57.64,0,0,INCREASE REPLENISHMENT,8.0,PROACTIVE (Forward Shortfall)
2020-12-31,R03,,0.21,8.39,18.36,18.15,17.27,42.44,72.35,55.34,0,0,INCREASE REPLENISHMENT,2.0,PROACTIVE (Forward Shortfall)
2019-01-01,R06,0.0,0.18,1.13,7.12,6.94,10.37,13.76,31.73,31.73,0,0,MAINTAIN REPLENISHMENT,0.0,HEALTHY ZONE
2019-01-02,R06,2.0,0.48,1.47,7.68,7.2,10.76,15.17,33.8,31.73,0,0,MAINTAIN REPLENISHMENT,0.0,HEALTHY ZONE
2019-01-03,R06,0.0,0.33,1.33,7.59,7.26,10.84,14.83,33.61,29.73,0,0,MAINTAIN REPLENISHMENT,0.0,HEALTHY ZONE
2019-01-04,R06,1.0,0.26,1.12,7.43,7.17,10.93,14.29,33.22,29.73,0,0,INCREASE REPLENISHMENT,4.0,PROACTIVE (Forward Shortfall)
2019-01-05,R06,1.0,0.33,1.41,7.25,6.92,10.12,14.35,31.87,28.73,0,0,MAINTAIN REPLENISHMENT,0.0,PIPELINE IN-TRANSIT SUFFICIENT
2019-01-06,R06,3.0,0.45,1.65,8.43,7.98,11.74,16.69,37.03,27.73,0,0,INCREASE REPLENISHMENT,6.0,PROACTIVE (Forward Shortfall)
2019-01-07,R06,0.0,0.17,1.52,7.37,7.2,10.13,14.69,32.24,28.73,0,0,MAINTAIN REPLENISHMENT,0.0,PIPELINE IN-TRANSIT SUFFICIENT
2019-01-08,R06,2.0,0.47,1.51,7.59,7.12,10.53,15.06,33.3,28.73,0,0,MAINTAIN REPLENISHMENT,0.0,PIPELINE IN-TRANSIT SUFFICIENT
2019-01-09,R06,1.0,0.37,1.33,7.34,6.97,10.41,14.4,32.43,32.73,0,1,REDUCE REPLENISHMENT,0.0,OVERSTOCKED
2019-01-10,R06,1.0,0.33,1.6,7.54,7.21,10.29,15.09,32.91,31.73,0,0,MAINTAIN REPLENISHMENT,0.0,HEALTHY ZONE
2019-01-11,R06,0.0,0.35,1.5,7.36,7.01,10.15,14.65,32.23,30.73,0,0,MAINTAIN REPLENISHMENT,0.0,HEALTHY ZONE
2019-01-12,R06,0.0,0.4,1.66,7.28,6.88,9.73,14.71,31.57,30.73,0,0,MAINTAIN REPLENISHMENT,0.0,HEALTHY ZONE
2019-01-13,R06,2.0,0.66,1.57,7.12,6.46,9.61,14.32,30.97,30.73,0,0,MAINTAIN REPLENISHMENT,0.0,HEALTHY ZONE
2019-01-14,R06,0.0,0.43,1.25,7.12,6.69,10.17,13.92,31.53,28.73,0,0,MAINTAIN REPLENISHMENT,0.0,HEALTHY ZONE
2019-01-15,R06,1.0,0.33,1.2,6.9,6.57,9.87,13.47,30.57,28.73,0,0,INCREASE REPLENISHMENT,2.0,PROACTIVE (Forward Shortfall)
2019-01-16,R06,5.0,0.3,1.44,7.15,6.85,9.89,14.21,31.34,27.73,0,0,INCREASE REPLENISHMENT,2.0,PROACTIVE (Forward Shortfall)
2019-01-17,R06,1.0,0.3,1.52,7.49,7.19,10.34,14.9,32.81,22.73,0,0,INCREASE REPLENISHMENT,7.0,PROACTIVE (Forward Shortfall)
2019-01-18,R06,2.0,0.43,1.94,8.27,7.84,10.96,16.78,35.77,23.73,0,0,INCREASE REPLENISHMENT,4.0,PROACTIVE (Forward Shortfall)
2019-01-19,R06,3.0,0.35,1.37,7.2,6.85,10.1,14.21,31.7,23.73,0,0,MAINTAIN REPLENISHMENT,0.0,PIPELINE IN-TRANSIT SUFFICIENT
2019-01-20,R06,1.0,0.28,1.2,7.3,7.02,10.57,14.17,32.47,27.73,0,0,INCREASE REPLENISHMENT,1.0,PROACTIVE (Forward Shortfall)
2019-01-21,R06,0.0,0.32,1.12,7.21,6.89,10.55,13.91,32.18,30.73,0,0,MAINTAIN REPLENISHMENT,0.0,HEALTHY ZONE
2019-01-22,R06,0.0,0.46,1.13,7.43,6.97,10.91,14.3,33.2,30.73,0,0,MAINTAIN REPLENISHMENT,0.0,HEALTHY ZONE
2019-01-23,R06,2.0,0.4,1.39,7.42,7.02,10.44,14.61,32.7,31.73,0,0,MAINTAIN REPLENISHMENT,0.0,HEALTHY ZONE
2019-01-24,R06,3.0,0.27,1.63,7.73,7.46,10.57,15.46,33.76,29.73,0,0,INCREASE REPLENISHMENT,5.0,PROACTIVE (Forward Shortfall)
2019-01-25,R06,1.0,0.26,1.29,7.61,7.35,10.95,14.82,33.78,26.73,0,0,INCREASE REPLENISHMENT,3.0,PROACTIVE (Forward Shortfall)
2019-01-26,R06,1.0,0.26,1.56,7.5,7.24,10.29,14.97,32.79,25.73,0,0,MAINTAIN REPLENISHMENT,0.0,PIPELINE IN-TRANSIT SUFFICIENT
2019-01-27,R06,2.0,0.49,1.25,7.44,6.95,10.72,14.47,33.04,29.73,0,0,MAINTAIN REPLENISHMENT,0.0,HEALTHY ZONE
2019-01-28,R06,3.0,0.38,1.04,7.41,7.03,11.03,14.15,33.26,30.73,0,0,MAINTAIN REPLENISHMENT,0.0,HEALTHY ZONE
2019-01-29,R06,0.0,0.2,1.07,7.16,6.96,10.55,13.76,32.03,27.73,0,0,MAINTAIN REPLENISHMENT,0.0,HEALTHY ZONE
2019-01-30,R06,1.3,0.06,0.97,6.96,6.9,10.37,13.28,31.25,27.73,0,0,INCREASE REPLENISHMENT,4.0,PROACTIVE (Forward Shortfall)
2019-01-31,R06,2.0,0.44,1.45,7.1,6.66,9.79,14.14,31.09,26.43,0,0,INCREASE REPLENISHMENT,1.0,PROACTIVE (Forward Shortfall)
2019-02-01,R06,3.0,0.3,1.39,7.61,7.31,10.77,14.94,33.6,24.43,0,0,INCREASE REPLENISHMENT,5.0,PROACTIVE (Forward Shortfall)
2019-02-02,R06,0.0,0.47,1.6,7.39,6.92,10.03,14.83,32.2,25.43,0,0,INCREASE REPLENISHMENT,1.0,PROACTIVE (Forward Shortfall)
2019-02-03,R06,4.4,0.4,1.47,7.55,7.15,10.53,14.94,33.18,26.43,0,0,INCREASE REPLENISHMENT,1.0,PROACTIVE (Forward Shortfall)
2019-02-04,R06,2.0,0.31,1.48,7.69,7.38,10.76,15.2,33.83,27.03,0,0,MAINTAIN REPLENISHMENT,0.0,HEALTHY ZONE
2019-02-05,R06,4.0,0.17,0.89,7.1,6.93,10.76,13.43,32.06,26.03,0,0,INCREASE REPLENISHMENT,6.0,PROACTIVE (Forward Shortfall)
2019-02-06,R06,1.5,0.1,1.15,6.98,6.88,10.1,13.55,31.04,23.03,0,0,INCREASE REPLENISHMENT,3.0,PROACTIVE (Forward Shortfall)
2019-02-07,R06,1.0,0.14,1.07,7.07,6.93,10.39,13.6,31.6,21.53,0,0,INCREASE REPLENISHMENT,2.0,PROACTIVE (Forward Shortfall)
2019-02-08,R06,5.0,0.09,1.03,7.0,6.91,10.34,13.43,31.34,26.53,0,0,MAINTAIN REPLENISHMENT,0.0,PIPELINE IN-TRANSIT SUFFICIENT
2019-02-09,R06,1.0,0.55,1.57,7.38,6.83,10.06,14.77,32.2,24.53,0,0,INCREASE REPLENISHMENT,6.0,PROACTIVE (Forward Shortfall)
2019-02-10,R06,1.2,0.5,1.6,7.73,7.23,10.62,15.42,33.81,25.53,0,0,INCREASE REPLENISHMENT,3.0,PROACTIVE (Forward Shortfall)
2019-02-11,R06,3.0,0.3,1.36,7.42,7.12,10.5,14.58,32.76,24.33,0,0,MAINTAIN REPLENISHMENT,0.0,PIPELINE IN-TRANSIT SUFFICIENT
2019-02-12,R06,0.5,0.06,0.82,7.09,7.03,10.86,13.32,32.13,27.33,0,0,INCREASE REPLENISHMENT,2.0,PROACTIVE (Forward Shortfall)
2019-02-13,R06,2.0,0.34,1.37,7.25,6.91,10.18,14.29,31.93,29.83,0,0,MAINTAIN REPLENISHMENT,0.0,HEALTHY ZONE
2019-02-14,R06,3.0,0.13,0.92,7.3,7.17,11.05,13.81,32.95,27.83,0,0,INCREASE REPLENISHMENT,4.0,PROACTIVE (Forward Shortfall)
2019-02-15,R06,2.0,0.07,0.76,7.28,7.21,11.29,13.57,33.13,26.83,0,0,INCREASE REPLENISHMENT,3.0,PROACTIVE (Forward Shortfall)
2019-02-16,R06,3.0,0.34,1.53,7.69,7.35,10.67,15.26,33.74,24.83,0,0,INCREASE REPLENISHMENT,2.0,PROACTIVE (Forward Shortfall)
2019-02-17,R06,3.1,0.54,1.59,7.84,7.3,10.83,15.6,34.35,25.83,0,0,INCREASE REPLENISHMENT,4.0,PROACTIVE (Forward Shortfall)
2019-02-18,R06,0.0,0.23,1.04,7.57,7.34,11.31,14.43,34.02,25.73,0,0,INCREASE REPLENISHMENT,3.0,PROACTIVE (Forward Shortfall)
2019-02-19,R06,3.0,0.23,1.27,7.28,7.05,10.41,14.22,32.25,27.73,0,0,MAINTAIN REPLENISHMENT,0.0,HEALTHY ZONE
2019-02-20,R06,3.0,0.22,0.99,7.24,7.02,10.83,13.8,32.55,28.73,0,0,MAINTAIN REPLENISHMENT,0.0,HEALTHY ZONE
2019-02-21,R06,2.0,0.3,0.94,7.12,6.82,10.7,13.52,32.06,28.73,0,0,INCREASE REPLENISHMENT,4.0,PROACTIVE (Forward Shortfall)
2019-02-22,R06,2.0,0.23,1.38,7.58,7.35,10.74,14.88,33.48,26.73,0,0,INCREASE REPLENISHMENT,3.0,PROACTIVE (Forward Shortfall)
2019-02-23,R06,1.3,0.52,1.87,7.86,7.34,10.37,15.98,33.95,24.73,0,0,INCREASE REPLENISHMENT,3.0,PROACTIVE (Forward Shortfall)
2019-02-24,R06,2.0,0.52,1.43,7.43,6.91,10.39,14.68,32.68,27.43,0,0,MAINTAIN REPLENISHMENT,0.0,PIPELINE IN-TRANSIT SUFFICIENT
2019-02-25,R06,3.0,0.33,1.23,7.05,6.72,10.08,13.77,31.23,28.43,0,0,MAINTAIN REPLENISHMENT,0.0,PIPELINE IN-TRANSIT SUFFICIENT
2019-02-26,R06,3.0,0.28,1.2,7.52,7.24,10.95,14.55,33.51,28.43,0,0,INCREASE REPLENISHMENT,6.0,PROACTIVE (Forward Shortfall)
2019-02-27,R06,7.5,0.2,0.91,7.48,7.28,11.38,14.11,33.82,25.43,0,0,INCREASE REPLENISHMENT,3.0,PROACTIVE (Forward Shortfall)
2019-02-28,R06,3.0,0.49,1.91,8.08,7.59,10.69,16.42,34.93,17.93,0,0,INCREASE REPLENISHMENT,8.0,PROACTIVE (Forward Shortfall)
2019-03-01,R06,2.0,0.74,2.46,8.55,7.81,10.55,17.93,36.2,20.93,0,0,INCREASE REPLENISHMENT,5.0,PROACTIVE (Forward Shortfall)
2019-03-02,R06,5.0,0.62,2.45,8.54,7.92,10.55,17.9,36.17,21.93,0,0,INCREASE REPLENISHMENT,2.0,PROACTIVE (Forward Shortfall)
2019-03-03,R06,0.4,0.83,2.63,8.58,7.75,10.31,18.2,36.05,24.93,0,0,INCREASE REPLENISHMENT,5.0,PROACTIVE (Forward Shortfall)
2019-03-04,R06,2.0,0.65,2.39,8.92,8.27,11.31,18.48,38.07,29.53,0,0,INCREASE REPLENISHMENT,2.0,PROACTIVE (Forward Shortfall)
2019-03-05,R06,5.3,0.76,2.23,8.89,8.13,11.54,18.23,38.21,29.53,0,0,INCREASE REPLENISHMENT,2.0,PROACTIVE (Forward Shortfall)
2019-03-06,R06,3.0,0.37,2.16,9.04,8.67,11.92,18.4,39.04,29.23,0,0,INCREASE REPLENISHMENT,6.0,PROACTIVE (Forward Shortfall)
2019-03-07,R06,4.0,0.79,2.76,8.55,7.76,10.03,18.31,35.68,28.23,0,0,MAINTAIN REPLENISHMENT,0.0,PIPELINE IN-TRANSIT SUFFICIENT
2019-03-08,R06,4.3,0.88,3.21,8.77,7.89,9.63,19.26,35.94,26.23,0,0,INCREASE REPLENISHMENT,4.0,PROACTIVE (Forward Shortfall)
2019-03-09,R06,5.0,0.87,3.13,8.64,7.77,9.54,18.93,35.46,27.93,0,0,INCREASE REPLENISHMENT,4.0,PROACTIVE (Forward Shortfall)
2019-03-10,R06,9.0,0.81,3.07,9.72,8.91,11.52,20.73,40.68,22.93,0,0,INCREASE REPLENISHMENT,10.0,PROACTIVE (Forward Shortfall)
2019-03-11,R06,3.0,1.22,2.82,9.28,8.06,11.19,19.65,39.03,17.93,1,0,INCREASE REPLENISHMENT,8.0,REACTIVE (Below ROP)
2019-03-12,R06,2.0,1.07,3.5,10.31,9.24,11.8,22.3,42.73,18.93,1,0,INCREASE REPLENISHMENT,6.0,REACTIVE (Below ROP)
2019-03-13,R06,4.0,1.01,3.27,9.84,8.83,11.38,21.19,40.9,26.93,0,0,MAINTAIN REPLENISHMENT,0.0,PIPELINE IN-TRANSIT SUFFICIENT
2019-03-14,R06,6.0,1.24,3.69,10.24,9.0,11.34,22.41,42.06,30.93,0,0,INCREASE REPLENISHMENT,6.0,PROACTIVE (Forward Shortfall)
2019-03-15,R06,5.0,1.15,3.38,10.28,9.13,11.95,22.09,42.79,30.93,0,0,INCREASE REPLENISHMENT,6.0,PROACTIVE (Forward Shortfall)
2019-03-16,R06,7.0,1.54,3.76,10.37,8.83,11.45,22.73,42.56,25.93,0,0,INCREASE REPLENISHMENT,5.0,PROACTIVE (Forward Shortfall)
2019-03-17,R06,5.0,1.31,3.37,10.19,8.88,11.81,21.92,42.38,24.93,0,0,INCREASE REPLENISHMENT,7.0,PROACTIVE (Forward Shortfall)
2019-03-18,R06,9.0,1.81,3.53,10.29,8.48,11.71,22.3,42.58,25.93,0,0,INCREASE REPLENISHMENT,5.0,PROACTIVE (Forward Shortfall)
2019-03-19,R06,8.0,1.62,3.44,10.52,8.9,12.26,22.58,43.82,21.93,1,0,INCREASE REPLENISHMENT,10.0,REACTIVE (Below ROP)
2019-03-20,R06,5.0,1.54,3.89,10.25,8.71,11.02,22.69,41.77,20.93,1,0,INCREASE REPLENISHMENT,6.0,REACTIVE (Below ROP)
2019-03-21,R06,5.0,1.57,3.41,11.32,9.75,13.7,23.93,47.66,20.93,1,0,INCREASE REPLENISHMENT,11.0,REACTIVE (Below ROP)
2019-03-22,R06,6.0,1.43,3.23,11.83,10.4,14.9,24.59,50.39,25.93,0,0,INCREASE REPLENISHMENT,8.0,PROACTIVE (Forward Shortfall)
2019-03-23,R06,5.0,1.28,3.6,11.11,9.83,13.01,23.81,46.34,25.93,0,0,INCREASE REPLENISHMENT,2.0,PROACTIVE (Forward Shortfall)
2019-03-24,R06,10.0,1.38,3.48,11.67,10.29,14.19,24.63,49.2,31.93,0,0,INCREASE REPLENISHMENT,8.0,PROACTIVE (Forward Shortfall)
2019-03-25,R06,6.0,1.78,3.48,10.26,8.48,11.74,22.18,42.52,29.93,0,0,INCREASE REPLENISHMENT,3.0,PROACTIVE (Forward Shortfall)
2019-03-26,R06,9.0,1.69,4.0,10.23,8.54,10.79,22.79,41.48,25.93,0,0,INCREASE REPLENISHMENT,5.0,PROACTIVE (Forward Shortfall)
2019-03-27,R06,9.0,1.82,4.16,10.72,8.9,11.36,23.84,43.52,24.93,0,0,INCREASE REPLENISHMENT,11.0,PROACTIVE (Forward Shortfall)
2019-03-28,R06,1.0,1.62,4.89,11.54,9.92,11.52,26.19,46.14,18.93,1,0,INCREASE REPLENISHMENT,12.0,REACTIVE (Below ROP)
2019-03-29,R06,9.2,1.76,4.81,13.01,11.25,14.2,28.63,53.23,22.93,1,0,INCREASE REPLENISHMENT,8.0,REACTIVE (Below ROP)
2019-03-30,R06,6.1,1.43,5.47,13.94,12.51,14.67,31.08,56.49,24.73,1,0,INCREASE REPLENISHMENT,12.0,REACTIVE (Below ROP)
2019-03-31,R06,9.2,1.25,5.4,13.7,12.45,14.38,30.58,55.48,30.63,0,0,INCREASE REPLENISHMENT,5.0,PROACTIVE (Forward Shortfall)
2019-04-01,R06,5.0,1.42,5.16,13.24,11.82,13.99,29.47,53.71,29.43,1,0,INCREASE REPLENISHMENT,8.0,REACTIVE (Below ROP)
2019-04-02,R06,8.0,1.7,6.5,14.74,13.04,14.27,33.77,58.49,36.43,0,0,INCREASE REPLENISHMENT,10.0,PROACTIVE (Forward Shortfall)
2019-04-03,R06,9.3,1.27,4.63,12.69,11.42,13.96,27.85,52.03,33.43,0,0,INCREASE REPLENISHMENT,1.0,PROACTIVE (Forward Shortfall)
2019-04-04,R06,15.0,1.55,5.32,13.46,11.91,14.1,30.06,54.48,32.13,0,0,INCREASE REPLENISHMENT,12.0,PROACTIVE (Forward Shortfall)
2019-04-05,R06,4.0,1.74,5.45,13.85,12.11,14.55,30.9,56.1,27.13,1,0,INCREASE REPLENISHMENT,16.0,REACTIVE (Below ROP)
2019-04-06,R06,9.3,1.58,6.32,15.65,14.07,16.16,35.12,63.11,24.13,1,0,INCREASE REPLENISHMENT,11.0,REACTIVE (Below ROP)
2019-04-07,R06,7.0,1.11,5.87,15.02,13.91,15.85,33.46,60.91,26.83,1,0,INCREASE REPLENISHMENT,8.0,REACTIVE (Below ROP)
2019-04-08,R06,3.0,1.72,5.13,14.35,12.63,15.97,31.36,59.02,35.83,0,0,INCREASE REPLENISHMENT,5.0,PROACTIVE (Forward Shortfall)
2019-04-09,R06,5.0,1.83,5.6,15.53,13.7,17.2,34.0,63.79,43.83,0,0,INCREASE REPLENISHMENT,7.0,PROACTIVE (Forward Shortfall)
2019-04-10,R06,8.0,1.53,5.26,15.5,13.97,17.74,33.52,64.24,46.83,0,0,INCREASE REPLENISHMENT,6.0,PROACTIVE (Forward Shortfall)
2019-04-11,R06,8.0,1.63,5.12,15.23,13.6,17.51,32.87,63.2,43.83,0,0,INCREASE REPLENISHMENT,7.0,PROACTIVE (Forward Shortfall)
2019-04-12,R06,7.0,1.93,4.74,11.44,9.51,11.6,25.82,45.92,42.83,0,0,MAINTAIN REPLENISHMENT,0.0,PIPELINE IN-TRANSIT SUFFICIENT
2019-04-13,R06,4.0,2.15,5.39,11.62,9.47,10.79,26.96,45.65,41.83,0,0,MAINTAIN REPLENISHMENT,0.0,PIPELINE IN-TRANSIT SUFFICIENT
2019-04-14,R06,5.5,1.44,5.78,11.78,10.34,10.39,27.73,45.73,44.83,0,0,INCREASE REPLENISHMENT,1.0,PROACTIVE (Forward Shortfall)
2019-04-15,R06,5.0,1.66,5.74,11.65,9.99,10.24,27.46,45.19,39.33,0,0,INCREASE REPLENISHMENT,5.0,PROACTIVE (Forward Shortfall)
2019-04-16,R06,3.0,1.44,4.62,9.99,8.55,9.3,23.16,39.27,34.33,0,0,MAINTAIN REPLENISHMENT,0.0,PIPELINE IN-TRANSIT SUFFICIENT
2019-04-17,R06,5.0,1.89,5.53,11.44,9.55,10.24,26.83,44.56,32.33,0,0,INCREASE REPLENISHMENT,8.0,PROACTIVE (Forward Shortfall)
2019-04-18,R06,0.0,1.18,5.06,10.7,9.52,9.77,24.95,41.87,32.33,0,0,INCREASE REPLENISHMENT,2.0,PROACTIVE (Forward Shortfall)
2019-04-19,R06,2.0,1.49,4.91,11.37,9.88,11.19,25.92,45.3,32.33,0,0,INCREASE REPLENISHMENT,3.0,PROACTIVE (Forward Shortfall)
2019-04-20,R06,6.0,1.42,5.33,11.29,9.87,10.32,26.31,44.19,38.33,0,0,INCREASE REPLENISHMENT,1.0,PROACTIVE (Forward Shortfall)
2019-04-21,R06,12.2,0.9,5.6,12.0,11.1,11.09,27.89,47.09,34.33,0,0,INCREASE REPLENISHMENT,9.0,PROACTIVE (Forward Shortfall)
2019-04-22,R06,9.0,1.78,4.42,14.18,12.4,16.9,30.16,59.44,25.13,1,0,INCREASE REPLENISHMENT,25.0,REACTIVE (Below ROP)
2019-04-23,R06,2.0,1.58,4.4,14.81,13.23,18.03,31.23,62.46,17.13,1,0,INCREASE REPLENISHMENT,12.0,REACTIVE (Below ROP)
2019-04-24,R06,2.0,1.07,3.33,13.96,12.89,18.41,28.4,60.29,24.13,1,0,MAINTAIN REPLENISHMENT,0.0,PIPELINE IN-TRANSIT SUFFICIENT
2019-04-25,R06,5.4,0.89,3.37,14.33,13.44,18.98,29.09,61.97,47.13,0,0,INCREASE REPLENISHMENT,3.0,PROACTIVE (Forward Shortfall)
2019-04-26,R06,11.0,1.12,4.01,13.93,12.81,17.18,29.21,58.97,53.73,0,0,INCREASE REPLENISHMENT,3.0,PROACTIVE (Forward Shortfall)
2019-04-27,R06,7.0,1.98,5.24,15.41,13.43,17.61,33.33,63.84,42.73,0,0,INCREASE REPLENISHMENT,16.0,PROACTIVE (Forward Shortfall)
2019-04-28,R06,0.0,1.51,5.38,15.52,14.01,17.56,33.7,64.12,38.73,0,0,INCREASE REPLENISHMENT,7.0,PROACTIVE (Forward Shortfall)
2019-04-29,R06,3.0,1.56,3.64,13.76,12.2,17.53,28.45,58.81,41.73,0,0,MAINTAIN REPLENISHMENT,0.0,PIPELINE IN-TRANSIT SUFFICIENT
2019-04-30,R06,8.4,1.07,3.66,13.15,12.08,16.44,27.42,55.89,54.73,0,0,MAINTAIN REPLENISHMENT,0.0,PIPELINE IN-TRANSIT SUFFICIENT
2019-05-01,R06,3.0,1.11,3.54,13.25,12.14,16.82,27.44,56.57,53.33,0,0,INCREASE REPLENISHMENT,4.0,PROACTIVE (Forward Shortfall)
2019-05-02,R06,9.0,1.44,4.14,13.61,12.17,16.4,28.82,57.23,50.33,0,0,INCREASE REPLENISHMENT,3.0,PROACTIVE (Forward Shortfall)
2019-05-03,R06,8.0,1.6,5.05,15.0,13.4,17.23,32.38,62.23,41.33,0,0,INCREASE REPLENISHMENT,14.0,PROACTIVE (Forward Shortfall)
2019-05-04,R06,9.0,1.37,5.13,14.05,12.68,15.45,30.84,57.6,37.33,0,0,INCREASE REPLENISHMENT,4.0,PROACTIVE (Forward Shortfall)
2019-05-05,R06,5.0,1.11,5.91,15.27,14.16,16.21,33.94,62.02,31.33,1,0,INCREASE REPLENISHMENT,13.0,REACTIVE (Below ROP)
2019-05-06,R06,3.0,2.02,4.73,12.21,10.19,12.96,27.15,49.59,40.33,0,0,MAINTAIN REPLENISHMENT,0.0,PIPELINE IN-TRANSIT SUFFICIENT
2019-05-07,R06,5.0,1.86,4.58,12.06,10.2,12.96,26.7,49.14,41.33,0,0,MAINTAIN REPLENISHMENT,0.0,PIPELINE IN-TRANSIT SUFFICIENT
2019-05-08,R06,0.0,1.29,4.05,11.35,10.06,12.64,24.79,46.69,49.33,0,1,MAINTAIN REPLENISHMENT,0.0,PIPELINE IN-TRANSIT SUFFICIENT
2019-05-09,R06,4.0,1.09,3.78,12.5,11.41,15.1,26.44,52.6,49.33,0,0,INCREASE REPLENISHMENT,4.0,PROACTIVE (Forward Shortfall)
2019-05-10,R06,2.0,0.85,5.09,13.14,12.29,13.94,29.21,53.36,45.33,0,0,INCREASE REPLENISHMENT,5.0,PROACTIVE (Forward Shortfall)
2019-05-11,R06,5.0,1.22,4.69,12.34,11.12,13.25,27.32,50.27,43.33,0,0,MAINTAIN REPLENISHMENT,0.0,PIPELINE IN-TRANSIT SUFFICIENT
2019-05-12,R06,5.0,1.3,4.86,11.21,9.91,11.0,25.58,44.63,42.33,0,0,MAINTAIN REPLENISHMENT,0.0,PIPELINE IN-TRANSIT SUFFICIENT
2019-05-13,R06,3.0,1.61,4.79,10.61,9.0,10.08,24.45,41.91,42.33,0,1,MAINTAIN REPLENISHMENT,0.0,PIPELINE IN-TRANSIT SUFFICIENT
2019-05-14,R06,3.0,1.83,4.36,10.16,8.33,10.05,23.13,40.53,39.33,0,0,INCREASE REPLENISHMENT,2.0,PROACTIVE (Forward Shortfall)
2019-05-15,R06,3.0,1.71,4.4,10.45,8.74,10.48,23.68,41.83,36.33,0,0,INCREASE REPLENISHMENT,4.0,PROACTIVE (Forward Shortfall)
2019-05-16,R06,5.0,1.57,4.96,9.81,8.24,8.4,23.28,37.83,33.33,0,0,MAINTAIN REPLENISHMENT,0.0,PIPELINE IN-TRANSIT SUFFICIENT
2019-05-17,R06,2.2,1.32,4.08,10.4,9.08,10.95,23.19,42.15,30.33,0,0,INCREASE REPLENISHMENT,8.0,PROACTIVE (Forward Shortfall)
2019-05-18,R06,3.0,1.56,5.09,10.36,8.8,9.13,24.4,40.21,32.13,0,0,INCREASE REPLENISHMENT,1.0,PROACTIVE (Forward Shortfall)
2019-05-19,R06,4.2,1.1,4.75,10.85,9.75,10.57,24.82,43.12,29.13,0,0,INCREASE REPLENISHMENT,5.0,PROACTIVE (Forward Shortfall)
2019-05-20,R06,5.0,0.98,3.95,8.47,7.49,7.83,19.68,33.24,32.93,0,0,MAINTAIN REPLENISHMENT,0.0,PIPELINE IN-TRANSIT SUFFICIENT
2019-05-21,R06,7.0,1.01,3.63,11.28,10.27,13.25,24.14,47.09,28.93,0,0,INCREASE REPLENISHMENT,14.0,PROACTIVE (Forward Shortfall)
2019-05-22,R06,5.0,1.84,3.53,9.6,7.76,10.51,21.1,39.31,26.93,0,0,MAINTAIN REPLENISHMENT,0.0,PIPELINE IN-TRANSIT SUFFICIENT
2019-05-23,R06,6.0,1.43,3.96,10.82,9.39,11.88,23.76,44.34,21.93,1,0,INCREASE REPLENISHMENT,9.0,REACTIVE (Below ROP)
2019-05-24,R06,3.0,1.55,4.2,10.53,8.98,10.96,23.56,42.55,29.93,0,0,INCREASE REPLENISHMENT,4.0,PROACTIVE (Forward Shortfall)
2019-05-25,R06,2.0,1.58,4.27,12.19,10.61,13.72,26.53,50.29,26.93,0,0,INCREASE REPLENISHMENT,11.0,PROACTIVE (Forward Shortfall)
2019-05-26,R06,6.0,1.55,3.88,9.3,7.75,9.39,21.03,37.29,33.93,0,0,MAINTAIN REPLENISHMENT,0.0,PIPELINE IN-TRANSIT SUFFICIENT
2019-05-27,R06,2.0,1.55,3.81,9.36,7.81,9.61,21.04,37.69,31.93,0,0,MAINTAIN REPLENISHMENT,0.0,PIPELINE IN-TRANSIT SUFFICIENT
2019-05-28,R06,6.0,1.24,3.69,9.83,8.59,10.63,21.7,40.12,40.93,0,1,MAINTAIN REPLENISHMENT,0.0,PIPELINE IN-TRANSIT SUFFICIENT
2019-05-29,R06,3.0,1.69,3.73,9.51,7.82,10.01,21.2,38.54,34.93,0,0,INCREASE REPLENISHMENT,4.0,PROACTIVE (Forward Shortfall)
2019-05-30,R06,4.0,1.46,3.51,9.34,7.88,10.1,20.63,38.12,31.93,0,0,INCREASE REPLENISHMENT,3.0,PROACTIVE (Forward Shortfall)
2019-05-31,R06,5.0,1.58,4.54,9.99,8.41,9.44,23.06,39.41,27.93,0,0,INCREASE REPLENISHMENT,5.0,PROACTIVE (Forward Shortfall)
2019-06-01,R06,4.0,1.66,4.17,9.64,7.98,9.47,21.98,38.39,26.93,0,0,INCREASE REPLENISHMENT,4.0,PROACTIVE (Forward Shortfall)
2019-06-02,R06,4.0,1.3,4.38,9.69,8.39,9.2,22.34,38.27,25.93,0,0,INCREASE REPLENISHMENT,4.0,PROACTIVE (Forward Shortfall)
2019-06-03,R06,10.0,1.28,3.48,11.07,9.79,13.15,23.59,46.36,26.93,0,0,INCREASE REPLENISHMENT,12.0,PROACTIVE (Forward Shortfall)
2019-06-04,R06,5.0,1.97,4.96,11.64,9.67,11.57,26.45,46.49,20.93,1,0,INCREASE REPLENISHMENT,10.0,REACTIVE (Below ROP)
2019-06-05,R06,2.0,1.76,3.73,10.35,8.59,11.47,22.66,42.52,19.93,1,0,INCREASE REPLENISHMENT,1.0,REACTIVE (Below ROP)
2019-06-06,R06,4.0,1.82,4.18,11.14,9.32,12.06,24.6,45.48,29.93,0,0,INCREASE REPLENISHMENT,5.0,PROACTIVE (Forward Shortfall)
2019-06-07,R06,0.0,1.75,4.28,11.24,9.49,12.06,24.9,45.78,35.93,0,0,INCREASE REPLENISHMENT,4.0,PROACTIVE (Forward Shortfall)
2019-06-08,R06,2.1,0.67,3.1,11.25,10.58,14.12,23.42,47.87,36.93,0,0,INCREASE REPLENISHMENT,2.0,PROACTIVE (Forward Shortfall)
2019-06-09,R06,5.0,1.56,3.67,12.02,10.46,14.46,25.47,50.52,39.83,0,0,INCREASE REPLENISHMENT,5.0,PROACTIVE (Forward Shortfall)
2019-06-10,R06,12.0,1.59,3.42,11.83,10.24,14.57,24.83,50.06,38.83,0,0,INCREASE REPLENISHMENT,5.0,PROACTIVE (Forward Shortfall)
2019-06-11,R06,6.0,1.52,3.36,13.06,11.54,16.8,26.88,55.98,28.83,0,0,INCREASE REPLENISHMENT,18.0,PROACTIVE (Forward Shortfall)
2019-06-12,R06,7.0,1.25,2.97,12.77,11.52,16.97,25.88,55.28,27.83,0,0,INCREASE REPLENISHMENT,5.0,PROACTIVE (Forward Shortfall)
2019-06-13,R06,9.0,1.48,3.2,12.87,11.39,16.75,26.35,55.36,25.83,1,0,INCREASE REPLENISHMENT,7.0,REACTIVE (Below ROP)
2019-06-14,R06,6.0,1.47,3.86,13.95,12.48,17.48,29.06,59.33,34.83,0,0,INCREASE REPLENISHMENT,13.0,PROACTIVE (Forward Shortfall)
2019-06-15,R06,8.0,1.73,4.18,12.42,10.69,14.27,26.81,51.53,33.83,0,0,MAINTAIN REPLENISHMENT,0.0,PIPELINE IN-TRANSIT SUFFICIENT
2019-06-16,R06,9.0,0.96,3.85,10.59,9.63,11.67,23.22,43.44,32.83,0,0,MAINTAIN REPLENISHMENT,0.0,PIPELINE IN-TRANSIT SUFFICIENT
2019-06-17,R06,2.34,1.32,4.2,10.43,9.11,10.79,23.39,42.08,36.83,0,0,INCREASE REPLENISHMENT,6.0,PROACTIVE (Forward Shortfall)
2019-06-18,R06,12.1,1.98,4.68,11.32,9.34,11.5,25.54,45.46,34.49,0,0,INCREASE REPLENISHMENT,5.0,PROACTIVE (Forward Shortfall)
2019-06-19,R06,5.5,1.57,3.9,11.95,10.38,13.94,25.64,49.79,22.39,1,0,INCREASE REPLENISHMENT,17.0,REACTIVE (Below ROP)
2019-06-20,R06,4.0,1.17,3.29,11.55,10.38,14.31,24.18,48.96,22.89,1,0,INCREASE REPLENISHMENT,5.0,REACTIVE (Below ROP)
2019-06-21,R06,6.0,1.48,3.7,12.26,10.78,14.83,25.93,51.61,23.89,1,0,INCREASE REPLENISHMENT,6.0,REACTIVE (Below ROP)
2019-06-22,R06,5.0,0.81,4.91,13.46,12.65,14.81,29.54,55.19,34.89,0,0,INCREASE REPLENISHMENT,10.0,PROACTIVE (Forward Shortfall)
2019-06-23,R06,1.0,1.44,3.54,12.08,10.64,14.79,25.41,51.03,34.89,0,0,INCREASE REPLENISHMENT,1.0,PROACTIVE (Forward Shortfall)
2019-06-24,R06,7.0,0.53,3.46,12.56,12.03,15.76,26.14,53.44,39.89,0,0,INCREASE REPLENISHMENT,3.0,PROACTIVE (Forward Shortfall)
2019-06-25,R06,3.0,0.95,3.01,11.76,10.81,15.16,24.19,50.44,42.89,0,0,MAINTAIN REPLENISHMENT,0.0,HEALTHY ZONE
2019-06-26,R06,5.0,1.79,3.43,9.48,7.69,10.48,20.77,38.92,40.89,0,1,MAINTAIN REPLENISHMENT,0.0,PIPELINE IN-TRANSIT SUFFICIENT
2019-06-27,R06,2.0,0.95,3.53,9.51,8.56,10.36,20.95,38.89,38.89,0,1,MAINTAIN REPLENISHMENT,0.0,PIPELINE IN-TRANSIT SUFFICIENT
2019-06-28,R06,3.0,1.42,4.2,10.59,9.17,11.07,23.67,42.84,36.89,0,0,INCREASE REPLENISHMENT,6.0,PROACTIVE (Forward Shortfall)
2019-06-29,R06,2.0,0.89,3.89,10.01,9.12,10.6,22.27,40.63,33.89,0,0,INCREASE REPLENISHMENT,1.0,PROACTIVE (Forward Shortfall)
2019-06-30,R06,5.0,1.55,4.16,10.27,8.72,10.58,23.06,41.39,31.89,0,0,INCREASE REPLENISHMENT,3.0,PROACTIVE (Forward Shortfall)
2019-07-01,R06,4.0,0.75,3.06,9.14,8.39,10.53,19.71,37.95,32.89,0,0,INCREASE REPLENISHMENT,2.0,PROACTIVE (Forward Shortfall)
2019-07-02,R06,4.3,0.69,3.76,8.3,7.61,7.86,19.14,32.76,29.89,0,0,MAINTAIN REPLENISHMENT,0.0,PIPELINE IN-TRANSIT SUFFICIENT
2019-07-03,R06,4.0,1.03,3.24,9.38,8.35,10.63,20.35,38.77,28.59,0,0,INCREASE REPLENISHMENT,9.0,PROACTIVE (Forward Shortfall)
2019-07-04,R06,6.5,1.4,3.96,10.15,8.75,10.72,22.6,41.17,26.59,0,0,INCREASE REPLENISHMENT,6.0,PROACTIVE (Forward Shortfall)
2019-07-05,R06,2.0,1.19,3.76,9.92,8.73,10.67,21.95,40.43,20.09,1,0,INCREASE REPLENISHMENT,6.0,REACTIVE (Below ROP)
2019-07-06,R06,3.0,1.39,3.91,9.53,8.14,9.73,21.46,38.32,27.09,0,0,MAINTAIN REPLENISHMENT,0.0,PIPELINE IN-TRANSIT SUFFICIENT
2019-07-07,R06,5.0,1.0,3.95,11.9,10.9,13.77,25.62,49.47,30.09,0,0,INCREASE REPLENISHMENT,14.0,PROACTIVE (Forward Shortfall)
2019-07-08,R06,4.0,1.5,3.42,9.59,8.09,10.69,20.95,39.46,31.09,0,0,MAINTAIN REPLENISHMENT,0.0,PIPELINE IN-TRANSIT SUFFICIENT
2019-07-09,R06,2.0,1.12,3.43,12.05,10.93,14.93,25.22,51.08,27.09,0,0,INCREASE REPLENISHMENT,10.0,PROACTIVE (Forward Shortfall)
2019-07-10,R06,4.0,1.3,3.37,9.14,7.84,9.99,20.1,37.41,39.09,0,1,MAINTAIN REPLENISHMENT,0.0,PIPELINE IN-TRANSIT SUFFICIENT
2019-07-11,R06,3.0,1.2,2.88,10.16,8.96,12.61,21.25,43.09,35.09,0,0,MAINTAIN REPLENISHMENT,0.0,PIPELINE IN-TRANSIT SUFFICIENT
2019-07-12,R06,2.0,1.44,3.89,10.44,9.0,11.34,23.01,42.66,42.09,0,0,INCREASE REPLENISHMENT,1.0,PROACTIVE (Forward Shortfall)
2019-07-13,R06,5.0,1.1,3.32,10.6,9.5,12.61,22.57,44.41,40.09,0,0,INCREASE REPLENISHMENT,4.0,PROACTIVE (Forward Shortfall)
2019-07-14,R06,1.0,1.46,3.8,10.21,8.75,11.1,22.5,41.73,35.09,0,0,INCREASE REPLENISHMENT,2.0,PROACTIVE (Forward Shortfall)
2019-07-15,R06,7.0,1.37,3.5,10.93,9.56,12.87,23.37,45.66,35.09,0,0,INCREASE REPLENISHMENT,5.0,PROACTIVE (Forward Shortfall)
2019-07-16,R06,4.0,1.8,3.63,9.98,8.18,11.0,21.89,40.94,32.09,0,0,INCREASE REPLENISHMENT,2.0,PROACTIVE (Forward Shortfall)
2019-07-17,R06,2.0,1.86,3.85,10.64,8.78,11.76,23.31,43.68,30.09,0,0,INCREASE REPLENISHMENT,7.0,PROACTIVE (Forward Shortfall)
2019-07-18,R06,3.0,1.89,3.83,9.97,8.08,10.63,22.12,40.54,33.09,0,0,MAINTAIN REPLENISHMENT,0.0,PIPELINE IN-TRANSIT SUFFICIENT
2019-07-19,R06,7.0,1.46,3.1,9.97,8.51,11.9,21.2,41.81,32.09,0,0,INCREASE REPLENISHMENT,3.0,PROACTIVE (Forward Shortfall)
2019-07-20,R06,2.0,0.89,3.15,9.83,8.94,11.57,21.02,41.06,32.09,0,0,INCREASE REPLENISHMENT,6.0,PROACTIVE (Forward Shortfall)
2019-07-21,R06,3.0,0.76,2.97,9.83,9.07,11.88,20.79,41.37,30.09,0,0,INCREASE REPLENISHMENT,3.0,PROACTIVE (Forward Shortfall)
2019-07-22,R06,6.0,1.69,3.4,9.72,8.03,10.95,21.15,40.11,30.09,0,0,INCREASE REPLENISHMENT,2.0,PROACTIVE (Forward Shortfall)
2019-07-23,R06,2.4,1.73,3.07,10.15,8.42,12.26,21.47,42.71,30.09,0,0,INCREASE REPLENISHMENT,8.0,PROACTIVE (Forward Shortfall)
2019-07-24,R06,1.0,1.63,3.5,10.02,8.39,11.29,21.79,41.35,30.69,0,0,INCREASE REPLENISHMENT,1.0,PROACTIVE (Forward Shortfall)
2019-07-25,R06,2.0,0.82,2.92,9.74,8.92,11.81,20.57,41.03,31.69,0,0,INCREASE REPLENISHMENT,1.0,PROACTIVE (Forward Shortfall)
2019-07-26,R06,3.0,1.2,2.66,10.05,8.85,12.8,20.78,42.95,37.69,0,0,INCREASE REPLENISHMENT,4.0,PROACTIVE (Forward Shortfall)
2019-07-27,R06,3.4,1.41,2.93,9.79,8.38,11.88,20.67,41.25,35.69,0,0,INCREASE REPLENISHMENT,1.0,PROACTIVE (Forward Shortfall)
2019-07-28,R06,0.6,1.61,3.13,10.02,8.41,11.93,21.32,41.99,33.29,0,0,INCREASE REPLENISHMENT,4.0,PROACTIVE (Forward Shortfall)
2019-07-29,R06,2.0,0.96,2.79,9.57,8.61,11.74,20.11,40.45,36.69,0,0,MAINTAIN REPLENISHMENT,0.0,HEALTHY ZONE
2019-07-30,R06,5.0,1.48,3.16,8.52,7.04,9.28,18.76,34.84,35.69,0,1,REDUCE REPLENISHMENT,0.0,OVERSTOCKED
2019-07-31,R06,2.0,0.91,2.4,8.14,7.23,9.94,17.14,34.36,34.69,0,1,REDUCE REPLENISHMENT,0.0,OVERSTOCKED
2019-08-01,R06,2.0,1.29,2.49,8.74,7.45,10.83,18.3,37.05,32.69,0,0,MAINTAIN REPLENISHMENT,0.0,HEALTHY ZONE
2019-08-02,R06,1.0,0.85,2.51,7.48,6.63,8.61,16.14,31.05,30.69,0,0,MAINTAIN REPLENISHMENT,0.0,HEALTHY ZONE
2019-08-03,R06,3.4,0.92,2.2,7.19,6.27,8.64,15.24,30.21,29.69,0,0,INCREASE REPLENISHMENT,1.0,PROACTIVE (Forward Shortfall)
2019-08-04,R06,4.3,1.12,2.26,7.25,6.13,8.64,15.42,30.39,26.29,0,0,INCREASE REPLENISHMENT,4.0,PROACTIVE (Forward Shortfall)
2019-08-05,R06,0.0,1.34,2.14,7.12,5.78,8.63,15.05,29.99,21.99,0,0,INCREASE REPLENISHMENT,3.0,PROACTIVE (Forward Shortfall)
2019-08-06,R06,6.0,0.77,2.61,8.19,7.42,9.66,17.49,34.23,22.99,0,0,INCREASE REPLENISHMENT,5.0,PROACTIVE (Forward Shortfall)
2019-08-07,R06,3.0,0.99,2.75,8.84,7.85,10.55,18.8,37.07,20.99,0,0,INCREASE REPLENISHMENT,9.0,PROACTIVE (Forward Shortfall)
2019-08-08,R06,3.0,1.49,3.12,9.17,7.68,10.48,19.84,37.99,20.99,0,0,INCREASE REPLENISHMENT,3.0,PROACTIVE (Forward Shortfall)
2019-08-09,R06,5.0,1.05,2.9,9.04,7.99,10.63,19.33,37.75,22.99,0,0,INCREASE REPLENISHMENT,3.0,PROACTIVE (Forward Shortfall)
2019-08-10,R06,0.0,0.97,2.21,8.03,7.06,10.08,16.71,34.17,26.99,0,0,INCREASE REPLENISHMENT,2.0,PROACTIVE (Forward Shortfall)
2019-08-11,R06,3.0,0.95,2.97,9.63,8.68,11.54,20.45,40.43,29.99,0,0,INCREASE REPLENISHMENT,6.0,PROACTIVE (Forward Shortfall)
2019-08-12,R06,3.5,0.92,3.31,9.84,8.92,11.31,21.24,40.83,29.99,0,0,INCREASE REPLENISHMENT,3.0,PROACTIVE (Forward Shortfall)
2019-08-13,R06,1.0,1.32,2.56,8.34,7.02,10.01,17.69,35.03,28.49,0,0,MAINTAIN REPLENISHMENT,0.0,PIPELINE IN-TRANSIT SUFFICIENT
2019-08-14,R06,3.0,0.97,2.01,7.31,6.34,9.18,15.21,31.11,33.49,0,1,REDUCE REPLENISHMENT,0.0,OVERSTOCKED
2019-08-15,R06,2.0,1.06,2.56,7.86,6.8,9.18,16.86,32.76,33.49,0,1,MAINTAIN REPLENISHMENT,0.0,PIPELINE IN-TRANSIT SUFFICIENT
2019-08-16,R06,7.0,1.21,2.18,7.52,6.31,9.25,15.79,31.81,31.49,0,0,INCREASE REPLENISHMENT,1.0,PROACTIVE (Forward Shortfall)
2019-08-17,R06,2.5,0.8,2.3,8.77,7.97,11.21,18.11,37.52,24.49,0,0,INCREASE REPLENISHMENT,13.0,PROACTIVE (Forward Shortfall)
2019-08-18,R06,4.0,1.1,2.32,8.1,7.0,10.01,16.97,34.31,21.99,0,0,MAINTAIN REPLENISHMENT,0.0,PIPELINE IN-TRANSIT SUFFICIENT
2019-08-19,R06,4.0,1.17,2.38,8.2,7.03,10.08,17.22,34.68,18.99,0,0,INCREASE REPLENISHMENT,3.0,PROACTIVE (Forward Shortfall)
2019-08-20,R06,3.0,1.21,2.44,9.22,8.01,11.74,19.06,39.4,27.99,0,0,INCREASE REPLENISHMENT,9.0,PROACTIVE (Forward Shortfall)
2019-08-21,R06,3.0,1.26,2.34,7.92,6.66,9.66,16.68,33.42,24.99,0,0,MAINTAIN REPLENISHMENT,0.0,PIPELINE IN-TRANSIT SUFFICIENT
2019-08-22,R06,3.0,1.32,2.18,8.04,6.72,10.15,16.69,34.27,24.99,0,0,INCREASE REPLENISHMENT,1.0,PROACTIVE (Forward Shortfall)
2019-08-23,R06,2.0,1.26,2.46,7.74,6.48,9.15,16.53,32.37,30.99,0,0,INCREASE REPLENISHMENT,1.0,PROACTIVE (Forward Shortfall)
2019-08-24,R06,5.5,0.8,2.17,8.0,7.2,10.1,16.61,34.1,28.99,0,0,INCREASE REPLENISHMENT,4.0,PROACTIVE (Forward Shortfall)
2019-08-25,R06,0.0,0.95,2.47,9.76,8.81,12.63,20.04,41.91,24.49,0,0,INCREASE REPLENISHMENT,13.0,PROACTIVE (Forward Shortfall)
2019-08-26,R06,3.0,1.22,2.33,8.52,7.3,10.72,17.71,36.28,25.49,0,0,MAINTAIN REPLENISHMENT,0.0,PIPELINE IN-TRANSIT SUFFICIENT
2019-08-27,R06,5.0,1.46,3.02,8.29,6.83,9.13,18.19,34.0,26.49,0,0,MAINTAIN REPLENISHMENT,0.0,PIPELINE IN-TRANSIT SUFFICIENT
2019-08-28,R06,2.0,1.24,1.81,9.42,8.18,13.18,18.61,41.44,34.49,0,0,INCREASE REPLENISHMENT,7.0,PROACTIVE (Forward Shortfall)
2019-08-29,R06,2.0,1.32,2.72,8.88,7.56,10.67,18.83,37.31,32.49,0,0,MAINTAIN REPLENISHMENT,0.0,PIPELINE IN-TRANSIT SUFFICIENT
2019-08-30,R06,5.1,1.32,3.26,9.08,7.76,10.08,19.86,37.32,30.49,0,0,MAINTAIN REPLENISHMENT,0.0,PIPELINE IN-TRANSIT SUFFICIENT
2019-08-31,R06,6.0,0.95,1.88,7.99,7.04,10.58,16.22,34.55,32.39,0,0,INCREASE REPLENISHMENT,3.0,PROACTIVE (Forward Shortfall)
2019-09-01,R06,4.0,0.45,1.94,9.37,8.92,12.87,18.69,40.98,26.39,0,0,INCREASE REPLENISHMENT,12.0,PROACTIVE (Forward Shortfall)
2019-09-02,R06,9.0,1.1,2.43,9.3,8.2,11.9,19.19,39.8,22.39,0,0,INCREASE REPLENISHMENT,3.0,PROACTIVE (Forward Shortfall)
2019-09-03,R06,2.0,1.35,2.34,9.55,8.2,12.49,19.51,41.14,16.39,1,0,INCREASE REPLENISHMENT,10.0,REACTIVE (Below ROP)
2019-09-04,R06,3.0,1.41,2.69,9.95,8.54,12.57,20.64,42.42,26.39,0,0,INCREASE REPLENISHMENT,4.0,PROACTIVE (Forward Shortfall)
2019-09-05,R06,8.0,1.35,2.75,9.82,8.47,12.25,20.5,41.71,26.39,0,0,INCREASE REPLENISHMENT,2.0,PROACTIVE (Forward Shortfall)
2019-09-06,R06,1.5,1.33,2.3,9.77,8.44,12.94,19.84,42.25,28.39,0,0,INCREASE REPLENISHMENT,8.0,PROACTIVE (Forward Shortfall)
2019-09-07,R06,2.0,1.08,2.6,10.48,9.4,13.65,21.45,45.09,30.89,0,0,INCREASE REPLENISHMENT,5.0,PROACTIVE (Forward Shortfall)
2019-09-08,R06,3.0,0.63,2.53,10.63,10.0,14.03,21.62,45.92,30.89,0,0,INCREASE REPLENISHMENT,3.0,PROACTIVE (Forward Shortfall)
2019-09-09,R06,2.0,1.08,2.27,10.44,9.36,14.15,20.96,45.47,35.89,0,0,INCREASE REPLENISHMENT,2.0,PROACTIVE (Forward Shortfall)
2019-09-10,R06,1.0,1.13,2.62,10.27,9.14,13.25,21.11,44.06,38.89,0,0,INCREASE REPLENISHMENT,1.0,PROACTIVE (Forward Shortfall)
2019-09-11,R06,2.5,0.58,2.77,10.02,9.44,12.56,20.87,42.62,40.89,0,0,MAINTAIN REPLENISHMENT,0.0,HEALTHY ZONE
2019-09-12,R06,4.0,0.83,2.65,9.72,8.89,12.25,20.2,41.41,40.39,0,0,MAINTAIN REPLENISHMENT,0.0,HEALTHY ZONE
2019-09-13,R06,5.0,0.99,2.64,9.65,8.66,12.14,20.06,41.09,37.39,0,0,INCREASE REPLENISHMENT,4.0,PROACTIVE (Forward Shortfall)
2019-09-14,R06,10.0,0.7,2.67,9.34,8.64,11.55,19.56,39.57,32.39,0,0,INCREASE REPLENISHMENT,4.0,PROACTIVE (Forward Shortfall)
2019-09-15,R06,6.0,0.78,2.18,10.13,9.35,13.77,20.31,44.16,22.39,0,0,INCREASE REPLENISHMENT,14.0,PROACTIVE (Forward Shortfall)
2019-09-16,R06,2.0,0.39,2.05,10.12,9.73,13.98,20.13,44.34,20.39,0,0,INCREASE REPLENISHMENT,6.0,PROACTIVE (Forward Shortfall)
2019-09-17,R06,2.0,0.99,2.47,10.54,9.55,13.98,21.39,45.6,22.39,0,0,INCREASE REPLENISHMENT,4.0,PROACTIVE (Forward Shortfall)
2019-09-18,R06,2.0,0.96,2.32,10.06,9.1,13.41,20.37,43.59,34.39,0,0,MAINTAIN REPLENISHMENT,0.0,PIPELINE IN-TRANSIT SUFFICIENT
2019-09-19,R06,4.0,0.76,2.06,9.93,9.17,13.63,19.81,43.42,38.39,0,0,INCREASE REPLENISHMENT,2.0,PROACTIVE (Forward Shortfall)
2019-09-20,R06,3.0,0.94,1.99,9.86,8.92,13.63,19.6,43.21,38.39,0,0,INCREASE REPLENISHMENT,3.0,PROACTIVE (Forward Shortfall)
2019-09-21,R06,4.0,1.07,2.67,10.61,9.54,13.75,21.76,45.58,35.39,0,0,INCREASE REPLENISHMENT,6.0,PROACTIVE (Forward Shortfall)
2019-09-22,R06,4.0,0.82,3.04,9.83,9.01,11.76,20.88,41.25,33.39,0,0,MAINTAIN REPLENISHMENT,0.0,PIPELINE IN-TRANSIT SUFFICIENT
2019-09-23,R06,4.0,0.89,2.55,10.07,9.18,13.03,20.68,43.24,32.39,0,0,INCREASE REPLENISHMENT,5.0,PROACTIVE (Forward Shortfall)
2019-09-24,R06,6.0,0.9,2.86,9.27,8.37,11.1,19.68,38.91,34.39,0,0,MAINTAIN REPLENISHMENT,0.0,PIPELINE IN-TRANSIT SUFFICIENT
2019-09-25,R06,4.0,1.05,2.67,9.48,8.43,11.8,19.81,40.24,28.39,0,0,INCREASE REPLENISHMENT,7.0,PROACTIVE (Forward Shortfall)
2019-09-26,R06,0.0,0.83,2.7,10.12,9.29,12.85,20.95,43.21,29.39,0,0,INCREASE REPLENISHMENT,7.0,PROACTIVE (Forward Shortfall)
2019-09-27,R06,4.0,1.31,3.09,8.87,7.56,10.01,19.28,36.62,29.39,0,0,MAINTAIN REPLENISHMENT,0.0,PIPELINE IN-TRANSIT SUFFICIENT
2019-09-28,R06,3.0,1.18,2.69,8.72,7.54,10.44,18.51,36.6,32.39,0,0,MAINTAIN REPLENISHMENT,0.0,PIPELINE IN-TRANSIT SUFFICIENT
2019-09-29,R06,2.1,1.02,2.16,9.5,8.48,12.71,19.19,41.21,36.39,0,0,MAINTAIN REPLENISHMENT,0.0,HEALTHY ZONE
2019-09-30,R06,2.0,0.93,2.2,8.11,7.18,10.24,16.84,34.57,34.29,0,0,MAINTAIN REPLENISHMENT,0.0,HEALTHY ZONE
2019-10-01,R06,1.5,0.84,2.11,8.0,7.16,10.2,16.53,34.2,32.29,0,0,INCREASE REPLENISHMENT,2.0,PROACTIVE (Forward Shortfall)
2019-10-02,R06,1.1,0.57,1.98,8.45,7.88,11.21,17.15,36.56,30.79,0,0,INCREASE REPLENISHMENT,4.0,PROACTIVE (Forward Shortfall)
2019-10-03,R06,2.0,0.99,2.46,8.24,7.25,10.01,17.39,34.73,29.69,0,0,MAINTAIN REPLENISHMENT,0.0,PIPELINE IN-TRANSIT SUFFICIENT
2019-10-04,R06,1.0,0.66,1.79,8.04,7.38,10.83,16.2,34.95,29.69,0,0,MAINTAIN REPLENISHMENT,0.0,HEALTHY ZONE
2019-10-05,R06,0.33,0.26,1.78,6.83,6.57,8.75,14.09,29.24,32.69,0,1,REDUCE REPLENISHMENT,0.0,OVERSTOCKED
2019-10-06,R06,4.2,0.47,2.04,7.39,6.92,9.27,15.39,31.44,32.36,0,1,REDUCE REPLENISHMENT,0.0,OVERSTOCKED
2019-10-07,R06,1.0,0.39,1.93,7.25,6.86,9.21,15.0,30.96,28.16,0,0,MAINTAIN REPLENISHMENT,0.0,HEALTHY ZONE
2019-10-08,R06,0.0,0.51,2.01,7.24,6.73,9.06,15.09,30.78,27.16,0,0,MAINTAIN REPLENISHMENT,0.0,HEALTHY ZONE
2020-01-01,R06,,0.37,2.17,3.77,3.4,2.77,9.28,14.08,27.16,0,1,REDUCE REPLENISHMENT,0.0,OVERSTOCKED
2020-01-02,R06,,0.39,2.38,3.67,3.28,2.23,9.37,13.24,24.99,0,1,REDUCE REPLENISHMENT,0.0,OVERSTOCKED
2020-01-03,R06,,0.36,2.27,3.61,3.25,2.32,9.13,13.15,22.61,0,1,REDUCE REPLENISHMENT,0.0,OVERSTOCKED
2020-01-04,R06,,0.58,2.37,3.81,3.23,2.49,9.6,13.92,20.34,0,1,REDUCE REPLENISHMENT,0.0,OVERSTOCKED
2020-01-05,R06,,0.3,2.26,3.87,3.57,2.79,9.57,14.4,17.97,0,1,REDUCE REPLENISHMENT,0.0,OVERSTOCKED
2020-01-06,R06,,0.23,1.8,3.46,3.23,2.88,8.28,13.26,15.71,0,1,MAINTAIN REPLENISHMENT,0.0,PIPELINE IN-TRANSIT SUFFICIENT
2020-01-07,R06,,0.1,1.78,3.33,3.23,2.68,8.02,12.67,13.91,0,1,MAINTAIN REPLENISHMENT,0.0,PIPELINE IN-TRANSIT SUFFICIENT
2020-01-08,R06,,0.07,2.04,4.1,4.03,3.57,9.69,15.87,12.13,0,0,INCREASE REPLENISHMENT,4.0,PROACTIVE (Forward Shortfall)
2020-01-09,R06,,0.25,2.03,4.03,3.78,3.46,9.55,15.55,10.09,0,0,INCREASE REPLENISHMENT,2.0,PROACTIVE (Forward Shortfall)
2020-01-10,R06,,0.11,2.03,4.31,4.2,3.95,10.04,16.88,8.06,1,0,INCREASE REPLENISHMENT,3.0,REACTIVE (Below ROP)
2020-01-11,R06,,0.33,2.24,4.45,4.12,3.83,10.55,17.18,10.03,1,0,INCREASE REPLENISHMENT,3.0,REACTIVE (Below ROP)
2020-01-12,R06,,0.34,2.13,4.69,4.35,4.43,10.82,18.5,9.79,1,0,INCREASE REPLENISHMENT,3.0,REACTIVE (Below ROP)
2020-01-13,R06,,0.21,1.87,4.25,4.04,4.12,9.73,16.87,10.66,0,0,INCREASE REPLENISHMENT,1.0,PROACTIVE (Forward Shortfall)
2020-01-14,R06,,0.23,1.9,4.18,3.95,3.95,9.65,16.49,11.79,0,0,INCREASE REPLENISHMENT,1.0,PROACTIVE (Forward Shortfall)
2020-01-15,R06,,0.24,1.95,4.04,3.8,3.62,9.47,15.74,12.89,0,0,INCREASE REPLENISHMENT,1.0,PROACTIVE (Forward Shortfall)
2020-01-16,R06,,0.05,1.89,4.61,4.56,4.71,10.38,18.54,11.94,0,0,INCREASE REPLENISHMENT,5.0,PROACTIVE (Forward Shortfall)
2020-01-17,R06,,0.48,2.03,4.64,4.16,4.52,10.61,18.44,11.05,0,0,INCREASE REPLENISHMENT,2.0,PROACTIVE (Forward Shortfall)
2020-01-18,R06,,0.32,2.07,4.74,4.42,4.62,10.83,18.84,10.02,1,0,INCREASE REPLENISHMENT,2.0,REACTIVE (Below ROP)
2020-01-19,R06,,0.12,2.34,4.77,4.65,4.21,11.23,18.52,12.95,0,0,INCREASE REPLENISHMENT,2.0,PROACTIVE (Forward Shortfall)
2020-01-20,R06,,0.02,2.09,4.42,4.4,4.04,10.31,17.3,12.61,0,0,INCREASE REPLENISHMENT,1.0,PROACTIVE (Forward Shortfall)
2020-01-21,R06,,0.07,2.11,4.39,4.32,3.95,10.28,17.12,12.52,0,0,INCREASE REPLENISHMENT,2.0,PROACTIVE (Forward Shortfall)
2020-01-22,R06,,0.07,1.98,4.67,4.6,4.66,10.6,18.67,12.41,0,0,INCREASE REPLENISHMENT,4.0,PROACTIVE (Forward Shortfall)
2020-01-23,R06,,0.05,1.96,4.53,4.48,4.45,10.33,18.04,11.43,0,0,INCREASE REPLENISHMENT,1.0,PROACTIVE (Forward Shortfall)
2020-01-24,R06,,0.29,2.0,4.93,4.64,5.07,11.07,19.86,11.47,0,0,INCREASE REPLENISHMENT,4.0,PROACTIVE (Forward Shortfall)
2020-01-25,R06,,0.27,2.27,5.04,4.77,4.8,11.61,19.92,13.47,0,0,INCREASE REPLENISHMENT,2.0,PROACTIVE (Forward Shortfall)
2020-01-26,R06,,0.47,2.12,4.78,4.31,4.61,10.97,18.95,12.2,0,0,INCREASE REPLENISHMENT,1.0,PROACTIVE (Forward Shortfall)
2020-01-27,R06,,0.02,2.1,4.9,4.88,4.85,11.15,19.55,14.08,0,0,INCREASE REPLENISHMENT,3.0,PROACTIVE (Forward Shortfall)
2020-01-28,R06,,0.08,2.17,4.65,4.57,4.3,10.81,18.25,13.98,0,0,INCREASE REPLENISHMENT,1.0,PROACTIVE (Forward Shortfall)
2020-01-29,R06,,0.06,2.18,4.85,4.79,4.62,11.16,19.17,12.81,0,0,INCREASE REPLENISHMENT,3.0,PROACTIVE (Forward Shortfall)
2020-01-30,R06,,0.02,2.19,5.12,5.1,5.07,11.64,20.43,13.63,0,0,INCREASE REPLENISHMENT,3.0,PROACTIVE (Forward Shortfall)
2020-01-31,R06,,0.45,2.17,5.07,4.62,5.02,11.53,20.23,12.44,0,0,INCREASE REPLENISHMENT,2.0,PROACTIVE (Forward Shortfall)
2020-02-01,R06,,0.48,2.42,5.35,4.87,5.07,12.33,21.12,13.27,0,0,INCREASE REPLENISHMENT,3.0,PROACTIVE (Forward Shortfall)
2020-02-02,R06,,0.31,2.45,5.42,5.11,5.14,12.49,21.4,13.85,0,0,INCREASE REPLENISHMENT,3.0,PROACTIVE (Forward Shortfall)
2020-02-03,R06,,0.08,2.15,5.02,4.94,4.97,11.42,20.03,13.4,0,0,INCREASE REPLENISHMENT,1.0,PROACTIVE (Forward Shortfall)
2020-02-04,R06,,0.08,2.16,5.08,5.0,5.06,11.54,20.3,14.25,0,0,INCREASE REPLENISHMENT,3.0,PROACTIVE (Forward Shortfall)
2020-02-05,R06,,0.08,2.18,4.95,4.87,4.8,11.34,19.65,15.09,0,0,INCREASE REPLENISHMENT,1.0,PROACTIVE (Forward Shortfall)
2020-02-06,R06,,0.03,2.16,5.24,5.21,5.33,11.81,21.05,13.91,0,0,INCREASE REPLENISHMENT,4.0,PROACTIVE (Forward Shortfall)
2020-02-07,R06,,0.44,2.17,5.29,4.85,5.4,11.91,21.27,14.75,0,0,INCREASE REPLENISHMENT,2.0,PROACTIVE (Forward Shortfall)
2020-02-08,R06,,0.47,2.44,5.65,5.18,5.56,12.88,22.51,13.58,0,0,INCREASE REPLENISHMENT,3.0,PROACTIVE (Forward Shortfall)
2020-02-09,R06,,0.3,2.45,5.63,5.33,5.51,12.86,22.4,15.14,0,0,INCREASE REPLENISHMENT,3.0,PROACTIVE (Forward Shortfall)
2020-02-10,R06,,0.05,2.2,5.27,5.22,5.32,11.92,21.13,14.69,0,0,INCREASE REPLENISHMENT,1.0,PROACTIVE (Forward Shortfall)
2020-02-11,R06,,0.05,2.2,5.25,5.2,5.28,11.88,21.03,15.49,0,0,INCREASE REPLENISHMENT,2.0,PROACTIVE (Forward Shortfall)
2020-02-12,R06,,0.06,2.19,5.16,5.1,5.14,11.71,20.62,16.29,0,0,INCREASE REPLENISHMENT,2.0,PROACTIVE (Forward Shortfall)
2020-02-13,R06,,0.06,2.17,5.22,5.16,5.28,11.79,20.94,15.1,0,0,INCREASE REPLENISHMENT,2.0,PROACTIVE (Forward Shortfall)
2020-02-14,R06,,0.42,2.19,5.53,5.11,5.79,12.36,22.38,14.93,0,0,INCREASE REPLENISHMENT,4.0,PROACTIVE (Forward Shortfall)
2020-02-15,R06,,0.46,2.31,5.47,5.01,5.47,12.4,21.88,14.74,0,0,INCREASE REPLENISHMENT,2.0,PROACTIVE (Forward Shortfall)
2020-02-16,R06,,0.31,2.43,5.6,5.29,5.49,12.78,22.29,14.43,0,0,INCREASE REPLENISHMENT,2.0,PROACTIVE (Forward Shortfall)
2020-02-17,R06,,0.01,2.19,5.27,5.26,5.33,11.9,21.14,16.0,0,0,INCREASE REPLENISHMENT,2.0,PROACTIVE (Forward Shortfall)
2020-02-18,R06,,0.06,2.19,5.09,5.03,5.02,11.59,20.29,15.81,0,0,INCREASE REPLENISHMENT,1.0,PROACTIVE (Forward Shortfall)
2020-02-19,R06,,0.05,2.78,5.23,5.18,4.24,12.58,19.93,15.62,0,0,INCREASE REPLENISHMENT,2.0,PROACTIVE (Forward Shortfall)
2020-02-20,R06,,0.08,2.8,5.32,5.24,4.36,12.76,20.32,14.84,0,0,INCREASE REPLENISHMENT,3.0,PROACTIVE (Forward Shortfall)
2020-02-21,R06,,0.41,2.91,6.35,5.94,5.96,14.69,25.01,13.04,1,0,INCREASE REPLENISHMENT,7.0,REACTIVE (Below ROP)
2020-02-22,R06,,0.45,3.25,6.57,6.12,5.75,15.5,25.46,12.13,1,0,INCREASE REPLENISHMENT,4.0,REACTIVE (Below ROP)
2020-02-23,R06,,0.51,3.63,6.77,6.26,5.44,16.33,25.75,11.88,1,0,INCREASE REPLENISHMENT,3.0,REACTIVE (Below ROP)
2020-02-24,R06,,0.57,3.09,6.26,5.69,5.49,14.76,24.27,15.25,0,0,INCREASE REPLENISHMENT,3.0,PROACTIVE (Forward Shortfall)
2020-02-25,R06,,0.5,3.52,5.89,5.39,4.1,14.66,21.77,16.16,0,0,MAINTAIN REPLENISHMENT,0.0,PIPELINE IN-TRANSIT SUFFICIENT
2020-02-26,R06,,0.34,3.51,6.46,6.12,5.11,15.64,24.49,15.64,0,0,INCREASE REPLENISHMENT,6.0,PROACTIVE (Forward Shortfall)
2020-02-27,R06,,0.4,3.94,6.65,6.25,4.69,16.51,24.64,15.13,1,0,INCREASE REPLENISHMENT,4.0,REACTIVE (Below ROP)
2020-02-28,R06,,0.76,3.8,6.98,6.22,5.51,16.91,26.45,11.19,1,0,INCREASE REPLENISHMENT,6.0,REACTIVE (Below ROP)
2020-02-29,R06,,0.81,3.77,7.16,6.35,5.87,17.18,27.35,13.39,1,0,INCREASE REPLENISHMENT,4.0,REACTIVE (Below ROP)
2020-03-01,R06,,0.28,3.97,7.24,6.96,5.66,17.57,27.38,13.62,1,0,INCREASE REPLENISHMENT,4.0,REACTIVE (Below ROP)
2020-03-02,R06,,0.48,4.0,6.91,6.43,5.04,17.04,25.77,15.65,1,0,INCREASE REPLENISHMENT,3.0,REACTIVE (Below ROP)
2020-03-03,R06,,0.57,4.72,7.46,6.89,4.75,18.91,27.13,15.65,1,0,INCREASE REPLENISHMENT,5.0,REACTIVE (Below ROP)
2020-03-04,R06,,0.52,4.59,7.61,7.09,5.23,19.0,28.06,14.93,1,0,INCREASE REPLENISHMENT,6.0,REACTIVE (Below ROP)
2020-03-05,R06,,0.26,4.07,7.73,7.47,6.34,18.55,29.53,13.34,1,0,INCREASE REPLENISHMENT,6.0,REACTIVE (Below ROP)
2020-03-06,R06,,0.54,4.37,7.98,7.44,6.25,19.36,30.19,14.27,1,0,INCREASE REPLENISHMENT,4.0,REACTIVE (Below ROP)
2020-03-07,R06,,0.53,4.49,8.07,7.54,6.2,19.67,30.41,15.9,1,0,INCREASE REPLENISHMENT,5.0,REACTIVE (Below ROP)
2020-03-08,R06,,0.63,6.3,9.46,8.83,5.47,24.37,33.85,17.41,1,0,INCREASE REPLENISHMENT,8.0,REACTIVE (Below ROP)
2020-03-09,R06,,0.94,5.53,8.8,7.86,5.66,22.25,32.06,15.11,1,0,INCREASE REPLENISHMENT,4.0,REACTIVE (Below ROP)
2020-03-10,R06,,0.93,5.68,9.29,8.36,6.25,23.29,34.12,14.58,1,0,INCREASE REPLENISHMENT,8.0,REACTIVE (Below ROP)
2020-03-11,R06,,0.8,5.19,9.1,8.3,6.77,22.34,34.07,16.9,1,0,INCREASE REPLENISHMENT,6.0,REACTIVE (Below ROP)
2020-03-12,R06,,0.78,5.33,9.09,8.31,6.51,22.5,33.78,15.71,1,0,INCREASE REPLENISHMENT,5.0,REACTIVE (Below ROP)
2020-03-13,R06,,0.8,5.9,9.21,8.41,5.73,23.43,33.36,18.38,1,0,INCREASE REPLENISHMENT,4.0,REACTIVE (Below ROP)
2020-03-14,R06,,0.91,6.18,9.35,8.44,5.49,24.03,33.54,18.48,1,0,INCREASE REPLENISHMENT,7.0,REACTIVE (Below ROP)
2020-03-15,R06,,0.76,6.75,9.84,9.08,5.35,25.6,34.87,17.3,1,0,INCREASE REPLENISHMENT,7.0,REACTIVE (Below ROP)
2020-03-16,R06,,0.98,6.22,9.22,8.24,5.2,23.86,32.86,14.55,1,0,INCREASE REPLENISHMENT,5.0,REACTIVE (Below ROP)
2020-03-17,R06,,1.19,6.25,9.26,8.07,5.21,23.96,32.99,15.33,1,0,INCREASE REPLENISHMENT,6.0,REACTIVE (Below ROP)
2020-03-18,R06,,0.96,5.6,9.31,8.35,6.43,23.23,34.36,16.08,1,0,INCREASE REPLENISHMENT,8.0,REACTIVE (Below ROP)
2020-03-19,R06,,0.71,6.03,9.28,8.57,5.63,23.72,33.47,15.48,1,0,INCREASE REPLENISHMENT,4.0,REACTIVE (Below ROP)
2020-03-20,R06,,0.76,5.75,9.07,8.31,5.75,23.0,32.96,15.45,1,0,INCREASE REPLENISHMENT,6.0,REACTIVE (Below ROP)
2020-03-21,R06,,1.02,6.3,9.44,8.42,5.44,24.34,33.76,17.7,1,0,INCREASE REPLENISHMENT,7.0,REACTIVE (Below ROP)
2020-03-22,R06,,0.96,6.28,9.5,8.54,5.58,24.42,34.08,15.4,1,0,INCREASE REPLENISHMENT,6.0,REACTIVE (Below ROP)
2020-03-23,R06,,1.29,6.38,9.3,8.01,5.06,24.2,32.96,15.12,1,0,INCREASE REPLENISHMENT,5.0,REACTIVE (Below ROP)
2020-03-24,R06,,1.41,6.25,9.21,7.8,5.13,23.88,32.76,15.74,1,0,INCREASE REPLENISHMENT,7.0,REACTIVE (Below ROP)
2020-03-25,R06,,1.1,6.03,9.19,8.09,5.47,23.56,33.04,15.49,1,0,INCREASE REPLENISHMENT,6.0,REACTIVE (Below ROP)
2020-03-26,R06,,0.81,5.93,9.6,8.79,6.36,24.15,35.16,14.46,1,0,INCREASE REPLENISHMENT,8.0,REACTIVE (Below ROP)
2020-03-27,R06,,0.87,5.42,9.66,8.79,7.34,23.6,36.32,15.53,1,0,INCREASE REPLENISHMENT,7.0,REACTIVE (Below ROP)
2020-03-28,R06,,1.14,6.22,9.86,8.72,6.3,24.96,35.88,16.11,1,0,INCREASE REPLENISHMENT,5.0,REACTIVE (Below ROP)
2020-03-29,R06,,0.99,6.41,10.0,9.01,6.22,25.45,36.22,17.89,1,0,INCREASE REPLENISHMENT,7.0,REACTIVE (Below ROP)
2020-03-30,R06,,1.36,5.85,9.49,8.13,6.3,23.85,34.77,18.48,1,0,INCREASE REPLENISHMENT,5.0,REACTIVE (Below ROP)
2020-03-31,R06,,1.28,6.51,9.42,8.14,5.04,24.57,33.3,17.63,1,0,INCREASE REPLENISHMENT,4.0,REACTIVE (Below ROP)
2020-04-01,R06,,1.04,6.4,9.52,8.48,5.4,24.6,33.96,18.12,1,0,INCREASE REPLENISHMENT,7.0,REACTIVE (Below ROP)
2020-04-02,R06,,0.8,6.8,9.54,8.74,4.75,25.15,33.37,16.72,1,0,INCREASE REPLENISHMENT,6.0,REACTIVE (Below ROP)
2020-04-03,R06,,0.87,6.85,9.72,8.85,4.97,25.52,34.13,13.92,1,0,INCREASE REPLENISHMENT,8.0,REACTIVE (Below ROP)
2020-04-04,R06,,1.1,6.06,10.01,8.91,6.84,25.02,36.87,14.07,1,0,INCREASE REPLENISHMENT,9.0,REACTIVE (Below ROP)
2020-04-05,R06,,1.04,6.1,10.29,9.25,7.26,25.56,38.13,14.01,1,0,INCREASE REPLENISHMENT,8.0,REACTIVE (Below ROP)
2020-04-06,R06,,1.39,5.85,9.74,8.35,6.74,24.29,35.96,15.91,1,0,INCREASE REPLENISHMENT,4.0,REACTIVE (Below ROP)
2020-04-07,R06,,1.36,5.78,9.76,8.4,6.89,24.23,36.17,19.06,1,0,INCREASE REPLENISHMENT,6.0,REACTIVE (Below ROP)
2020-04-08,R06,,1.11,5.6,9.66,8.55,7.03,23.83,36.01,21.28,1,0,INCREASE REPLENISHMENT,5.0,REACTIVE (Below ROP)
2020-04-09,R06,,0.9,5.9,9.61,8.71,6.43,24.13,35.26,19.68,1,0,INCREASE REPLENISHMENT,5.0,REACTIVE (Below ROP)
2020-04-10,R06,,0.87,5.73,9.47,8.6,6.48,23.67,34.89,19.78,1,0,INCREASE REPLENISHMENT,6.0,REACTIVE (Below ROP)
2020-04-11,R06,,1.11,5.96,9.91,8.8,6.84,24.72,36.57,19.05,1,0,INCREASE REPLENISHMENT,7.0,REACTIVE (Below ROP)
2020-04-12,R06,,1.01,6.04,9.98,8.97,6.82,24.94,36.76,18.09,1,0,INCREASE REPLENISHMENT,6.0,REACTIVE (Below ROP)
2020-04-13,R06,,1.33,5.78,9.59,8.26,6.6,23.94,35.37,18.05,1,0,INCREASE REPLENISHMENT,5.0,REACTIVE (Below ROP)
2020-04-14,R06,,1.29,5.77,9.62,8.33,6.67,23.98,35.53,19.27,1,0,INCREASE REPLENISHMENT,6.0,REACTIVE (Below ROP)
2020-04-15,R06,,1.08,5.56,9.39,8.31,6.63,23.31,34.8,19.5,1,0,INCREASE REPLENISHMENT,5.0,REACTIVE (Below ROP)
2020-04-16,R06,,0.85,5.79,9.45,8.6,6.34,23.71,34.69,18.94,1,0,INCREASE REPLENISHMENT,5.0,REACTIVE (Below ROP)
2020-04-17,R06,,0.89,5.77,9.36,8.47,6.22,23.53,34.3,19.15,1,0,INCREASE REPLENISHMENT,6.0,REACTIVE (Below ROP)
2020-04-18,R06,,1.11,5.98,9.77,8.66,6.56,24.5,35.87,18.38,1,0,INCREASE REPLENISHMENT,7.0,REACTIVE (Below ROP)
2020-04-19,R06,,0.93,6.02,9.98,9.05,6.86,24.92,36.8,17.4,1,0,INCREASE REPLENISHMENT,7.0,REACTIVE (Below ROP)
2020-04-20,R06,,1.26,5.78,9.62,8.36,6.65,23.99,35.51,17.38,1,0,INCREASE REPLENISHMENT,5.0,REACTIVE (Below ROP)
2020-04-21,R06,,1.28,5.7,9.6,8.32,6.75,23.85,35.55,18.6,1,0,INCREASE REPLENISHMENT,5.0,REACTIVE (Below ROP)
2020-04-22,R06,,1.06,5.46,9.21,8.15,6.5,22.88,34.13,19.9,1,0,INCREASE REPLENISHMENT,5.0,REACTIVE (Below ROP)
2020-04-23,R06,,0.81,5.71,9.25,8.44,6.13,23.26,33.88,19.44,1,0,INCREASE REPLENISHMENT,5.0,REACTIVE (Below ROP)
2020-04-24,R06,,0.85,5.71,9.38,8.53,6.36,23.49,34.5,18.73,1,0,INCREASE REPLENISHMENT,6.0,REACTIVE (Below ROP)
2020-04-25,R06,,1.09,5.91,9.54,8.45,6.29,24.02,34.91,18.02,1,0,INCREASE REPLENISHMENT,6.0,REACTIVE (Below ROP)
2020-04-26,R06,,0.91,5.94,9.78,8.87,6.65,24.47,35.99,17.11,1,0,INCREASE REPLENISHMENT,7.0,REACTIVE (Below ROP)
2020-04-27,R06,,1.33,5.77,9.37,8.04,6.24,23.55,34.35,17.17,1,0,INCREASE REPLENISHMENT,5.0,REACTIVE (Below ROP)
2020-04-28,R06,,1.24,5.75,9.43,8.19,6.37,23.62,34.66,17.4,1,0,INCREASE REPLENISHMENT,6.0,REACTIVE (Below ROP)
2020-04-29,R06,,1.08,5.56,9.14,8.06,6.2,22.88,33.62,18.65,1,0,INCREASE REPLENISHMENT,4.0,REACTIVE (Below ROP)
2020-04-30,R06,,0.76,5.74,9.36,8.6,6.27,23.49,34.35,18.09,1,0,INCREASE REPLENISHMENT,7.0,REACTIVE (Below ROP)
2020-05-01,R06,,0.83,5.74,9.36,8.53,6.27,23.49,34.35,18.35,1,0,INCREASE REPLENISHMENT,5.0,REACTIVE (Below ROP)
2020-05-02,R06,,1.09,6.05,9.67,8.58,6.27,24.42,35.28,16.61,1,0,INCREASE REPLENISHMENT,7.0,REACTIVE (Below ROP)
2020-05-03,R06,,0.89,5.99,9.84,8.95,6.67,24.64,36.19,17.56,1,0,INCREASE REPLENISHMENT,7.0,REACTIVE (Below ROP)
2020-05-04,R06,,1.25,5.73,9.27,8.02,6.13,23.32,33.94,16.57,1,0,INCREASE REPLENISHMENT,4.0,REACTIVE (Below ROP)
2020-05-05,R06,,1.25,5.73,9.21,7.96,6.03,23.22,33.66,17.84,1,0,INCREASE REPLENISHMENT,5.0,REACTIVE (Below ROP)
2020-05-06,R06,,1.01,5.5,9.11,8.1,6.25,22.75,33.58,19.11,1,0,INCREASE REPLENISHMENT,6.0,REACTIVE (Below ROP)
2020-05-07,R06,,0.78,5.64,9.26,8.48,6.27,23.19,34.05,17.61,1,0,INCREASE REPLENISHMENT,6.0,REACTIVE (Below ROP)
2020-05-08,R06,,0.85,5.67,9.22,8.37,6.15,23.16,33.81,16.97,1,0,INCREASE REPLENISHMENT,5.0,REACTIVE (Below ROP)
2020-05-09,R06,,1.08,5.89,9.6,8.52,6.43,24.1,35.23,17.3,1,0,INCREASE REPLENISHMENT,7.0,REACTIVE (Below ROP)
2020-05-10,R06,,0.91,5.98,9.65,8.74,6.36,24.3,35.31,17.41,1,0,INCREASE REPLENISHMENT,6.0,REACTIVE (Below ROP)
2020-05-11,R06,,1.27,5.73,9.11,7.84,5.85,23.04,33.18,16.43,1,0,INCREASE REPLENISHMENT,4.0,REACTIVE (Below ROP)
2020-05-12,R06,,1.22,5.64,9.2,7.98,6.17,23.09,33.77,17.7,1,0,INCREASE REPLENISHMENT,7.0,REACTIVE (Below ROP)
2020-05-13,R06,,1.02,5.4,8.93,7.91,6.11,22.31,32.9,18.06,1,0,INCREASE REPLENISHMENT,4.0,REACTIVE (Below ROP)
2020-05-14,R06,,0.79,5.64,9.05,8.26,5.91,22.83,33.06,16.66,1,0,INCREASE REPLENISHMENT,6.0,REACTIVE (Below ROP)
2020-05-15,R06,,0.85,5.65,9.22,8.37,6.18,23.13,33.84,18.02,1,0,INCREASE REPLENISHMENT,6.0,REACTIVE (Below ROP)
2020-05-16,R06,,1.08,5.86,9.47,8.39,6.25,23.83,34.66,16.37,1,0,INCREASE REPLENISHMENT,7.0,REACTIVE (Below ROP)
2020-05-17,R06,,0.89,5.91,9.63,8.74,6.44,24.17,35.33,16.51,1,0,INCREASE REPLENISHMENT,6.0,REACTIVE (Below ROP)
2020-05-18,R06,,1.27,5.64,9.15,7.88,6.08,23.0,33.53,16.6,1,0,INCREASE REPLENISHMENT,4.0,REACTIVE (Below ROP)
2020-05-19,R06,,1.25,5.66,9.06,7.81,5.89,22.87,33.07,17.96,1,0,INCREASE REPLENISHMENT,6.0,REACTIVE (Below ROP)
2020-05-20,R06,,1.03,5.39,8.91,7.88,6.1,22.27,32.83,18.3,1,0,INCREASE REPLENISHMENT,5.0,REACTIVE (Below ROP)
2020-05-21,R06,,0.84,5.75,9.07,8.23,5.75,23.0,32.96,16.91,1,0,INCREASE REPLENISHMENT,6.0,REACTIVE (Below ROP)
2020-05-22,R06,,0.85,5.6,9.13,8.28,6.11,22.91,33.5,17.16,1,0,INCREASE REPLENISHMENT,6.0,REACTIVE (Below ROP)
2020-05-23,R06,,1.08,5.89,9.38,8.3,6.04,23.71,34.18,16.56,1,0,INCREASE REPLENISHMENT,6.0,REACTIVE (Below ROP)
2020-05-24,R06,,0.92,5.99,9.56,8.64,6.18,24.15,34.86,16.67,1,0,INCREASE REPLENISHMENT,7.0,REACTIVE (Below ROP)
2020-05-25,R06,,1.27,5.59,9.03,7.76,5.96,22.73,33.05,16.68,1,0,INCREASE REPLENISHMENT,4.0,REACTIVE (Below ROP)
2020-05-26,R06,,1.24,5.7,9.08,7.84,5.85,22.95,33.09,17.09,1,0,INCREASE REPLENISHMENT,5.0,REACTIVE (Below ROP)
2020-05-27,R06,,1.09,5.52,8.83,7.74,5.73,22.29,32.22,18.39,1,0,INCREASE REPLENISHMENT,5.0,REACTIVE (Below ROP)
2020-05-28,R06,,0.79,5.68,8.93,8.14,5.63,22.67,32.42,16.87,1,0,INCREASE REPLENISHMENT,6.0,REACTIVE (Below ROP)
2020-05-29,R06,,0.86,5.75,9.09,8.23,5.79,23.04,33.06,16.19,1,0,INCREASE REPLENISHMENT,6.0,REACTIVE (Below ROP)
2020-05-30,R06,,1.09,5.99,9.34,8.25,5.8,23.77,33.82,15.44,1,0,INCREASE REPLENISHMENT,7.0,REACTIVE (Below ROP)
2020-05-31,R06,,0.92,6.03,8.96,8.04,5.07,23.16,31.95,15.45,1,0,INCREASE REPLENISHMENT,4.0,REACTIVE (Below ROP)
2020-06-01,R06,,1.08,5.45,8.57,7.49,5.4,21.75,31.11,15.42,1,0,INCREASE REPLENISHMENT,5.0,REACTIVE (Below ROP)
2020-06-02,R06,,1.24,5.36,8.45,7.21,5.35,21.43,30.7,16.97,1,0,INCREASE REPLENISHMENT,5.0,REACTIVE (Below ROP)
2020-06-03,R06,,1.02,5.41,8.47,7.45,5.3,21.53,30.71,15.61,1,0,INCREASE REPLENISHMENT,6.0,REACTIVE (Below ROP)
2020-06-04,R06,,0.83,5.75,8.45,7.62,4.68,21.93,30.03,15.2,1,0,INCREASE REPLENISHMENT,4.0,REACTIVE (Below ROP)
2020-06-05,R06,,0.77,5.77,8.64,7.87,4.97,22.28,30.89,14.45,1,0,INCREASE REPLENISHMENT,7.0,REACTIVE (Below ROP)
2020-06-06,R06,,0.79,6.2,8.76,7.97,4.43,23.03,30.71,14.68,1,0,INCREASE REPLENISHMENT,6.0,REACTIVE (Below ROP)
2020-06-07,R06,,0.85,6.09,8.94,8.09,4.94,23.21,31.76,12.48,1,0,INCREASE REPLENISHMENT,7.0,REACTIVE (Below ROP)
2020-06-08,R06,,1.09,5.9,8.34,7.25,4.23,21.93,29.25,13.39,1,0,INCREASE REPLENISHMENT,3.0,REACTIVE (Below ROP)
2020-06-09,R06,,1.11,6.04,8.57,7.46,4.38,22.5,30.09,13.49,1,0,INCREASE REPLENISHMENT,7.0,REACTIVE (Below ROP)
2020-06-10,R06,,0.87,5.54,8.49,7.62,5.11,21.73,30.58,14.45,1,0,INCREASE REPLENISHMENT,7.0,REACTIVE (Below ROP)
2020-06-11,R06,,0.66,6.02,8.49,7.83,4.28,22.34,29.75,11.91,1,0,INCREASE REPLENISHMENT,4.0,REACTIVE (Below ROP)
2020-06-12,R06,,0.68,6.05,8.6,7.92,4.42,22.57,30.22,12.89,1,0,INCREASE REPLENISHMENT,7.0,REACTIVE (Below ROP)
2020-06-13,R06,,0.85,6.29,8.95,8.1,4.61,23.48,31.46,13.84,1,0,INCREASE REPLENISHMENT,7.0,REACTIVE (Below ROP)
2020-06-14,R06,,0.87,6.17,8.85,7.98,4.64,23.15,31.19,11.55,1,0,INCREASE REPLENISHMENT,6.0,REACTIVE (Below ROP)
2020-06-15,R06,,1.1,6.14,8.61,7.51,4.28,22.7,30.11,12.38,1,0,INCREASE REPLENISHMENT,5.0,REACTIVE (Below ROP)
2020-06-16,R06,,1.1,6.04,8.63,7.53,4.49,22.61,30.38,13.24,1,0,INCREASE REPLENISHMENT,7.0,REACTIVE (Below ROP)
2020-06-17,R06,,0.87,5.64,8.48,7.61,4.92,21.84,30.36,13.2,1,0,INCREASE REPLENISHMENT,6.0,REACTIVE (Below ROP)
2020-06-18,R06,,0.66,6.02,8.61,7.95,4.49,22.55,30.32,12.56,1,0,INCREASE REPLENISHMENT,5.0,REACTIVE (Below ROP)
2020-06-19,R06,,0.61,6.13,8.61,8.0,4.3,22.69,30.13,13.54,1,0,INCREASE REPLENISHMENT,6.0,REACTIVE (Below ROP)
2020-06-20,R06,,0.85,6.39,8.56,7.71,3.76,22.93,29.44,13.41,1,0,INCREASE REPLENISHMENT,6.0,REACTIVE (Below ROP)
2020-06-21,R06,,0.88,6.48,8.68,7.8,3.81,23.25,29.85,12.02,1,0,INCREASE REPLENISHMENT,6.0,REACTIVE (Below ROP)
2020-06-22,R06,,1.03,3.75,7.86,6.83,7.12,18.37,30.7,11.54,1,0,INCREASE REPLENISHMENT,8.0,REACTIVE (Below ROP)
2020-06-23,R06,,1.04,3.47,7.43,6.39,6.86,17.27,29.15,13.79,1,0,INCREASE REPLENISHMENT,2.0,REACTIVE (Below ROP)
2020-06-24,R06,,1.21,3.41,7.7,6.49,7.43,17.66,30.53,16.32,1,0,INCREASE REPLENISHMENT,5.0,REACTIVE (Below ROP)
2020-06-25,R06,,1.1,3.2,7.15,6.05,6.84,16.44,28.29,20.91,0,0,INCREASE REPLENISHMENT,1.0,PROACTIVE (Forward Shortfall)
2020-06-26,R06,,1.18,3.61,7.64,6.46,6.98,17.81,29.9,19.71,0,0,INCREASE REPLENISHMENT,5.0,PROACTIVE (Forward Shortfall)
2020-06-27,R06,,1.38,3.2,7.88,6.5,8.11,17.71,31.75,21.1,0,0,INCREASE REPLENISHMENT,5.0,PROACTIVE (Forward Shortfall)
2020-06-28,R06,,1.32,3.75,6.97,5.65,5.58,16.83,26.49,18.9,0,0,MAINTAIN REPLENISHMENT,0.0,PIPELINE IN-TRANSIT SUFFICIENT
2020-06-29,R06,,1.1,4.45,7.74,6.64,5.7,19.05,28.92,20.15,0,0,INCREASE REPLENISHMENT,4.0,PROACTIVE (Forward Shortfall)
2020-06-30,R06,,1.01,4.37,7.75,6.74,5.85,18.96,29.1,20.7,0,0,INCREASE REPLENISHMENT,5.0,PROACTIVE (Forward Shortfall)
2020-07-01,R06,,0.92,4.32,7.59,6.67,5.66,18.62,28.43,16.33,1,0,INCREASE REPLENISHMENT,4.0,REACTIVE (Below ROP)
2020-07-02,R06,,0.7,4.34,7.77,7.07,5.94,18.96,29.25,16.01,1,0,INCREASE REPLENISHMENT,5.0,REACTIVE (Below ROP)
2020-07-03,R06,,0.65,4.12,8.14,7.49,6.96,19.32,31.38,16.67,1,0,INCREASE REPLENISHMENT,6.0,REACTIVE (Below ROP)
2020-07-04,R06,,0.97,4.0,7.63,6.66,6.29,18.29,29.18,16.55,1,0,INCREASE REPLENISHMENT,2.0,REACTIVE (Below ROP)
2020-07-05,R06,,0.9,3.99,7.69,6.79,6.41,18.38,29.48,17.55,1,0,INCREASE REPLENISHMENT,4.0,REACTIVE (Below ROP)
2020-07-06,R06,,1.0,3.75,7.36,6.36,6.25,17.5,28.33,19.56,0,0,INCREASE REPLENISHMENT,3.0,PROACTIVE (Forward Shortfall)
2020-07-07,R06,,1.0,3.74,7.27,6.27,6.11,17.33,27.92,17.81,0,0,INCREASE REPLENISHMENT,4.0,PROACTIVE (Forward Shortfall)
2020-07-08,R06,,0.73,3.98,7.36,6.63,5.85,17.79,27.93,18.07,0,0,INCREASE REPLENISHMENT,3.0,PROACTIVE (Forward Shortfall)
2020-07-09,R06,,0.59,3.8,7.37,6.78,6.18,17.58,28.29,17.09,1,0,INCREASE REPLENISHMENT,5.0,REACTIVE (Below ROP)
2020-07-10,R06,,0.65,3.91,7.74,7.09,6.63,18.36,29.85,17.29,1,0,INCREASE REPLENISHMENT,5.0,REACTIVE (Below ROP)
2020-07-11,R06,,0.8,3.96,7.91,7.11,6.84,18.72,30.57,16.38,1,0,INCREASE REPLENISHMENT,5.0,REACTIVE (Below ROP)
2020-07-12,R06,,0.89,3.97,7.86,6.97,6.74,18.65,30.32,17.42,1,0,INCREASE REPLENISHMENT,3.0,REACTIVE (Below ROP)
2020-07-13,R06,,1.0,3.88,7.65,6.65,6.53,18.17,29.48,18.45,0,0,INCREASE REPLENISHMENT,4.0,PROACTIVE (Forward Shortfall)
2020-07-14,R06,,0.95,3.88,7.64,6.69,6.51,18.15,29.43,19.57,0,0,INCREASE REPLENISHMENT,3.0,PROACTIVE (Forward Shortfall)
2020-07-15,R06,,0.68,4.1,7.93,7.25,6.63,18.93,30.42,18.69,1,0,INCREASE REPLENISHMENT,5.0,REACTIVE (Below ROP)
2020-07-16,R06,,0.56,3.89,8.01,7.45,7.14,18.81,31.17,18.59,1,0,INCREASE REPLENISHMENT,5.0,REACTIVE (Below ROP)
2020-07-17,R06,,0.72,3.87,7.94,7.22,7.05,18.66,30.87,17.7,1,0,INCREASE REPLENISHMENT,4.0,REACTIVE (Below ROP)
2020-07-18,R06,,0.73,3.87,8.1,7.37,7.33,18.94,31.63,18.83,1,0,INCREASE REPLENISHMENT,4.0,REACTIVE (Below ROP)
2020-07-19,R06,,0.76,3.73,8.01,7.25,7.41,18.6,31.44,19.96,0,0,INCREASE REPLENISHMENT,4.0,PROACTIVE (Forward Shortfall)
2020-07-20,R06,,0.78,3.76,7.85,7.07,7.08,18.36,30.63,20.23,0,0,INCREASE REPLENISHMENT,3.0,PROACTIVE (Forward Shortfall)
2020-07-21,R06,,0.79,3.74,7.57,6.78,6.63,17.85,29.34,20.47,0,0,INCREASE REPLENISHMENT,2.0,PROACTIVE (Forward Shortfall)
2020-07-22,R06,,0.71,3.74,7.63,6.92,6.74,17.96,29.63,20.73,0,0,INCREASE REPLENISHMENT,4.0,PROACTIVE (Forward Shortfall)
2020-07-23,R06,,0.57,3.73,7.58,7.01,6.67,17.86,29.41,19.99,0,0,INCREASE REPLENISHMENT,4.0,PROACTIVE (Forward Shortfall)
2020-07-24,R06,,0.65,3.68,7.74,7.09,7.03,18.07,30.25,18.26,0,0,INCREASE REPLENISHMENT,4.0,PROACTIVE (Forward Shortfall)
2020-07-25,R06,,0.66,3.68,7.9,7.24,7.31,18.35,31.01,18.58,0,0,INCREASE REPLENISHMENT,5.0,PROACTIVE (Forward Shortfall)
2020-07-26,R06,,0.68,3.67,7.95,7.27,7.41,18.42,31.26,18.9,0,0,INCREASE REPLENISHMENT,4.0,PROACTIVE (Forward Shortfall)
2020-07-27,R06,,0.83,3.58,7.63,6.8,7.01,17.75,29.9,19.23,0,0,INCREASE REPLENISHMENT,2.0,PROACTIVE (Forward Shortfall)
2020-07-28,R06,,0.75,3.55,7.59,6.84,7.0,17.65,29.77,20.65,0,0,INCREASE REPLENISHMENT,4.0,PROACTIVE (Forward Shortfall)
2020-07-29,R06,,0.6,3.56,7.58,6.98,6.96,17.64,29.7,21.1,0,0,INCREASE REPLENISHMENT,3.0,PROACTIVE (Forward Shortfall)
2020-07-30,R06,,0.46,3.53,7.75,7.29,7.31,17.9,30.56,19.54,0,0,INCREASE REPLENISHMENT,5.0,PROACTIVE (Forward Shortfall)
2020-07-31,R06,,0.56,3.68,7.58,7.02,6.75,17.79,29.49,20.01,0,0,INCREASE REPLENISHMENT,2.0,PROACTIVE (Forward Shortfall)
2020-08-01,R06,,0.53,3.7,7.85,7.32,7.19,18.29,30.74,19.33,0,0,INCREASE REPLENISHMENT,5.0,PROACTIVE (Forward Shortfall)
2020-08-02,R06,,0.63,3.68,7.66,7.03,6.89,17.93,29.87,20.63,0,0,INCREASE REPLENISHMENT,3.0,PROACTIVE (Forward Shortfall)
2020-08-03,R06,,0.72,3.58,7.31,6.59,6.46,17.2,28.39,18.95,0,0,INCREASE REPLENISHMENT,2.0,PROACTIVE (Forward Shortfall)
2020-08-04,R06,,0.6,3.55,7.26,6.66,6.43,17.08,28.21,20.37,0,0,INCREASE REPLENISHMENT,3.0,PROACTIVE (Forward Shortfall)
2020-08-05,R06,,0.49,3.55,7.22,6.73,6.36,17.01,28.02,19.82,0,0,INCREASE REPLENISHMENT,4.0,PROACTIVE (Forward Shortfall)
2020-08-06,R06,,0.47,3.54,7.22,6.75,6.37,16.99,28.03,18.27,0,0,INCREASE REPLENISHMENT,3.0,PROACTIVE (Forward Shortfall)
2020-08-07,R06,,0.55,3.67,7.4,6.85,6.46,17.47,28.66,17.73,0,0,INCREASE REPLENISHMENT,4.0,PROACTIVE (Forward Shortfall)
2020-08-08,R06,,0.53,3.69,7.81,7.28,7.14,18.21,30.57,18.06,1,0,INCREASE REPLENISHMENT,6.0,REACTIVE (Below ROP)
2020-08-09,R06,,0.56,3.67,7.65,7.09,6.89,17.9,29.84,17.37,1,0,INCREASE REPLENISHMENT,3.0,REACTIVE (Below ROP)
2020-08-10,R06,,0.68,3.58,7.29,6.61,6.43,17.17,28.3,17.7,0,0,INCREASE REPLENISHMENT,2.0,PROACTIVE (Forward Shortfall)
2020-08-11,R06,,0.7,3.55,7.2,6.5,6.32,16.97,27.92,20.12,0,0,INCREASE REPLENISHMENT,3.0,PROACTIVE (Forward Shortfall)
2020-08-12,R06,,0.58,3.56,6.97,6.39,5.91,16.59,26.82,19.57,0,0,INCREASE REPLENISHMENT,3.0,PROACTIVE (Forward Shortfall)
2020-08-13,R06,,0.55,3.55,6.98,6.43,5.94,16.59,26.88,18.01,0,0,INCREASE REPLENISHMENT,3.0,PROACTIVE (Forward Shortfall)
2020-08-14,R06,,0.56,3.7,7.17,6.61,6.01,17.11,27.52,17.46,0,0,INCREASE REPLENISHMENT,5.0,PROACTIVE (Forward Shortfall)
2020-08-15,R06,,0.55,3.7,7.34,6.79,6.3,17.4,28.32,16.76,1,0,INCREASE REPLENISHMENT,4.0,REACTIVE (Below ROP)
2020-08-16,R06,,0.54,3.71,7.63,7.09,6.79,17.92,29.68,16.06,1,0,INCREASE REPLENISHMENT,5.0,REACTIVE (Below ROP)
2020-08-17,R06,,0.7,3.6,7.06,6.36,5.99,16.79,27.17,17.35,0,0,INCREASE REPLENISHMENT,1.0,PROACTIVE (Forward Shortfall)
2020-08-18,R06,,0.59,3.56,7.25,6.66,6.39,17.07,28.14,17.75,0,0,INCREASE REPLENISHMENT,5.0,PROACTIVE (Forward Shortfall)
2020-08-19,R06,,0.58,3.57,6.66,6.08,5.35,16.06,25.33,19.19,0,0,INCREASE REPLENISHMENT,1.0,PROACTIVE (Forward Shortfall)
2020-08-20,R06,,0.48,3.55,6.63,6.15,5.33,15.98,25.22,16.62,0,0,INCREASE REPLENISHMENT,3.0,PROACTIVE (Forward Shortfall)
2020-08-21,R06,,0.54,3.7,6.82,6.28,5.4,16.5,25.86,18.07,0,0,INCREASE REPLENISHMENT,4.0,PROACTIVE (Forward Shortfall)
2020-08-22,R06,,0.58,3.7,7.0,6.42,5.72,16.82,26.72,15.37,1,0,INCREASE REPLENISHMENT,5.0,REACTIVE (Below ROP)
2020-08-23,R06,,0.57,3.7,7.08,6.51,5.85,16.95,27.09,14.67,1,0,INCREASE REPLENISHMENT,4.0,REACTIVE (Below ROP)
2020-08-24,R06,,0.66,3.6,6.71,6.05,5.39,16.19,25.52,14.97,1,0,INCREASE REPLENISHMENT,2.0,REACTIVE (Below ROP)
2020-08-25,R06,,0.69,3.55,6.77,6.08,5.58,16.23,25.89,16.37,0,0,INCREASE REPLENISHMENT,4.0,PROACTIVE (Forward Shortfall)
2020-08-26,R06,,0.56,3.57,6.64,6.08,5.32,16.03,25.24,16.82,0,0,INCREASE REPLENISHMENT,3.0,PROACTIVE (Forward Shortfall)
2020-08-27,R06,,0.41,3.57,6.91,6.5,5.79,16.5,26.52,15.25,1,0,INCREASE REPLENISHMENT,5.0,REACTIVE (Below ROP)
2020-08-28,R06,,0.54,3.7,6.81,6.27,5.39,16.49,25.82,15.68,1,0,INCREASE REPLENISHMENT,3.0,REACTIVE (Below ROP)
2020-08-29,R06,,0.52,3.71,7.26,6.74,6.15,17.28,27.93,14.98,1,0,INCREASE REPLENISHMENT,5.0,REACTIVE (Below ROP)
2020-08-30,R06,,0.57,3.71,7.27,6.7,6.17,17.3,27.98,16.27,1,0,INCREASE REPLENISHMENT,4.0,REACTIVE (Below ROP)
2020-08-31,R06,,0.7,3.6,6.71,6.01,5.39,16.19,25.52,15.56,1,0,INCREASE REPLENISHMENT,1.0,REACTIVE (Below ROP)
2020-09-01,R06,,0.68,3.56,6.75,6.07,5.53,16.21,25.78,16.96,0,0,INCREASE REPLENISHMENT,4.0,PROACTIVE (Forward Shortfall)
2020-09-02,R06,,0.57,3.58,6.65,6.08,5.32,16.06,25.27,17.4,0,0,INCREASE REPLENISHMENT,3.0,PROACTIVE (Forward Shortfall)
2020-09-03,R06,,0.53,3.57,6.65,6.12,5.33,16.04,25.28,14.82,1,0,INCREASE REPLENISHMENT,4.0,REACTIVE (Below ROP)
2020-09-04,R06,,0.56,3.67,6.94,6.38,5.66,16.67,26.48,15.25,1,0,INCREASE REPLENISHMENT,5.0,REACTIVE (Below ROP)
2020-09-05,R06,,0.58,3.67,6.97,6.39,5.72,16.73,26.63,14.58,1,0,INCREASE REPLENISHMENT,4.0,REACTIVE (Below ROP)
2020-09-06,R06,,0.6,3.65,7.17,6.57,6.1,17.05,27.61,14.91,1,0,INCREASE REPLENISHMENT,4.0,REACTIVE (Below ROP)
2020-09-07,R06,,0.69,3.55,6.84,6.15,5.7,16.35,26.22,16.26,1,0,INCREASE REPLENISHMENT,2.0,REACTIVE (Below ROP)
2020-09-08,R06,,0.61,3.54,6.67,6.06,5.42,16.04,25.43,16.71,0,0,INCREASE REPLENISHMENT,3.0,PROACTIVE (Forward Shortfall)
2020-09-09,R06,,0.57,3.53,6.79,6.22,5.65,16.24,26.02,17.17,0,0,INCREASE REPLENISHMENT,4.0,PROACTIVE (Forward Shortfall)
2020-09-10,R06,,0.54,3.53,6.58,6.04,5.28,15.87,25.02,15.64,1,0,INCREASE REPLENISHMENT,3.0,REACTIVE (Below ROP)
2020-09-11,R06,,0.56,3.65,6.75,6.19,5.37,16.32,25.62,15.11,1,0,INCREASE REPLENISHMENT,4.0,REACTIVE (Below ROP)
2020-09-12,R06,,0.59,3.65,6.96,6.37,5.73,16.68,26.61,15.46,1,0,INCREASE REPLENISHMENT,5.0,REACTIVE (Below ROP)
2020-09-13,R06,,0.61,3.6,7.01,6.4,5.91,16.71,26.94,14.81,1,0,INCREASE REPLENISHMENT,4.0,REACTIVE (Below ROP)
2020-09-14,R06,,0.59,3.5,6.88,6.29,5.85,16.35,26.49,15.21,1,0,INCREASE REPLENISHMENT,3.0,REACTIVE (Below ROP)
2020-09-15,R06,,0.69,3.48,6.48,5.79,5.2,15.64,24.64,16.71,0,0,INCREASE REPLENISHMENT,1.0,PROACTIVE (Forward Shortfall)
2020-09-16,R06,,0.54,3.48,6.42,5.88,5.09,15.53,24.35,17.23,0,0,INCREASE REPLENISHMENT,4.0,PROACTIVE (Forward Shortfall)
2020-09-17,R06,,0.6,3.46,6.43,5.83,5.14,15.52,24.43,16.75,0,0,INCREASE REPLENISHMENT,3.0,PROACTIVE (Forward Shortfall)
2020-09-18,R06,,0.54,3.6,6.92,6.38,5.75,16.55,26.51,14.29,1,0,INCREASE REPLENISHMENT,6.0,REACTIVE (Below ROP)
2020-09-19,R06,,0.62,3.59,6.81,6.19,5.58,16.35,26.01,14.69,1,0,INCREASE REPLENISHMENT,3.0,REACTIVE (Below ROP)
2020-09-20,R06,,0.74,3.65,7.17,6.43,6.1,17.05,27.61,14.1,1,0,INCREASE REPLENISHMENT,5.0,REACTIVE (Below ROP)
2020-09-21,R06,,1.0,3.55,6.55,5.55,5.2,15.85,24.85,16.45,0,0,INCREASE REPLENISHMENT,1.0,PROACTIVE (Forward Shortfall)
2020-09-22,R06,,0.99,3.49,6.49,5.5,5.2,15.67,24.67,15.9,0,0,INCREASE REPLENISHMENT,3.0,PROACTIVE (Forward Shortfall)
2020-09-23,R06,,0.89,3.4,6.46,5.57,5.3,15.5,24.68,17.41,0,0,INCREASE REPLENISHMENT,4.0,PROACTIVE (Forward Shortfall)
2020-09-24,R06,,0.81,3.37,6.44,5.63,5.32,15.43,24.64,15.01,1,0,INCREASE REPLENISHMENT,3.0,REACTIVE (Below ROP)
2020-09-25,R06,,0.83,3.1,6.65,5.82,6.15,15.45,26.1,14.64,1,0,INCREASE REPLENISHMENT,5.0,REACTIVE (Below ROP)
2020-09-26,R06,,0.91,3.18,7.05,6.14,6.7,16.24,27.85,15.54,1,0,INCREASE REPLENISHMENT,5.0,REACTIVE (Below ROP)
2020-09-27,R06,,0.69,3.15,6.78,6.09,6.29,15.74,26.63,15.36,1,0,INCREASE REPLENISHMENT,2.0,REACTIVE (Below ROP)
2020-09-28,R06,,0.98,2.66,6.41,5.43,6.5,14.48,25.73,17.21,0,0,INCREASE REPLENISHMENT,2.0,PROACTIVE (Forward Shortfall)
2020-09-29,R06,,0.94,2.63,6.23,5.29,6.24,14.13,24.93,19.55,0,0,INCREASE REPLENISHMENT,2.0,PROACTIVE (Forward Shortfall)
2020-09-30,R06,,0.76,2.74,6.4,5.64,6.34,14.56,25.54,18.92,0,0,INCREASE REPLENISHMENT,3.0,PROACTIVE (Forward Shortfall)
2020-10-01,R06,,0.78,2.66,5.52,4.74,4.95,12.93,21.51,18.18,0,0,MAINTAIN REPLENISHMENT,0.0,PIPELINE IN-TRANSIT SUFFICIENT
2020-10-02,R06,,0.89,2.84,5.79,4.9,5.11,13.63,22.48,17.52,0,0,INCREASE REPLENISHMENT,2.0,PROACTIVE (Forward Shortfall)
2020-10-03,R06,,0.94,2.88,6.15,5.21,5.66,14.3,24.11,17.68,0,0,INCREASE REPLENISHMENT,5.0,PROACTIVE (Forward Shortfall)
2020-10-04,R06,,0.77,2.85,5.87,5.1,5.23,13.78,22.84,14.8,0,0,INCREASE REPLENISHMENT,2.0,PROACTIVE (Forward Shortfall)
2020-10-05,R06,,0.84,2.82,5.67,4.83,4.94,13.4,21.95,13.95,0,0,INCREASE REPLENISHMENT,1.0,PROACTIVE (Forward Shortfall)
2020-10-06,R06,,0.91,2.76,5.51,4.6,4.76,13.04,21.29,16.13,0,0,INCREASE REPLENISHMENT,3.0,PROACTIVE (Forward Shortfall)
2020-10-07,R06,,0.84,2.79,5.52,4.68,4.73,13.1,21.29,15.37,0,0,INCREASE REPLENISHMENT,2.0,PROACTIVE (Forward Shortfall)
2020-10-08,R06,,0.72,2.89,5.73,5.01,4.92,13.59,22.11,13.58,1,0,INCREASE REPLENISHMENT,4.0,REACTIVE (Below ROP)
2020-10-09,R06,,0.83,2.87,5.46,4.63,4.49,13.1,20.87,13.69,0,0,INCREASE REPLENISHMENT,2.0,PROACTIVE (Forward Shortfall)
2020-10-10,R06,,0.91,2.96,5.64,4.73,4.64,13.52,21.56,12.82,1,0,INCREASE REPLENISHMENT,3.0,REACTIVE (Below ROP)
2020-10-11,R06,,0.53,2.99,5.81,5.28,4.88,13.85,22.31,13.86,0,0,INCREASE REPLENISHMENT,4.0,PROACTIVE (Forward Shortfall)
2020-10-12,R06,,0.56,2.8,5.21,4.65,4.17,12.57,19.8,12.87,0,0,MAINTAIN REPLENISHMENT,0.0,PIPELINE IN-TRANSIT SUFFICIENT
2020-10-13,R06,,0.63,2.76,5.17,4.54,4.17,12.45,19.68,13.07,0,0,INCREASE REPLENISHMENT,3.0,PROACTIVE (Forward Shortfall)
2020-10-14,R06,,0.5,2.76,5.22,4.72,4.26,12.54,19.92,14.31,0,0,INCREASE REPLENISHMENT,3.0,PROACTIVE (Forward Shortfall)
2020-10-15,R06,,0.43,2.76,5.25,4.82,4.31,12.59,20.06,11.55,1,0,INCREASE REPLENISHMENT,3.0,REACTIVE (Below ROP)
2020-10-16,R06,,0.83,2.88,5.61,4.78,4.73,13.37,21.56,11.79,1,0,INCREASE REPLENISHMENT,4.0,REACTIVE (Below ROP)
2020-10-17,R06,,0.85,2.98,5.68,4.83,4.68,13.62,21.72,11.91,1,0,INCREASE REPLENISHMENT,3.0,REACTIVE (Below ROP)
2020-10-18,R06,,0.5,2.98,5.69,5.19,4.69,13.63,21.76,11.93,1,0,INCREASE REPLENISHMENT,3.0,REACTIVE (Below ROP)
2020-10-19,R06,,0.52,2.78,5.29,4.77,4.35,12.69,20.22,12.95,0,0,INCREASE REPLENISHMENT,2.0,PROACTIVE (Forward Shortfall)
2020-10-20,R06,,0.52,2.76,5.28,4.76,4.36,12.64,20.2,13.17,0,0,INCREASE REPLENISHMENT,3.0,PROACTIVE (Forward Shortfall)
2020-10-21,R06,,0.52,2.76,5.19,4.67,4.21,12.49,19.78,13.41,0,0,INCREASE REPLENISHMENT,2.0,PROACTIVE (Forward Shortfall)
2020-10-22,R06,,0.39,2.76,5.29,4.9,4.38,12.66,20.25,12.65,1,0,INCREASE REPLENISHMENT,3.0,REACTIVE (Below ROP)
2020-10-23,R06,,0.73,2.94,5.53,4.8,4.49,13.31,21.08,12.89,1,0,INCREASE REPLENISHMENT,4.0,REACTIVE (Below ROP)
2020-10-24,R06,,0.79,2.99,5.67,4.88,4.64,13.61,21.65,11.95,1,0,INCREASE REPLENISHMENT,3.0,REACTIVE (Below ROP)
2020-10-25,R06,,0.44,2.99,5.65,5.21,4.61,13.58,21.56,11.96,1,0,INCREASE REPLENISHMENT,3.0,REACTIVE (Below ROP)
2020-10-26,R06,,0.46,2.67,5.18,4.72,4.35,12.36,19.89,12.97,0,0,INCREASE REPLENISHMENT,1.0,PROACTIVE (Forward Shortfall)
2020-10-27,R06,,0.38,2.64,5.16,4.78,4.36,12.28,19.84,13.3,0,0,INCREASE REPLENISHMENT,3.0,PROACTIVE (Forward Shortfall)
2020-10-28,R06,,0.39,2.64,5.07,4.68,4.21,12.13,19.42,13.66,0,0,INCREASE REPLENISHMENT,2.0,PROACTIVE (Forward Shortfall)
2020-10-29,R06,,0.26,2.64,5.08,4.82,4.23,12.15,19.47,12.02,1,0,INCREASE REPLENISHMENT,3.0,REACTIVE (Below ROP)
2020-10-30,R06,,0.65,2.8,5.3,4.65,4.33,12.73,20.23,12.38,1,0,INCREASE REPLENISHMENT,3.0,REACTIVE (Below ROP)
2020-10-31,R06,,0.73,2.85,5.51,4.78,4.61,13.16,21.14,11.58,1,0,INCREASE REPLENISHMENT,4.0,REACTIVE (Below ROP)
2020-11-01,R06,,0.34,2.85,5.61,5.27,4.78,13.33,21.61,11.73,1,0,INCREASE REPLENISHMENT,3.0,REACTIVE (Below ROP)
2020-11-02,R06,,0.38,2.82,5.08,4.7,3.91,12.37,19.15,11.88,1,0,INCREASE REPLENISHMENT,1.0,REACTIVE (Below ROP)
2020-11-03,R06,,0.43,2.8,4.86,4.43,3.57,11.97,18.15,13.06,0,0,INCREASE REPLENISHMENT,2.0,PROACTIVE (Forward Shortfall)
2020-11-04,R06,,0.31,2.8,4.68,4.37,3.26,11.66,17.3,13.26,0,0,INCREASE REPLENISHMENT,2.0,PROACTIVE (Forward Shortfall)
2020-11-05,R06,,0.25,2.24,4.87,4.62,4.56,11.28,19.17,11.46,0,0,INCREASE REPLENISHMENT,4.0,PROACTIVE (Forward Shortfall)
2020-11-06,R06,,0.67,2.32,5.16,4.49,4.92,11.88,20.4,11.22,1,0,INCREASE REPLENISHMENT,4.0,REACTIVE (Below ROP)
2020-11-07,R06,,0.73,2.61,5.15,4.42,4.4,12.23,19.85,10.9,1,0,INCREASE REPLENISHMENT,1.0,REACTIVE (Below ROP)
2020-11-08,R06,,0.4,2.59,5.2,4.8,4.52,12.29,20.12,12.29,0,0,INCREASE REPLENISHMENT,3.0,PROACTIVE (Forward Shortfall)
2020-11-09,R06,,0.45,2.28,4.73,4.28,4.24,11.08,18.43,13.7,0,0,INCREASE REPLENISHMENT,1.0,PROACTIVE (Forward Shortfall)
2020-11-10,R06,,0.07,2.26,4.72,4.65,4.26,11.04,18.42,12.42,0,0,INCREASE REPLENISHMENT,2.0,PROACTIVE (Forward Shortfall)
2020-11-11,R06,,0.01,2.22,4.75,4.74,4.38,11.04,18.63,13.16,0,0,INCREASE REPLENISHMENT,3.0,PROACTIVE (Forward Shortfall)
2020-11-12,R06,,0.0,2.27,4.06,4.06,3.1,9.91,15.28,11.94,0,0,MAINTAIN REPLENISHMENT,0.0,PIPELINE IN-TRANSIT SUFFICIENT
2020-11-13,R06,,0.36,2.07,4.25,3.89,3.78,9.99,16.53,11.67,0,0,INCREASE REPLENISHMENT,2.0,PROACTIVE (Forward Shortfall)
2020-11-14,R06,,0.41,2.13,4.48,4.07,4.07,10.46,17.51,12.6,0,0,INCREASE REPLENISHMENT,3.0,PROACTIVE (Forward Shortfall)
2020-11-15,R06,,0.28,2.15,4.46,4.18,4.0,10.45,17.38,10.47,0,0,INCREASE REPLENISHMENT,2.0,PROACTIVE (Forward Shortfall)
2020-11-16,R06,,0.02,2.18,4.18,4.16,3.46,10.0,16.0,10.32,0,0,INCREASE REPLENISHMENT,1.0,PROACTIVE (Forward Shortfall)
2020-11-17,R06,,0.02,2.17,4.09,4.07,3.33,9.84,15.6,11.14,0,0,INCREASE REPLENISHMENT,2.0,PROACTIVE (Forward Shortfall)
2020-11-18,R06,,0.09,2.17,4.12,4.03,3.38,9.89,15.74,10.97,0,0,INCREASE REPLENISHMENT,2.0,PROACTIVE (Forward Shortfall)
2020-11-19,R06,,0.02,2.17,4.2,4.18,3.52,10.03,16.12,9.8,1,0,INCREASE REPLENISHMENT,3.0,REACTIVE (Below ROP)
2020-11-20,R06,,0.41,2.25,4.37,3.96,3.67,10.42,16.78,9.63,1,0,INCREASE REPLENISHMENT,3.0,REACTIVE (Below ROP)
2020-11-21,R06,,0.45,2.25,4.57,4.12,4.02,10.77,17.73,9.38,1,0,INCREASE REPLENISHMENT,3.0,REACTIVE (Below ROP)
2020-11-22,R06,,0.29,2.25,4.6,4.31,4.07,10.82,17.87,10.13,1,0,INCREASE REPLENISHMENT,2.0,REACTIVE (Below ROP)
2020-11-23,R06,,0.08,2.0,4.22,4.14,3.85,9.85,16.51,10.88,0,0,INCREASE REPLENISHMENT,1.0,PROACTIVE (Forward Shortfall)
2020-11-24,R06,,0.08,2.02,4.76,4.68,4.75,10.81,19.03,11.88,0,0,INCREASE REPLENISHMENT,5.0,PROACTIVE (Forward Shortfall)
2020-11-25,R06,,0.02,2.01,4.28,4.26,3.93,9.96,16.77,11.86,0,0,MAINTAIN REPLENISHMENT,0.0,PIPELINE IN-TRANSIT SUFFICIENT
2020-11-26,R06,,0.03,1.99,4.23,4.2,3.88,9.85,16.57,10.85,0,0,INCREASE REPLENISHMENT,1.0,PROACTIVE (Forward Shortfall)
2020-11-27,R06,,0.4,2.01,4.6,4.2,4.49,10.52,18.29,13.86,0,0,INCREASE REPLENISHMENT,4.0,PROACTIVE (Forward Shortfall)
2020-11-28,R06,,0.41,2.23,4.63,4.22,4.16,10.85,18.05,11.85,0,0,INCREASE REPLENISHMENT,2.0,PROACTIVE (Forward Shortfall)
2020-11-29,R06,,0.24,2.21,4.62,4.38,4.17,10.8,18.03,10.62,1,0,INCREASE REPLENISHMENT,2.0,REACTIVE (Below ROP)
2020-11-30,R06,,0.03,1.98,4.25,4.22,3.93,9.87,16.68,12.41,0,0,INCREASE REPLENISHMENT,1.0,PROACTIVE (Forward Shortfall)
2020-12-01,R06,,0.03,2.01,4.34,4.31,4.04,10.07,17.06,12.43,0,0,INCREASE REPLENISHMENT,2.0,PROACTIVE (Forward Shortfall)
2020-12-02,R06,,0.04,2.01,4.25,4.21,3.88,9.91,16.63,12.42,0,0,INCREASE REPLENISHMENT,2.0,PROACTIVE (Forward Shortfall)
2020-12-03,R06,,0.08,2.0,4.22,4.14,3.85,9.85,16.51,11.41,0,0,INCREASE REPLENISHMENT,2.0,PROACTIVE (Forward Shortfall)
2020-12-04,R06,,0.45,1.91,4.37,3.92,4.26,9.99,17.37,11.41,0,0,INCREASE REPLENISHMENT,2.0,PROACTIVE (Forward Shortfall)
2020-12-05,R06,,0.32,2.12,4.58,4.26,4.26,10.62,18.0,11.5,0,0,INCREASE REPLENISHMENT,3.0,PROACTIVE (Forward Shortfall)
2020-12-06,R06,,0.15,2.12,5.1,4.95,5.16,11.52,20.46,11.38,1,0,INCREASE REPLENISHMENT,5.0,REACTIVE (Below ROP)
2020-12-07,R06,,0.06,1.88,4.17,4.11,3.97,9.61,16.48,11.26,0,0,MAINTAIN REPLENISHMENT,0.0,PIPELINE IN-TRANSIT SUFFICIENT
2020-12-08,R06,,0.04,1.91,4.25,4.21,4.05,9.78,16.8,12.38,0,0,MAINTAIN REPLENISHMENT,0.0,PIPELINE IN-TRANSIT SUFFICIENT
2020-12-09,R06,,0.04,1.93,4.22,4.18,3.97,9.76,16.63,15.47,0,0,INCREASE REPLENISHMENT,2.0,PROACTIVE (Forward Shortfall)
2020-12-10,R06,,0.04,1.9,4.26,4.22,4.09,9.79,16.87,13.54,0,0,INCREASE REPLENISHMENT,2.0,PROACTIVE (Forward Shortfall)
2020-12-11,R06,,0.3,1.91,4.33,4.03,4.19,9.92,17.18,11.64,0,0,INCREASE REPLENISHMENT,2.0,PROACTIVE (Forward Shortfall)
2020-12-12,R06,,0.37,2.12,4.55,4.18,4.21,10.57,17.86,11.73,0,0,INCREASE REPLENISHMENT,3.0,PROACTIVE (Forward Shortfall)
2020-12-13,R06,,0.14,2.11,4.54,4.4,4.21,10.54,17.83,11.61,0,0,INCREASE REPLENISHMENT,2.0,PROACTIVE (Forward Shortfall)
2020-12-14,R06,,0.05,1.88,4.17,4.12,3.97,9.61,16.48,11.5,0,0,MAINTAIN REPLENISHMENT,0.0,PIPELINE IN-TRANSIT SUFFICIENT
2020-12-15,R06,,0.13,1.91,4.17,4.04,3.91,9.64,16.42,12.62,0,0,INCREASE REPLENISHMENT,2.0,PROACTIVE (Forward Shortfall)
2020-12-16,R06,,0.14,1.92,4.16,4.02,3.88,9.64,16.36,12.71,0,0,INCREASE REPLENISHMENT,2.0,PROACTIVE (Forward Shortfall)
2020-12-17,R06,,0.13,1.87,4.17,4.04,3.98,9.59,16.49,10.79,0,0,INCREASE REPLENISHMENT,2.0,PROACTIVE (Forward Shortfall)
2020-12-18,R06,,0.34,1.87,4.31,3.97,4.23,9.84,17.16,10.92,0,0,INCREASE REPLENISHMENT,3.0,PROACTIVE (Forward Shortfall)
2020-12-19,R06,,0.42,2.12,4.45,4.03,4.04,10.4,17.39,11.05,0,0,INCREASE REPLENISHMENT,2.0,PROACTIVE (Forward Shortfall)
2020-12-20,R06,,0.25,2.1,4.46,4.21,4.09,10.39,17.47,10.93,0,0,INCREASE REPLENISHMENT,2.0,PROACTIVE (Forward Shortfall)
2020-12-21,R06,,0.26,1.85,4.14,3.88,3.97,9.52,16.39,11.83,0,0,INCREASE REPLENISHMENT,1.0,PROACTIVE (Forward Shortfall)
2020-12-22,R06,,0.16,1.88,4.16,4.0,3.95,9.59,16.43,11.98,0,0,INCREASE REPLENISHMENT,2.0,PROACTIVE (Forward Shortfall)
2020-12-23,R06,,0.28,1.89,4.11,3.83,3.85,9.52,16.18,12.1,0,0,INCREASE REPLENISHMENT,2.0,PROACTIVE (Forward Shortfall)
2020-12-24,R06,,0.13,1.87,4.1,3.97,3.86,9.47,16.16,11.21,0,0,INCREASE REPLENISHMENT,1.0,PROACTIVE (Forward Shortfall)
2020-12-25,R06,,0.51,1.87,4.38,3.87,4.35,9.96,17.49,11.34,0,0,INCREASE REPLENISHMENT,4.0,PROACTIVE (Forward Shortfall)
2020-12-26,R06,,0.51,2.12,4.57,4.06,4.24,10.6,17.95,11.47,0,0,INCREASE REPLENISHMENT,2.0,PROACTIVE (Forward Shortfall)
2020-12-27,R06,,0.21,2.09,4.44,4.23,4.07,10.34,17.39,10.35,0,0,INCREASE REPLENISHMENT,2.0,PROACTIVE (Forward Shortfall)
2020-12-28,R06,,0.26,1.84,3.97,3.71,3.69,9.21,15.6,12.26,0,0,MAINTAIN REPLENISHMENT,0.0,PIPELINE IN-TRANSIT SUFFICIENT
2020-12-29,R06,,0.31,1.8,4.05,3.74,3.9,9.3,16.05,12.42,0,0,INCREASE REPLENISHMENT,2.0,PROACTIVE (Forward Shortfall)
2020-12-30,R06,,0.18,1.77,4.04,3.86,3.93,9.24,16.05,12.62,0,0,INCREASE REPLENISHMENT,2.0,PROACTIVE (Forward Shortfall)
2020-12-31,R06,,0.28,1.75,4.01,3.73,3.91,9.16,15.94,10.85,0,0,INCREASE REPLENISHMENT,2.0,PROACTIVE (Forward Shortfall)
