date,M01AB,M01AE,N02BA,N02BE,N05B,N05C,R03,R06,Year,Month,Day,Weekday Name,Day_of_Week,Day_of_Year
2014-01-02,0.0,3.67,3.4,32.4,7.0,0.0,0.0,2.0,2014,1,2,Thursday,3,2
2014-01-03,8.0,4.0,4.4,50.6,16.0,0.0,20.0,4.0,2014,1,3,Friday,4,3
2014-01-04,2.0,1.0,6.5,61.85,10.0,0.0,9.0,1.0,2014,1,4,Saturday,5,4
2014-01-05,4.0,3.0,7.0,41.1,8.0,0.0,3.0,0.0,2014,1,5,Sunday,6,5
2014-01-06,5.0,1.0,4.5,21.7,16.0,2.0,6.0,2.0,2014,1,6,Monday,0,6
2014-01-07,0.0,0.0,0.0,0.0,0.0,0.0,0.0,0.0,2014,1,7,Tuesday,1,7
2014-01-08,5.33,3.0,10.5,26.4,19.0,1.0,10.0,0.0,2014,1,8,Wednesday,2,8
2014-01-09,7.0,1.6800000000000002,8.0,25.0,16.0,0.0,3.0,2.0,2014,1,9,Thursday,3,9
2014-01-10,5.0,2.0,2.0,53.3,15.0,2.0,0.0,2.0,2014,1,10,Friday,4,10
2014-01-11,5.0,4.34,10.4,52.3,14.0,0.0,1.0,0.2,2014,1,11,Saturday,5,11
2014-01-12,2.0,0.66,2.5,12.0,8.0,0.0,1.0,1.0,2014,1,12,Sunday,6,12
2014-01-13,7.34,7.66,6.2,52.0,9.0,0.0,7.0,1.0,2014,1,13,Monday,0,13
2014-01-14,6.0,1.33,12.3,33.7,6.0,1.0,0.0,2.0,2014,1,14,Tuesday,1,14
2014-01-15,4.0,2.34,5.0,26.7,12.0,2.0,3.0,3.0,2014,1,15,Wednesday,2,15
2014-01-16,6.0,2.0,4.3,28.3,19.0,1.0,5.0,0.0,2014,1,16,Thursday,3,16
2014-01-17,2.0,3.68,8.3,20.4,15.0,0.0,6.0,3.0,2014,1,17,Friday,4,17
2014-01-18,1.0,5.33,5.8,43.2,15.0,4.0,7.0,2.0,2014,1,18,Saturday,5,18
2014-01-19,4.33,4.0,4.0,14.1,4.0,0.0,1.0,1.0,2014,1,19,Sunday,6,19
2014-01-20,6.0,3.34,3.3,11.9,18.0,2.0,12.0,3.0,2014,1,20,Monday,0,20
2014-01-21,2.0,3.34,4.0,42.0,15.0,2.0,0.0,1.0,2014,1,21,Tuesday,1,21
2014-01-22,7.0,3.0,7.0,18.1,10.0,0.0,5.0,2.0,2014,1,22,Wednesday,2,22
2014-01-23,4.0,4.67,5.2,26.2,2.0,3.0,1.0,3.0,2014,1,23,Thursday,3,23
2014-01-24,4.67,7.34,7.0,19.6,13.0,1.0,0.0,0.0,2014,1,24,Friday,4,24
2014-01-25,6.0,9.0,5.0,37.8,18.0,0.0,5.0,1.0,2014,1,25,Saturday,5,25
2014-01-26,4.33,1.6800000000000002,0.0,24.0,4.0,0.0,0.0,0.0,2014,1,26,Sunday,6,26
2014-01-27,4.34,4.67,1.2,23.6,17.0,2.0,1.0,3.0,2014,1,27,Monday,0,27
2014-01-28,6.0,3.34,2.8,13.38,22.0,5.0,1.0,5.0,2014,1,28,Tuesday,1,28
2014-01-29,5.33,4.0,2.0,14.0,10.0,1.0,1.0,2.0,2014,1,29,Wednesday,2,29
2014-01-30,3.0200000000000005,1.34,2.4,25.5,7.0,1.0,3.0,2.0,2014,1,30,Thursday,3,30
2014-01-31,1.0,2.68,7.1,26.9,9.0,0.0,1.0,0.0,2014,1,31,Friday,4,31
2014-02-01,4.33,4.32,5.0,43.0,13.0,1.0,14.0,0.0,2014,2,1,Saturday,5,32
2014-02-02,7.0,3.0,0.2,13.5,6.0,2.0,8.0,0.0,2014,2,2,Sunday,6,33
2014-02-03,5.0,1.0,8.5,32.4,16.0,1.0,1.0,0.0,2014,2,3,Monday,0,34
2014-02-04,1.33,3.0,7.0,30.6,8.0,1.0,17.0,2.0,2014,2,4,Tuesday,1,35
2014-02-05,3.0,4.02,6.2,32.4,15.0,1.0,1.0,1.0,2014,2,5,Wednesday,2,36
2014-02-06,3.33,6.68,3.5,41.4,17.0,2.0,5.0,2.0,2014,2,6,Thursday,3,37
2014-02-07,2.66,8.67,11.7,21.4,19.0,1.0,0.0,0.0,2014,2,7,Friday,4,38
2014-02-08,3.33,3.35,14.4,37.1,13.0,1.0,1.0,1.0,2014,2,8,Saturday,5,39
2014-02-09,4.0,3.0,2.0,31.5,10.0,0.0,6.0,0.0,2014,2,9,Sunday,6,40
2014-02-10,5.0,10.33,8.5,40.1,20.0,3.0,3.0,1.0,2014,2,10,Monday,0,41
2014-02-11,10.0,6.99,13.3,44.6,20.0,2.0,6.0,2.2,2014,2,11,Tuesday,1,42
2014-02-12,9.0,1.67,9.1,73.6,9.0,0.0,5.0,0.0,2014,2,12,Wednesday,2,43
2014-02-13,4.33,3.67,10.0,49.1,13.0,3.0,0.0,1.0,2014,2,13,Thursday,3,44
2014-02-14,4.0,4.01,3.2,42.3,13.0,4.0,0.0,6.0,2014,2,14,Friday,4,45
2014-02-15,1.0,2.34,2.0,37.0,9.0,0.0,1.0,5.0,2014,2,15,Saturday,5,46
2014-02-16,0.0,1.6800000000000002,1.2,34.0,5.0,2.0,3.0,1.0,2014,2,16,Sunday,6,47
2014-02-17,7.34,4.0,12.7,27.0,13.0,1.0,7.0,0.0,2014,2,17,Monday,0,48
2014-02-18,7.34,7.36,6.1,45.0,14.0,0.0,13.0,5.0,2014,2,18,Tuesday,1,49
2014-02-19,3.33,5.02,5.5,66.8,17.0,1.0,6.0,1.0,2014,2,19,Wednesday,2,50
2014-02-20,7.0,7.02,3.2,21.5,16.0,3.0,8.0,1.0,2014,2,20,Thursday,3,51
2014-02-21,6.0,4.34,9.0,25.4,17.0,0.0,0.0,0.0,2014,2,21,Friday,4,52
2014-02-22,7.0,3.17,5.7,26.0,12.0,0.0,1.0,0.0,2014,2,22,Saturday,5,53
2014-02-23,1.0,3.34,2.0,21.0,10.0,0.0,0.0,0.0,2014,2,23,Sunday,6,54
2014-02-24,7.0,4.68,5.5,26.5,4.0,0.0,0.0,3.0,2014,2,24,Monday,0,55
2014-02-25,5.0,1.6800000000000002,11.2,34.5,13.0,0.0,0.0,2.0,2014,2,25,Tuesday,1,56
2014-02-26,5.0,4.01,1.0,34.0,5.0,0.0,12.0,1.0,2014,2,26,Wednesday,2,57
2014-02-27,3.0,6.34,4.0,33.2,8.0,1.0,2.0,1.0,2014,2,27,Thursday,3,58
2014-02-28,7.0,7.36,5.3,37.0,12.0,1.0,2.0,0.0,2014,2,28,Friday,4,59
2014-03-01,6.34,3.68,11.355,50.7,8.0,0.0,0.0,2.1,2014,3,1,Saturday,5,60
2014-03-02,3.34,1.0,2.0,6.6,2.0,0.0,0.0,1.0,2014,3,2,Sunday,6,61
2014-03-03,4.0,3.68,1.5999999999999999,22.1,1.0,2.0,0.0,2.2,2014,3,3,Monday,0,62
2014-03-04,5.34,7.0200000000000005,7.2,47.275,9.0,0.0,5.0,4.0,2014,3,4,Tuesday,1,63
2014-03-05,3.34,1.0,3.0,25.0,4.0,0.0,1.0,0.0,2014,3,5,Wednesday,2,64
2014-03-06,3.0,2.0,5.5,44.1,17.0,1.0,5.0,1.0,2014,3,6,Thursday,3,65
2014-03-07,4.0,4.34,9.5,25.0,3.0,1.0,0.0,2.0,2014,3,7,Friday,4,66
2014-03-08,4.34,3.0700000000000003,1.0,27.6,11.0,0.0,0.0,0.0,2014,3,8,Saturday,5,67
2014-03-09,1.0,0.0,4.0,11.3,3.0,0.0,5.0,0.0,2014,3,9,Sunday,6,68
2014-03-10,6.68,5.35,3.8,47.0,11.0,0.0,0.0,2.0,2014,3,10,Monday,0,69
2014-03-11,6.0,5.7,7.0,30.4,12.0,1.0,1.0,5.0,2014,3,11,Tuesday,1,70
2014-03-12,6.34,2.68,6.5,19.6,22.0,3.0,2.0,2.0,2014,3,12,Wednesday,2,71
2014-03-13,2.31,4.36,5.3,15.5,10.0,0.0,26.0,2.0,2014,3,13,Thursday,3,72
2014-03-14,4.34,1.6800000000000002,1.2,16.0,11.0,0.0,1.0,2.0,2014,3,14,Friday,4,73
2014-03-15,4.0,2.0,11.0,23.3,18.0,1.0,6.0,2.0,2014,3,15,Saturday,5,74
2014-03-16,2.68,2.0,1.4,13.0,6.0,0.0,0.0,4.0,2014,3,16,Sunday,6,75
2014-03-17,8.68,3.34,7.0,37.0,6.0,1.0,0.0,1.0,2014,3,17,Monday,0,76
2014-03-18,8.0,4.0,5.0,20.1,9.0,0.0,0.0,4.0,2014,3,18,Tuesday,1,77
2014-03-19,4.0,3.02,4.0,21.8,2.0,0.0,0.0,2.0,2014,3,19,Wednesday,2,78
2014-03-20,3.0,5.34,1.5999999999999999,38.2,5.0,0.0,7.0,4.2,2014,3,20,Thursday,3,79
2014-03-21,6.0,3.68,4.5,40.0,4.0,0.0,2.0,1.0,2014,3,21,Friday,4,80
2014-03-22,3.34,2.34,0.0,26.3,10.0,2.0,18.0,8.4,2014,3,22,Saturday,5,81
2014-03-23,6.34,2.0,4.0,19.4,0.0,1.0,0.0,3.0,2014,3,23,Sunday,6,82
2014-03-24,5.68,1.0,4.0,23.6,7.0,0.0,6.0,3.5,2014,3,24,Monday,0,83
2014-03-25,4.0,1.34,9.0,38.6,7.0,0.0,1.0,1.0,2014,3,25,Tuesday,1,84
2014-03-26,2.34,3.99,9.0,6.699999999999999,7.0,3.0,3.0,0.0,2014,3,26,Wednesday,2,85
2014-03-27,4.0,0.33,2.0,20.7,6.0,1.0,1.0,5.0,2014,3,27,Thursday,3,86
2014-03-28,2.67,2.0,8.0,11.0,3.0,0.0,9.0,5.0,2014,3,28,Friday,4,87
2014-03-29,4.0,6.33,4.2,24.0,8.0,2.0,9.0,3.0,2014,3,29,Saturday,5,88
2014-03-30,3.0,2.34,0.0,12.0,4.0,0.0,0.0,7.0,2014,3,30,Sunday,6,89
2014-03-31,5.34,2.34,4.0,15.4,6.0,1.0,4.0,6.0,2014,3,31,Monday,0,90
2014-04-01,4.34,1.34,6.5,27.5,5.0,3.0,3.0,1.0,2014,4,1,Tuesday,1,91
2014-04-02,2.0,4.68,8.9,23.0,1.0,0.0,7.0,3.0,2014,4,2,Wednesday,2,92
2014-04-03,1.0,1.34,3.0,19.2,4.0,0.0,0.0,4.0,2014,4,3,Thursday,3,93
2014-04-04,3.0,3.67,3.0,24.0,9.0,3.0,8.0,2.0,2014,4,4,Friday,4,94
2014-04-05,2.0,7.68,10.0,25.6,5.0,0.0,5.0,3.0,2014,4,5,Saturday,5,95
2014-04-06,2.0,1.0,1.0,19.0,1.0,0.0,0.0,1.0,2014,4,6,Sunday,6,96
2014-04-07,6.34,6.0,6.5,31.5,4.0,0.0,0.0,1.0,2014,4,7,Monday,0,97
2014-04-08,4.34,2.34,1.7,19.0,6.0,1.0,0.0,4.7,2014,4,8,Tuesday,1,98
2014-04-09,6.0,1.02,1.0,18.0,2.0,1.0,2.0,2.6,2014,4,9,Wednesday,2,99
2014-04-10,3.33,1.6800000000000002,1.0,18.0,10.0,0.0,4.0,4.0,2014,4,10,Thursday,3,100
2014-04-11,6.0,4.0,3.0,25.0,2.0,2.0,0.0,2.0,2014,4,11,Friday,4,101
2014-04-12,7.0200000000000005,3.34,6.0,23.5,19.0,0.0,11.0,4.0,2014,4,12,Saturday,5,102
2014-04-13,3.0,2.0,2.0,6.0,3.0,0.0,5.0,2.0,2014,4,13,Sunday,6,103
2014-04-14,1.34,4.68,5.35,28.28,10.0,0.0,5.0,5.0,2014,4,14,Monday,0,104
2014-04-15,4.34,3.0,6.4,18.7,12.0,0.0,10.0,1.0,2014,4,15,Tuesday,1,105
2014-04-16,2.0,1.01,4.2,25.62,1.0,0.0,6.0,4.0,2014,4,16,Wednesday,2,106
2014-04-17,5.34,0.34,7.2,16.0,19.0,0.0,0.0,0.0,2014,4,17,Thursday,3,107
2014-04-18,7.0,7.0,8.0,23.3,10.0,1.0,0.0,5.0,2014,4,18,Friday,4,108
2014-04-19,7.34,3.35,4.0,22.3,7.0,0.0,3.0,5.0,2014,4,19,Saturday,5,109
2014-04-20,0.0,0.0,0.0,0.0,0.0,0.0,0.0,0.0,2014,4,20,Sunday,6,110
2014-04-21,1.34,1.6800000000000002,2.1,13.5,8.0,0.0,0.0,1.0,2014,4,21,Monday,0,111
2014-04-22,5.34,7.165,3.3,32.0,8.0,1.0,0.0,1.0,2014,4,22,Tuesday,1,112
2014-04-23,6.34,2.34,3.0,24.9,8.0,1.0,2.0,1.0,2014,4,23,Wednesday,2,113
2014-04-24,2.0,2.0,1.1,26.0,6.0,0.0,6.0,2.0,2014,4,24,Thursday,3,114
2014-04-25,3.0,2.02,5.0,24.9,10.0,1.0,1.0,3.0,2014,4,25,Friday,4,115
2014-04-26,4.34,2.67,5.5,35.0,12.0,1.0,6.0,4.0,2014,4,26,Saturday,5,116
2014-04-27,4.0,2.34,2.0,26.2,2.0,0.0,1.0,1.0,2014,4,27,Sunday,6,117
2014-04-28,1.34,3.0900000000000003,3.0,29.1,8.0,2.0,0.0,2.0,2014,4,28,Monday,0,118
2014-04-29,3.33,4.0200000000000005,4.4,30.3,6.0,1.0,5.0,0.4,2014,4,29,Tuesday,1,119
2014-04-30,4.34,2.68,7.0,43.1,11.0,0.0,7.0,4.0,2014,4,30,Wednesday,2,120
2014-05-01,0.0,0.0,0.0,0.0,0.0,0.0,0.0,0.0,2014,5,1,Thursday,3,121
2014-05-02,7.34,7.34,6.3,39.5,16.0,1.0,12.0,2.0,2014,5,2,Friday,4,122
2014-05-03,4.0,5.34,2.0,14.6,5.0,2.0,0.0,2.5,2014,5,3,Saturday,5,123
2014-05-04,1.6700000000000002,4.6899999999999995,1.2,20.0,3.0,0.0,0.0,3.0,2014,5,4,Sunday,6,124
2014-05-05,3.0,5.785,5.0,20.0,7.0,0.0,3.0,4.0,2014,5,5,Monday,0,125
2014-05-06,7.34,4.36,4.0,22.0,10.0,2.0,6.0,5.0,2014,5,6,Tuesday,1,126
2014-05-07,3.33,6.32,3.0,16.8,8.0,1.0,3.0,11.0,2014,5,7,Wednesday,2,127
2014-05-08,2.0,2.34,3.4,20.4,10.0,3.0,0.0,5.0,2014,5,8,Thursday,3,128
2014-05-09,2.0,5.0,4.2,16.0,12.0,2.0,1.0,2.0,2014,5,9,Friday,4,129
2014-05-10,5.0,6.0,9.0,39.4,15.0,3.0,1.0,5.0,2014,5,10,Saturday,5,130
2014-05-11,2.0,2.6799999999999997,1.0,17.0,7.0,0.0,1.0,4.0,2014,5,11,Sunday,6,131
2014-05-12,4.34,3.34,9.0,12.0,8.0,0.0,5.0,2.0,2014,5,12,Monday,0,132
2014-05-13,3.6799999999999997,0.34,6.2,32.0,7.0,0.0,25.0,7.5,2014,5,13,Tuesday,1,133
2014-05-14,1.0,4.0200000000000005,6.0,24.3,4.0,0.0,0.0,3.0,2014,5,14,Wednesday,2,134
2014-05-15,2.34,2.02,3.0,19.3,7.0,0.0,1.0,2.0,2014,5,15,Thursday,3,135
2014-05-16,5.34,7.0,3.0,22.0,10.0,1.0,11.0,1.0,2014,5,16,Friday,4,136
2014-05-17,2.34,7.68,3.0,35.0,14.0,1.0,0.0,2.0,2014,5,17,Saturday,5,137
2014-05-18,3.34,2.0,5.0,9.4,6.0,0.0,0.0,1.0,2014,5,18,Sunday,6,138
2014-05-19,8.34,3.84,6.1,12.8,5.0,0.0,3.0,9.0,2014,5,19,Monday,0,139
2014-05-20,1.0,2.375,7.0,27.0,10.0,1.0,0.0,3.6,2014,5,20,Tuesday,1,140
2014-05-21,2.0,4.68,9.5,15.4,6.0,1.0,0.0,3.0,2014,5,21,Wednesday,2,141
2014-05-22,3.68,1.33,1.2,8.0,8.0,0.0,2.0,4.0,2014,5,22,Thursday,3,142
2014-05-23,5.0,2.34,3.9,17.5,8.0,2.0,10.0,7.0,2014,5,23,Friday,4,143
2014-05-24,3.0,4.713,5.0,28.0,11.0,1.0,0.0,9.0,2014,5,24,Saturday,5,144
2014-05-25,2.0,3.0,1.0,7.0,8.0,0.0,5.0,1.0,2014,5,25,Sunday,6,145
2014-05-26,2.68,3.34,7.4,18.0,7.0,1.0,0.0,5.0,2014,5,26,Monday,0,146
2014-05-27,0.0,2.34,5.0,28.6,12.0,1.0,1.0,6.0,2014,5,27,Tuesday,1,147
2014-05-28,1.34,5.0200000000000005,1.4,10.280000000000001,9.0,0.0,2.0,5.1,2014,5,28,Wednesday,2,148
2014-05-29,4.0,5.34,6.3,27.0,13.0,0.0,0.0,2.0,2014,5,29,Thursday,3,149
2014-05-30,3.02,2.02,2.0,21.5,14.0,0.0,0.0,5.0,2014,5,30,Friday,4,150
2014-05-31,5.67,3.34,2.0,28.0,10.0,0.0,15.0,2.0,2014,5,31,Saturday,5,151
2014-06-01,1.0,0.68,1.0,10.0,4.0,1.0,1.0,3.0,2014,6,1,Sunday,6,152
2014-06-02,4.0,4.34,10.0,23.3,16.0,3.0,0.0,3.0,2014,6,2,Monday,0,153
2014-06-03,3.0,2.0,2.4,24.0,7.0,2.0,5.0,3.0,2014,6,3,Tuesday,1,154
2014-06-04,1.0,4.68,3.5,24.0,6.0,0.0,1.0,2.5,2014,6,4,Wednesday,2,155
2014-06-05,0.34,4.68,4.5,22.5,4.0,0.0,0.0,5.0,2014,6,5,Thursday,3,156
2014-06-06,5.0,1.6800000000000002,3.0,16.625,15.0,2.0,1.0,5.0,2014,6,6,Friday,4,157
2014-06-07,9.0,3.68,7.5,33.0,8.0,1.0,6.0,7.0,2014,6,7,Saturday,5,158
2014-06-08,1.0,2.0,3.0,11.0,8.0,0.0,6.0,2.0,2014,6,8,Sunday,6,159
2014-06-09,6.33,1.34,5.0,18.0,17.0,4.0,0.0,11.0,2014,6,9,Monday,0,160
2014-06-10,8.68,2.68,4.3,23.0,16.0,2.0,2.0,6.5,2014,6,10,Tuesday,1,161
2014-06-11,4.34,0.68,2.3,12.5,16.0,2.0,12.0,9.0,2014,6,11,Wednesday,2,162
2014-06-12,4.34,3.0,1.0,15.8,12.0,0.0,2.0,3.0,2014,6,12,Thursday,3,163
2014-06-13,1.0,2.68,5.0,10.0,11.0,0.0,3.0,1.0,2014,6,13,Friday,4,164
2014-06-14,4.0,5.02,6.0,8.0,10.0,0.0,1.0,3.0,2014,6,14,Saturday,5,165
2014-06-15,0.34,2.0,0.0,8.0,5.0,0.0,0.0,3.3,2014,6,15,Sunday,6,166
2014-06-16,4.34,4.34,7.4,12.2,11.0,0.0,5.0,5.0,2014,6,16,Monday,0,167
2014-06-17,5.0,2.34,4.0,14.0,12.0,2.0,0.0,3.0,2014,6,17,Tuesday,1,168
2014-06-18,2.0,2.0,4.7,18.0,6.0,0.0,1.0,3.0,2014,6,18,Wednesday,2,169
2014-06-19,3.0,3.33,1.0,14.0,8.0,0.0,0.0,1.0,2014,6,19,Thursday,3,170
2014-06-20,7.34,2.02,3.0,14.5,9.0,0.0,3.0,6.0,2014,6,20,Friday,4,171
2014-06-21,6.0,5.68,2.0,16.0,12.0,3.0,0.0,3.0,2014,6,21,Saturday,5,172
2014-06-22,4.0,1.02,4.0,18.0,8.0,0.0,2.0,3.0,2014,6,22,Sunday,6,173
2014-06-23,2.34,7.68,3.0,25.2,12.0,0.0,2.0,3.0,2014,6,23,Monday,0,174
2014-06-24,3.0,5.140000000000001,4.0,16.2,23.0,0.0,2.0,4.0,2014,6,24,Tuesday,1,175
2014-06-25,8.0,5.34,7.0,33.8,19.0,0.0,0.0,1.0,2014,6,25,Wednesday,2,176
2014-06-26,3.0,2.0,11.3,19.3,14.0,0.0,0.0,1.0,2014,6,26,Thursday,3,177
2014-06-27,4.34,1.0,6.0,32.3,13.0,0.0,1.0,3.0,2014,6,27,Friday,4,178
2014-06-28,0.34,5.34,5.0,20.0,14.0,1.0,1.0,5.0,2014,6,28,Saturday,5,179
2014-06-29,0.0,1.0,1.0,10.0,1.0,0.0,0.0,1.0,2014,6,29,Sunday,6,180
2014-06-30,6.0,5.34,1.0,25.0,6.0,0.0,0.0,0.0,2014,6,30,Monday,0,181
2014-07-01,4.34,2.34,2.0,19.0,10.0,0.0,0.0,2.0,2014,7,1,Tuesday,1,182
2014-07-02,3.0,0.34,4.0,21.6,7.0,0.0,6.0,3.0,2014,7,2,Wednesday,2,183
2014-07-03,2.33,5.68,7.0,12.5,7.0,2.0,0.0,2.0,2014,7,3,Thursday,3,184
2014-07-04,4.34,4.7,7.0,10.5,14.0,0.0,2.0,3.0,2014,7,4,Friday,4,185
2014-07-05,3.34,4.34,6.0,37.0,11.0,1.0,0.0,0.0,2014,7,5,Saturday,5,186
2014-07-06,4.0,2.0,3.0,10.2,9.0,0.0,0.0,0.0,2014,7,6,Sunday,6,187
2014-07-07,2.0,3.34,4.0,13.0,11.0,0.0,0.0,4.0,2014,7,7,Monday,0,188
2014-07-08,6.34,2.34,3.0,14.0,3.0,0.0,5.0,1.0,2014,7,8,Tuesday,1,189
2014-07-09,3.0,6.34,5.0,13.0,6.0,4.0,0.0,2.2,2014,7,9,Wednesday,2,190
2014-07-10,2.33,4.66,8.0,21.2,32.0,0.0,5.0,4.0,2014,7,10,Thursday,3,191
2014-07-11,2.0,1.6800000000000002,3.2,16.5,17.0,0.0,5.0,1.0,2014,7,11,Friday,4,192
2014-07-12,8.34,2.68,10.5,28.1,12.0,3.0,12.0,4.0,2014,7,12,Saturday,5,193
2014-07-13,2.0,1.34,1.0,17.0,2.0,0.0,0.0,0.0,2014,7,13,Sunday,6,194
2014-07-14,5.0,3.0400000000000005,3.0,11.8,19.0,1.0,2.0,2.0,2014,7,14,Monday,0,195
2014-07-15,3.34,1.6800000000000002,1.0,15.6,18.0,0.0,0.0,1.3,2014,7,15,Tuesday,1,196
2014-07-16,4.0,3.34,3.0,13.0,12.0,1.0,4.0,0.0,2014,7,16,Wednesday,2,197
2014-07-17,2.0,3.0,5.0,25.0,14.0,1.0,0.0,1.0,2014,7,17,Thursday,3,198
2014-07-18,9.0,2.34,1.5,14.2,6.0,3.0,0.0,4.0,2014,7,18,Friday,4,199
2014-07-19,7.33,7.02,6.0,8.4,10.0,0.0,6.0,6.0,2014,7,19,Saturday,5,200
2014-07-20,3.0,0.34,1.0,8.0,5.0,0.0,0.0,0.1,2014,7,20,Sunday,6,201
2014-07-21,3.0,4.68,8.0,20.0,13.0,1.0,0.0,2.0,2014,7,21,Monday,0,202
2014-07-22,5.0,5.68,3.0,9.0,7.0,0.0,1.0,2.0,2014,7,22,Tuesday,1,203
2014-07-23,2.67,6.37,2.0,8.0,19.0,0.0,0.0,3.0,2014,7,23,Wednesday,2,204
2014-07-24,5.34,2.0,4.4,23.0,5.0,0.0,0.0,2.0,2014,7,24,Thursday,3,205
2014-07-25,5.0,2.02,7.5,10.0,15.0,1.0,1.0,2.0,2014,7,25,Friday,4,206
2014-07-26,4.0,6.68,6.2,36.2,13.0,0.0,0.0,4.0,2014,7,26,Saturday,5,207
2014-07-27,3.0,1.34,2.0,10.0,5.0,0.0,6.0,1.0,2014,7,27,Sunday,6,208
2014-07-28,2.0,1.34,2.0,9.1,9.0,0.0,0.0,2.0,2014,7,28,Monday,0,209
2014-07-29,2.34,0.68,1.0,13.0,15.0,3.0,0.0,5.0,2014,7,29,Tuesday,1,210
2014-07-30,0.68,1.34,5.0,13.5,14.0,0.0,6.0,4.5,2014,7,30,Wednesday,2,211
2014-07-31,3.0,0.34,4.0,10.5,8.0,0.0,0.0,1.0,2014,7,31,Thursday,3,212
2014-08-01,2.0,1.0,2.2,14.0,17.0,1.0,0.0,1.0,2014,8,1,Friday,4,213
2014-08-02,5.0,2.0100000000000002,6.0,29.0,12.0,0.0,5.0,3.0,2014,8,2,Saturday,5,214
2014-08-03,5.0,1.0,3.0,6.0,5.0,5.0,0.0,0.0,2014,8,3,Sunday,6,215
2014-08-04,4.0,5.02,6.0,21.5,14.0,0.0,0.0,4.0,2014,8,4,Monday,0,216
2014-08-05,2.0,1.34,3.0,17.1,9.0,0.0,0.0,0.0,2014,8,5,Tuesday,1,217
2014-08-06,6.0,5.0,1.4,17.0,7.0,1.0,1.0,1.0,2014,8,6,Wednesday,2,218
2014-08-07,3.34,2.68,3.0,33.0,13.0,1.0,0.0,2.0,2014,8,7,Thursday,3,219
2014-08-08,5.02,4.0200000000000005,5.0,13.0,12.0,3.0,2.0,2.0,2014,8,8,Friday,4,220
2014-08-09,4.0,1.34,6.0,19.0,24.0,3.0,0.0,5.9,2014,8,9,Saturday,5,221
2014-08-10,4.0,0.34,4.0,3.0,4.0,0.0,0.0,2.0,2014,8,10,Sunday,6,222
2014-08-11,8.0,5.36,9.2,20.0,18.0,0.0,0.0,2.0,2014,8,11,Monday,0,223
2014-08-12,0.0,1.36,4.5,10.0,8.0,1.0,0.0,4.6,2014,8,12,Tuesday,1,224
2014-08-13,1.34,3.34,1.0,20.3,11.0,0.0,0.0,7.0,2014,8,13,Wednesday,2,225
2014-08-14,4.0,2.34,6.0,14.4,13.0,0.0,0.0,6.0,2014,8,14,Thursday,3,226
2014-08-15,4.34,4.0200000000000005,7.0,13.2,15.0,2.0,3.0,2.0,2014,8,15,Friday,4,227
2014-08-16,8.0,2.43,5.0,19.0,27.0,2.0,0.0,1.0,2014,8,16,Saturday,5,228
2014-08-17,0.34,0.68,2.0,6.5,7.0,0.0,0.0,1.0,2014,8,17,Sunday,6,229
2014-08-18,4.34,6.0,3.1,16.5,21.0,3.0,10.0,2.0,2014,8,18,Monday,0,230
2014-08-19,11.34,6.3500000000000005,5.0,16.1,13.0,1.0,3.0,1.1,2014,8,19,Tuesday,1,231
2014-08-20,5.34,5.34,1.4,9.0,10.0,2.0,0.0,1.0,2014,8,20,Wednesday,2,232
2014-08-21,3.0,1.0,2.0,18.0,16.0,1.0,0.0,2.2,2014,8,21,Thursday,3,233
2014-08-22,6.34,1.34,5.0,19.0,15.0,0.0,0.0,1.0,2014,8,22,Friday,4,234
2014-08-23,3.0,3.02,1.0,25.6,5.0,0.0,0.0,4.0,2014,8,23,Saturday,5,235
2014-08-24,3.0,2.175,3.0,7.0,12.0,0.0,1.0,0.0,2014,8,24,Sunday,6,236
2014-08-25,4.01,3.175,3.0,21.2,21.0,0.0,0.0,0.0,2014,8,25,Monday,0,237
2014-08-26,2.34,5.34,3.0,31.0,14.0,1.0,1.0,3.0,2014,8,26,Tuesday,1,238
2014-08-27,3.34,8.02,4.0,21.0,14.0,0.0,0.0,3.0,2014,8,27,Wednesday,2,239
2014-08-28,2.34,5.36,6.0,32.67,19.0,0.0,4.0,0.0,2014,8,28,Thursday,3,240
2014-08-29,6.34,3.68,5.0,26.28,18.0,1.0,0.0,3.0,2014,8,29,Friday,4,241
2014-08-30,3.68,3.02,7.0,13.0,13.0,1.0,0.0,4.0,2014,8,30,Saturday,5,242
2014-08-31,0.0,2.68,1.0,15.0,13.0,0.0,7.0,2.0,2014,8,31,Sunday,6,243
2014-09-01,3.34,1.715,1.0,15.5,15.0,0.0,0.0,5.5,2014,9,1,Monday,0,244
2014-09-02,2.34,4.68,5.2,20.14,7.0,0.0,2.0,3.0,2014,9,2,Tuesday,1,245
2014-09-03,7.0,6.34,4.0,22.18,12.0,0.0,2.0,3.0,2014,9,3,Wednesday,2,246
2014-09-04,5.68,5.34,3.0,17.6,21.0,1.0,0.0,1.0,2014,9,4,Thursday,3,247
2014-09-05,4.0,0.779,3.0,15.6,15.0,2.0,0.0,2.0,2014,9,5,Friday,4,248
2014-09-06,5.34,5.0,2.4,15.7,30.0,2.0,5.0,3.1,2014,9,6,Saturday,5,249
2014-09-07,2.0,5.515,5.0,7.0,9.0,0.0,0.0,1.0,2014,9,7,Sunday,6,250
2014-09-08,1.0,5.36,3.5,20.8,15.0,0.0,1.0,4.0,2014,9,8,Monday,0,251
2014-09-09,6.34,2.34,4.0,29.2,17.0,0.0,2.0,1.2,2014,9,9,Tuesday,1,252
2014-09-10,4.34,3.34,3.5,37.8,12.0,0.0,0.0,1.0,2014,9,10,Wednesday,2,253
2014-09-11,0.0,1.34,4.0,32.2,15.0,0.0,10.0,0.0,2014,9,11,Thursday,3,254
2014-09-12,2.68,2.67,1.0,20.0,19.0,0.0,8.0,1.0,2014,9,12,Friday,4,255
2014-09-13,3.0,5.36,4.4,56.849999999999994,20.0,0.0,1.0,3.0,2014,9,13,Saturday,5,256
2014-09-14,1.34,2.0,2.0,19.5,6.0,0.0,6.0,0.0,2014,9,14,Sunday,6,257
2014-09-15,1.34,3.0,5.4,28.2,9.0,0.0,1.0,0.0,2014,9,15,Monday,0,258
2014-09-16,4.0,2.68,0.0,59.3,13.0,0.0,0.0,0.0,2014,9,16,Tuesday,1,259
2014-09-17,2.34,6.0,4.0,39.6,11.0,2.0,19.0,4.0,2014,9,17,Wednesday,2,260
2014-09-18,3.0,2.02,1.0,44.0,7.0,0.0,0.0,1.0,2014,9,18,Thursday,3,261
2014-09-19,2.0,4.34,7.8,23.0,8.0,0.0,22.0,0.0,2014,9,19,Friday,4,262
2014-09-20,4.34,1.8550000000000002,4.5,20.6,14.0,1.0,2.0,0.0,2014,9,20,Saturday,5,263
2014-09-21,1.0,3.0200000000000005,6.0,12.4,7.0,0.0,0.0,3.0,2014,9,21,Sunday,6,264
2014-09-22,3.34,4.0,5.5,34.2,10.0,1.0,0.0,2.0,2014,9,22,Monday,0,265
2014-09-23,3.0,3.34,5.5,26.0,10.0,0.0,1.0,2.0,2014,9,23,Tuesday,1,266
2014-09-24,6.0,3.34,1.4,24.7,14.0,0.0,0.0,0.0,2014,9,24,Wednesday,2,267
2014-09-25,4.68,6.34,8.2,49.15,15.0,1.0,1.0,5.0,2014,9,25,Thursday,3,268
2014-09-26,4.0,3.68,3.5,38.0,22.0,2.0,0.0,1.0,2014,9,26,Friday,4,269
2014-09-27,4.0,2.0,6.0,46.3,18.0,0.0,0.0,4.0,2014,9,27,Saturday,5,270
2014-09-28,0.34,2.68,1.0,21.2,6.0,0.0,0.0,2.0,2014,9,28,Sunday,6,271
2014-09-29,7.0,3.68,2.3,29.8,12.0,0.0,10.0,4.0,2014,9,29,Monday,0,272
2014-09-30,10.0,5.34,4.0,61.3,10.0,2.0,22.0,2.0,2014,9,30,Tuesday,1,273
2014-10-01,2.34,0.0,2.4,44.0,15.0,0.0,11.0,2.0,2014,10,1,Wednesday,2,274
2014-10-02,2.0,4.99,5.0,23.9,11.0,0.0,2.0,1.0,2014,10,2,Thursday,3,275
2014-10-03,4.33,1.34,5.9,44.14,12.0,0.0,11.0,2.0,2014,10,3,Friday,4,276
2014-10-04,4.68,7.766,8.0,49.9,12.0,1.0,25.0,0.0,2014,10,4,Saturday,5,277
2014-10-05,2.0,3.34,3.0,19.0,1.0,0.0,0.0,3.0,2014,10,5,Sunday,6,278
2014-10-06,5.34,1.365,2.4,69.875,13.0,1.0,0.0,1.0,2014,10,6,Monday,0,279
2014-10-07,3.0,4.34,2.2,41.7,17.0,1.0,5.0,0.0,2014,10,7,Tuesday,1,280
2014-10-08,3.68,6.0,7.0,50.0,17.0,0.0,0.0,2.0,2014,10,8,Wednesday,2,281
2014-10-09,1.0,4.69,6.0,48.2,10.0,2.0,5.0,0.0,2014,10,9,Thursday,3,282
2014-10-10,4.34,2.68,9.0,28.8,24.0,3.0,6.0,0.5,2014,10,10,Friday,4,283
2014-10-11,3.34,3.68,5.0,35.9,15.0,0.0,0.0,5.0,2014,10,11,Saturday,5,284
2014-10-12,3.0,0.33,1.5,22.5,7.0,0.0,5.0,2.0,2014,10,12,Sunday,6,285
2014-10-13,1.6800000000000002,4.0,6.2,31.9,11.0,0.0,1.0,2.0,2014,10,13,Monday,0,286
2014-10-14,3.0,5.41,4.8,31.8,7.0,0.0,11.0,0.0,2014,10,14,Tuesday,1,287
2014-10-15,1.33,6.35,3.5,23.7,14.0,1.0,2.0,4.0,2014,10,15,Wednesday,2,288
2014-10-16,6.775,3.5103125,2.9375,58.921875,9.0625,0.625,5.0,2.1875,2014,10,16,Thursday,3,289
2014-10-17,3.0,2.34,3.4,42.0,22.0,3.0,0.0,2.0,2014,10,17,Friday,4,290
2014-10-18,4.0,6.0,5.5,21.4,24.0,0.0,3.0,2.0,2014,10,18,Saturday,5,291
2014-10-19,3.33,3.0,2.0,13.9,9.0,0.0,6.0,1.0,2014,10,19,Sunday,6,292
2014-10-20,3.34,5.66,7.3,35.4,25.0,2.0,0.0,1.0,2014,10,20,Monday,0,293
2014-10-21,2.34,4.34,6.4,14.3,11.0,0.0,20.0,1.0,2014,10,21,Tuesday,1,294
2014-10-22,3.33,2.0,2.6,20.9,7.0,0.0,2.0,1.0,2014,10,22,Wednesday,2,295
2014-10-23,1.34,4.33,0.0,32.2,7.0,1.0,0.0,0.0,2014,10,23,Thursday,3,296
2014-10-24,3.67,2.67,6.3,49.4,18.0,0.0,5.0,1.0,2014,10,24,Friday,4,297
2014-10-25,2.33,5.140000000000001,1.0,31.0,21.0,0.0,2.0,5.0,2014,10,25,Saturday,5,298
2014-10-26,3.34,1.0,1.6,30.4,6.0,0.0,1.0,1.0,2014,10,26,Sunday,6,299
2014-10-27,8.34,4.55,4.0,25.3,17.0,1.0,3.0,0.0,2014,10,27,Monday,0,300
2014-10-28,4.0,3.48,10.0,40.4,23.0,0.0,0.0,2.0,2014,10,28,Tuesday,1,301
2014-10-29,5.0,1.0,6.6,41.0,20.0,2.0,27.0,1.0,2014,10,29,Wednesday,2,302
2014-10-30,0.0,1.0,5.0,20.3,11.0,1.0,2.0,0.0,2014,10,30,Thursday,3,303
2014-10-31,2.0,2.45,4.0,31.0,16.0,0.0,0.0,2.0,2014,10,31,Friday,4,304
2014-11-01,2.33,2.34,3.5,43.8,22.0,0.0,7.0,1.0,2014,11,1,Saturday,5,305
2014-11-02,4.0,0.0,1.0,2.0,3.5,0.0,0.0,1.0,2014,11,2,Sunday,6,306
2014-11-03,7.0,4.33,1.0,27.8,19.0,0.0,5.0,1.0,2014,11,3,Monday,0,307
2014-11-04,6.33,1.0,5.2,26.5,15.0,0.0,0.0,1.0,2014,11,4,Tuesday,1,308
2014-11-05,0.0,1.6800000000000002,4.0,27.0,19.0,3.0,1.0,0.0,2014,11,5,Wednesday,2,309
2014-11-06,6.0,2.34,5.2,23.4,23.0,1.0,0.0,0.0,2014,11,6,Thursday,3,310
2014-11-07,6.0,10.34,5.5,15.8,32.0,1.0,0.0,1.0,2014,11,7,Friday,4,311
2014-11-08,12.0,7.0200000000000005,6.0,34.4,24.0,0.0,17.0,2.2,2014,11,8,Saturday,5,312
2014-11-09,3.34,4.34,2.9,23.0,20.0,0.0,2.0,1.0,2014,11,9,Sunday,6,313
2014-11-10,1.0,5.32,3.3,24.3,13.0,0.0,7.0,1.0,2014,11,10,Monday,0,314
2014-11-11,8.0,4.0,2.0,23.0,18.0,0.0,8.0,2.0,2014,11,11,Tuesday,1,315
2014-11-12,3.0,5.0,4.0,25.0,16.0,0.0,3.0,0.0,2014,11,12,Wednesday,2,316
2014-11-13,8.0,2.0,5.0,33.2,10.0,0.0,0.0,2.2,2014,11,13,Thursday,3,317
2014-11-14,5.34,0.0,6.0,29.4,20.0,1.0,2.0,3.0,2014,11,14,Friday,4,318
2014-11-15,4.33,5.34,5.0,23.6,20.0,2.0,2.0,2.0,2014,11,15,Saturday,5,319
2014-11-16,2.0,2.68,6.0,18.6,13.0,1.0,0.0,0.0,2014,11,16,Sunday,6,320
2014-11-17,9.0,5.01,5.5,23.0,23.0,1.0,10.0,0.2,2014,11,17,Monday,0,321
2014-11-18,2.67,2.0,5.0,19.3,10.5,1.0,0.0,1.0,2014,11,18,Tuesday,1,322
2014-11-19,1.34,3.67,10.0,32.0,17.0,0.0,10.0,4.0,2014,11,19,Wednesday,2,323
2014-11-20,4.0,7.0,5.0,18.8,13.0,0.0,8.0,0.0,2014,11,20,Thursday,3,324
2014-11-21,1.34,1.34,3.0,22.4,16.0,0.0,2.0,1.0,2014,11,21,Friday,4,325
2014-11-22,6.0,2.34,3.0,23.7,15.0,1.0,8.0,1.4,2014,11,22,Saturday,5,326
2014-11-23,4.0,3.68,6.0,22.3,11.0,0.0,0.0,1.1,2014,11,23,Sunday,6,327
2014-11-24,4.0,3.0,6.0,30.6,19.0,1.0,1.0,2.1,2014,11,24,Monday,0,328
2014-11-25,5.359999999999999,1.6800000000000002,2.0,19.2,18.0,0.0,2.0,3.0,2014,11,25,Tuesday,1,329
2014-11-26,3.0,5.0,6.0,21.0,13.0,3.0,11.0,2.0,2014,11,26,Wednesday,2,330
2014-11-27,7.0,3.67,2.3,21.2,9.0,1.0,4.0,3.0,2014,11,27,Thursday,3,331
2014-11-28,3.0200000000000005,1.4,15.0,15.9,12.0,1.0,2.0,1.0,2014,11,28,Friday,4,332
2014-11-29,3.0,2.01,3.3,31.0,16.0,0.0,0.0,5.0,2014,11,29,Saturday,5,333
2014-11-30,5.68,1.33,5.0,22.6,9.0,1.0,0.0,2.0,2014,11,30,Sunday,6,334
2014-12-01,4.34,4.01,0.0,36.4,19.0,0.0,2.0,2.0,2014,12,1,Monday,0,335
2014-12-02,6.99,4.33,3.7,7.8,26.0,0.0,4.0,1.0,2014,12,2,Tuesday,1,336
2014-12-03,4.0,3.33,5.0,16.6,23.0,2.0,13.0,3.2,2014,12,3,Wednesday,2,337
2014-12-04,3.0,4.34,3.6,28.700000000000003,16.0,1.0,1.0,0.0,2014,12,4,Thursday,3,338
2014-12-05,2.02,5.68,1.0,28.1,15.0,1.0,1.0,2.2,2014,12,5,Friday,4,339
2014-12-06,3.34,3.68,1.0,12.4,9.0,0.0,7.0,1.0,2014,12,6,Saturday,5,340
2014-12-07,5.0,4.911,4.0,45.7,6.0,0.0,12.0,0.0,2014,12,7,Sunday,6,341
2014-12-08,1.0,3.33,2.0,20.3,9.0,0.0,0.0,0.0,2014,12,8,Monday,0,342
2014-12-09,1.0,2.34,7.0,27.28,12.0,1.0,0.0,2.0,2014,12,9,Tuesday,1,343
2014-12-10,3.34,3.0,2.0,51.2,28.0,3.0,6.0,0.0,2014,12,10,Wednesday,2,344
2014-12-11,2.34,5.33,7.0,16.3,21.0,2.0,0.0,0.0,2014,12,11,Thursday,3,345
2014-12-12,6.34,2.34,5.6,41.4,18.0,0.0,2.0,0.0,2014,12,12,Friday,4,346
2014-12-13,1.0,3.34,2.4,25.099999999999998,11.0,1.0,7.0,0.0,2014,12,13,Saturday,5,347
2014-12-14,10.0,2.34,4.4,40.0,10.0,0.0,6.0,1.0,2014,12,14,Sunday,6,348
2014-12-15,5.34,4.02,7.64,42.2,14.0,1.0,9.0,1.0,2014,12,15,Monday,0,349
2014-12-16,6.34,1.34,6.2,23.0,23.0,3.0,4.0,1.0,2014,12,16,Tuesday,1,350
2014-12-17,3.0,3.67,3.5,28.0,17.0,2.0,8.0,0.0,2014,12,17,Wednesday,2,351
2014-12-18,5.0,3.67,3.0,26.6,9.0,0.0,0.0,0.0,2014,12,18,Thursday,3,352
2014-12-19,0.0,0.0,0.0,0.0,0.0,0.0,0.0,0.0,2014,12,19,Friday,4,353
2014-12-20,1.0,3.66,2.0,31.3,9.0,0.0,0.0,3.0,2014,12,20,Saturday,5,354
2014-12-21,4.33,4.33,2.0,52.5,6.0,0.0,10.0,1.0,2014,12,21,Sunday,6,355
2014-12-22,3.34,4.68,2.284,19.6,43.0,1.0,13.0,4.0,2014,12,22,Monday,0,356
2014-12-23,10.5,3.0,4.6,40.4,13.0,2.0,15.0,0.0,2014,12,23,Tuesday,1,357
2014-12-24,1.0,3.0,1.0,41.6,16.0,0.0,2.0,2.0,2014,12,24,Wednesday,2,358
2014-12-25,8.34,2.0,9.5,31.0,16.0,0.0,2.0,2.0,2014,12,25,Thursday,3,359
2014-12-26,3.33,4.01,3.0,30.7,25.0,1.0,0.0,0.0,2014,12,26,Friday,4,360
2014-12-27,7.33,5.34,4.4,39.0,26.0,0.0,9.0,3.0,2014,12,27,Saturday,5,361
2014-12-28,2.34,10.76,3.0,80.4,15.0,0.0,13.0,1.0,2014,12,28,Sunday,6,362
2014-12-29,2.33,3.66,4.0,40.0,5.0,1.0,2.0,0.0,2014,12,29,Monday,0,363
2014-12-30,9.0,5.63,3.8,51.0,18.0,0.0,5.0,2.0,2014,12,30,Tuesday,1,364
2014-12-31,5.67,6.33,2.5,41.08,14.0,3.0,10.0,1.0,2014,12,31,Wednesday,2,365
2015-01-01,0.0,0.0,0.0,0.0,0.0,0.0,0.0,0.0,2015,1,1,Thursday,3,1
2015-01-02,6.0,5.33,4.9,50.8,13.0,0.0,6.25,2.0,2015,1,2,Friday,4,2
2015-01-03,9.0,4.67,6.0,57.24,11.0,3.0,0.0,4.0,2015,1,3,Saturday,5,3
2015-01-04,4.68,8.92,3.5,60.1,4.0,0.0,2.0,1.0,2015,1,4,Sunday,6,4
2015-01-05,2.34,3.3200000000000003,1.0,33.6,14.0,0.0,16.0,3.0,2015,1,5,Monday,0,5
2015-01-06,3.0,9.370000000000001,7.3,42.0,13.0,0.0,3.0,0.0,2015,1,6,Tuesday,1,6
2015-01-07,0.0,0.0,0.0,0.0,0.0,0.0,0.0,0.0,2015,1,7,Wednesday,2,7
2015-01-08,2.0,7.077,1.2,46.4,13.0,1.0,1.0,2.0,2015,1,8,Thursday,3,8
2015-01-09,3.0,4.34,9.4,36.2,33.0,2.0,7.0,2.0,2015,1,9,Friday,4,9
2015-01-10,6.0,5.864000000000001,7.0,32.6,14.0,3.0,1.0,1.0,2015,1,10,Saturday,5,10
2015-01-11,3.0,7.34,7.0,43.6,11.0,1.0,11.0,2.0,2015,1,11,Sunday,6,11
2015-01-12,2.33,3.34,7.5,36.6,18.0,0.0,6.0,1.0,2015,1,12,Monday,0,12
2015-01-13,10.34,4.66,10.0,34.0,14.0,2.0,4.0,2.0,2015,1,13,Tuesday,1,13
2015-01-14,3.0,3.34,5.0,23.0,20.0,0.0,1.0,0.0,2015,1,14,Wednesday,2,14
2015-01-15,6.67,3.0,1.0,55.25,13.0,0.0,15.0,2.0,2015,1,15,Thursday,3,15
2015-01-16,6.33,5.99,3.8,43.0,16.0,2.0,6.0,2.0,2015,1,16,Friday,4,16
2015-01-17,6.68,5.68,7.0,19.2,18.0,0.0,0.0,0.0,2015,1,17,Saturday,5,17
2015-01-18,4.0,4.34,4.5,20.4,16.0,0.0,0.0,2.0,2015,1,18,Sunday,6,18
2015-01-19,5.34,2.68,1.1,32.0,12.0,0.0,20.0,2.0,2015,1,19,Monday,0,19
2015-01-20,4.34,0.33,6.0,38.0,24.0,1.0,4.0,1.0,2015,1,20,Tuesday,1,20
2015-01-21,4.0,1.0,2.0,37.45,17.0,1.0,0.0,1.0,2015,1,21,Wednesday,2,21
2015-01-22,4.0,1.34,4.0,21.4,19.0,0.0,0.0,1.0,2015,1,22,Thursday,3,22
2015-01-23,3.67,4.728,8.0,30.0,14.0,0.0,7.0,2.0,2015,1,23,Friday,4,23
2015-01-24,4.34,3.33,9.2,49.7,31.0,0.0,22.0,1.0,2015,1,24,Saturday,5,24
2015-01-25,4.0,1.13,1.9,38.0,11.0,1.0,5.0,0.0,2015,1,25,Sunday,6,25
2015-01-26,8.5,4.67,4.0,34.4,15.0,0.0,13.0,0.0,2015,1,26,Monday,0,26
2015-01-27,2.67,6.33,1.0,20.0,14.0,0.0,0.0,0.0,2015,1,27,Tuesday,1,27
2015-01-28,3.0,5.34,3.0,32.0,18.0,3.0,5.0,3.0,2015,1,28,Wednesday,2,28
2015-01-29,4.34,5.71,8.7,24.4,16.0,3.0,11.0,3.0,2015,1,29,Thursday,3,29
2015-01-30,1.0,1.068,1.0,20.5,19.0,1.0,0.0,0.0,2015,1,30,Friday,4,30
2015-01-31,8.34,6.112,5.0,32.4,12.0,0.0,11.0,2.0,2015,1,31,Saturday,5,31
2015-02-01,4.34,7.35,7.0,35.6,7.0,1.0,0.0,1.0,2015,2,1,Sunday,6,32
2015-02-02,6.0,4.0,5.1,20.9,14.0,0.0,3.0,2.0,2015,2,2,Monday,0,33
2015-02-03,3.33,3.0,6.2,24.2,18.0,0.0,6.0,5.0,2015,2,3,Tuesday,1,34
2015-02-04,2.34,2.67,2.4,38.8,6.0,0.0,12.0,0.0,2015,2,4,Wednesday,2,35
2015-02-05,2.0,5.57,3.0,24.85,12.0,0.0,2.0,1.0,2015,2,5,Thursday,3,36
2015-02-06,3.33,3.33,7.3,23.0,7.0,1.0,13.0,1.0,2015,2,6,Friday,4,37
2015-02-07,2.0,5.0,1.9,33.6,9.0,0.0,0.0,2.0,2015,2,7,Saturday,5,38
2015-02-08,1.34,7.759,5.7,29.9,8.0,0.0,0.0,0.0,2015,2,8,Sunday,6,39
2015-02-09,3.33,3.54,9.6,20.7,8.0,1.0,0.0,1.0,2015,2,9,Monday,0,40
2015-02-10,3.66,8.67,7.0,33.0,11.0,0.0,6.0,3.0,2015,2,10,Tuesday,1,41
2015-02-11,3.0,5.140000000000001,3.6,48.5,16.0,0.0,20.0,2.0,2015,2,11,Wednesday,2,42
2015-02-12,3.0,4.0,6.0,23.82,11.0,1.0,5.0,0.0,2015,2,12,Thursday,3,43
2015-02-13,6.01,4.23,7.0,29.6,11.0,1.0,22.0,1.0,2015,2,13,Friday,4,44
2015-02-14,4.33,1.7360000000000002,6.7,29.2,13.0,1.0,5.0,4.0,2015,2,14,Saturday,5,45
2015-02-15,11.68,2.33,4.3,38.0,7.0,0.0,7.0,2.0,2015,2,15,Sunday,6,46
2015-02-16,3.01,3.75,4.0,40.1,4.0,0.0,10.0,0.0,2015,2,16,Monday,0,47
2015-02-17,5.33,8.693,4.0,36.2,3.0,0.0,6.0,1.0,2015,2,17,Tuesday,1,48
2015-02-18,1.0,2.66,1.33,36.212,4.0,0.0,11.0,0.0,2015,2,18,Wednesday,2,49
2015-02-19,2.0,3.332,4.0,36.7,2.0,2.0,6.0,3.0,2015,2,19,Thursday,3,50
2015-02-20,5.33,4.66,0.5,27.0,5.0,0.0,25.0,6.0,2015,2,20,Friday,4,51
2015-02-21,3.0,5.347,4.8,57.0,9.0,0.0,0.0,3.0,2015,2,21,Saturday,5,52
2015-02-22,2.0,4.34,2.0,50.6,7.0,0.0,11.0,1.0,2015,2,22,Sunday,6,53
2015-02-23,5.0,3.16,7.5,55.4,9.0,0.0,20.0,0.0,2015,2,23,Monday,0,54
2015-02-24,3.68,3.3400000000000003,6.2,22.07,11.0,0.0,11.0,2.0,2015,2,24,Tuesday,1,55
2015-02-25,7.0,6.33,6.1,24.0,8.0,0.0,2.0,2.0,2015,2,25,Wednesday,2,56
2015-02-26,6.0,2.0,2.0,36.7,13.0,0.0,1.0,1.0,2015,2,26,Thursday,3,57
2015-02-27,6.33,4.473,5.0,51.0,1.0,1.0,0.0,0.0,2015,2,27,Friday,4,58
2015-02-28,6.34,3.33,1.6,26.6,9.0,0.0,4.0,3.0,2015,2,28,Saturday,5,59
2015-03-01,9.0,7.893,2.7,25.9,3.0,4.0,0.0,4.0,2015,3,1,Sunday,6,60
2015-03-02,6.67,4.68,3.5,40.7,6.0,1.0,2.0,3.0,2015,3,2,Monday,0,61
2015-03-03,8.0,6.03,4.5,45.6,14.0,0.0,1.0,4.0,2015,3,3,Tuesday,1,62
2015-03-04,9.68,5.67,3.3,46.85,4.0,0.0,11.0,1.0,2015,3,4,Wednesday,2,63
2015-03-05,6.0,2.33,3.0,35.0,2.0,0.0,0.0,0.0,2015,3,5,Thursday,3,64
2015-03-06,2.0,2.67,6.0,19.8,4.0,0.0,1.0,1.0,2015,3,6,Friday,4,65
2015-03-07,3.33,1.0,1.0,2.0,0.0,0.0,0.0,0.0,2015,3,7,Saturday,5,66
2015-03-08,6.0,3.3970000000000002,2.4,55.4,9.0,0.0,2.0,1.0,2015,3,8,Sunday,6,67
2015-03-09,2.0,3.0,5.0,32.7,10.0,0.0,1.0,1.0,2015,3,9,Monday,0,68
2015-03-10,1.34,3.66,5.0,40.4,6.0,0.0,6.0,3.0,2015,3,10,Tuesday,1,69
2015-03-11,11.0,5.0,3.2,32.0,9.0,0.0,4.0,0.0,2015,3,11,Wednesday,2,70
2015-03-12,2.68,6.3870000000000005,6.1,19.0,5.0,0.0,2.0,3.0,2015,3,12,Thursday,3,71
2015-03-13,4.0,3.33,6.7,63.4,11.0,2.0,1.0,0.0,2015,3,13,Friday,4,72
2015-03-14,2.66,4.33,4.0,39.1,9.0,0.0,9.0,3.0,2015,3,14,Saturday,5,73
2015-03-15,3.34,4.16,3.0,41.0,3.0,0.0,12.0,3.0,2015,3,15,Sunday,6,74
2015-03-16,8.0,3.0100000000000002,4.9,46.8,8.0,0.0,0.0,1.0,2015,3,16,Monday,0,75
2015-03-17,5.0,3.0,4.6,28.8,9.0,1.0,2.0,0.0,2015,3,17,Tuesday,1,76
2015-03-18,7.33,2.0,5.3,24.4,5.0,0.0,20.0,2.0,2015,3,18,Wednesday,2,77
2015-03-19,2.0,2.33,1.5,31.0,7.0,0.0,15.0,0.0,2015,3,19,Thursday,3,78
2015-03-20,1.0,7.0,3.0,38.6,13.0,1.0,5.0,1.0,2015,3,20,Friday,4,79
2015-03-21,10.33,3.34,3.0,41.6,4.0,0.0,6.0,2.0,2015,3,21,Saturday,5,80
2015-03-22,8.34,6.67,2.0,43.2,9.0,0.0,10.0,0.0,2015,3,22,Sunday,6,81
2015-03-23,2.0,4.34,7.0,28.0,5.0,0.0,0.0,2.0,2015,3,23,Monday,0,82
2015-03-24,4.0,5.4719999999999995,5.2,22.4,8.0,2.0,9.0,4.0,2015,3,24,Tuesday,1,83
2015-03-25,3.68,8.66,6.4,17.6,10.0,2.0,13.0,1.0,2015,3,25,Wednesday,2,84
2015-03-26,5.0,1.7469999999999999,3.0,51.4,10.0,0.0,6.0,5.0,2015,3,26,Thursday,3,85
2015-03-27,3.0,2.67,2.0,27.0,3.0,0.0,22.0,1.0,2015,3,27,Friday,4,86
2015-03-28,1.33,3.056,3.0,50.5,6.0,0.0,0.0,2.0,2015,3,28,Saturday,5,87
2015-03-29,6.0,5.727,2.3,35.5,7.0,0.0,8.0,2.0,2015,3,29,Sunday,6,88
2015-03-30,6.33,4.827,10.0,25.7,4.0,0.0,0.0,0.0,2015,3,30,Monday,0,89
2015-03-31,5.0,2.0,11.2,33.5,5.0,0.0,2.0,4.0,2015,3,31,Tuesday,1,90
2015-04-01,6.34,1.33,1.0,24.8,7.0,2.0,5.0,1.0,2015,4,1,Wednesday,2,91
2015-04-02,5.0,3.99,5.4,35.07,3.0,0.0,3.0,5.0,2015,4,2,Thursday,3,92
2015-04-03,5.33,2.32,4.0,34.2,12.0,0.0,0.0,4.0,2015,4,3,Friday,4,93
2015-04-04,3.67,4.33,6.0,43.0,7.0,1.0,5.0,6.0,2015,4,4,Saturday,5,94
2015-04-05,3.34,5.01,4.5,31.6,4.0,0.0,0.0,1.0,2015,4,5,Sunday,6,95
2015-04-06,7.33,3.33,5.3,32.9,4.0,0.0,3.0,2.0,2015,4,6,Monday,0,96
2015-04-07,6.0,3.66,6.7,25.0,8.0,0.0,8.0,1.0,2015,4,7,Tuesday,1,97
2015-04-08,4.0,2.33,3.0,18.0,11.0,0.0,10.0,4.0,2015,4,8,Wednesday,2,98
2015-04-09,1.33,6.0,8.0,22.2,8.0,0.0,6.0,1.0,2015,4,9,Thursday,3,99
2015-04-10,9.84,6.505,4.0,65.6,5.0,2.0,8.0,5.0,2015,4,10,Friday,4,100
2015-04-11,11.68,3.0,3.4,26.0,9.0,0.0,5.0,6.0,2015,4,11,Saturday,5,101
2015-04-12,0.0,0.0,0.0,0.0,0.0,0.0,0.0,0.0,2015,4,12,Sunday,6,102
2015-04-13,6.67,1.34,7.0,25.2,5.0,0.0,3.0,7.0,2015,4,13,Monday,0,103
2015-04-14,4.66,6.01,7.0,41.8,5.0,0.0,5.0,2.0,2015,4,14,Tuesday,1,104
2015-04-15,2.0,2.33,3.0,29.25,15.0,0.0,0.0,2.0,2015,4,15,Wednesday,2,105
2015-04-16,2.34,1.0,7.2,30.6,7.0,0.0,9.0,4.0,2015,4,16,Thursday,3,106
2015-04-17,9.33,3.66,3.0,29.65,6.0,0.0,1.0,5.0,2015,4,17,Friday,4,107
2015-04-18,7.33,3.0,1.0,31.3,1.0,0.0,1.0,4.0,2015,4,18,Saturday,5,108
2015-04-19,9.32,5.5280000000000005,3.8,36.5,3.0,0.0,0.0,2.0,2015,4,19,Sunday,6,109
2015-04-20,3.0,5.043,3.7,38.0,13.0,0.0,1.0,3.0,2015,4,20,Monday,0,110
2015-04-21,6.33,1.0,2.0,35.2,9.0,0.0,0.0,6.0,2015,4,21,Tuesday,1,111
2015-04-22,1.33,4.627,3.2,32.0,3.0,0.0,1.0,2.0,2015,4,22,Wednesday,2,112
2015-04-23,4.0,1.0,1.0,28.2,8.0,0.0,1.0,4.0,2015,4,23,Thursday,3,113
2015-04-24,10.0,1.0,4.0,30.0,5.0,0.0,1.0,5.0,2015,4,24,Friday,4,114
2015-04-25,5.0,3.165,8.0,38.1,3.0,0.0,1.0,3.0,2015,4,25,Saturday,5,115
2015-04-26,7.0,6.0,3.0,37.6,5.0,0.0,1.0,1.0,2015,4,26,Sunday,6,116
2015-04-27,3.0,0.78,4.0,43.0,10.0,0.0,0.0,10.0,2015,4,27,Monday,0,117
2015-04-28,4.33,4.67,3.1,15.2,7.0,0.0,5.0,6.0,2015,4,28,Tuesday,1,118
2015-04-29,2.0,0.43,4.2,27.6,2.0,0.0,11.0,3.0,2015,4,29,Wednesday,2,119
2015-04-30,3.0,8.727,2.6,32.6,7.0,0.0,3.0,7.0,2015,4,30,Thursday,3,120
2015-05-01,5.34,1.6800000000000002,4.94,11.4,4.0,0.0,0.0,4.7,2015,5,1,Friday,4,121
2015-05-02,5.0,3.66,3.0,47.8,6.0,2.0,0.0,5.0,2015,5,2,Saturday,5,122
2015-05-03,6.67,1.066,2.1,19.2,4.0,0.0,1.0,6.0,2015,5,3,Sunday,6,123
2015-05-04,4.0,4.723,8.6,36.0,5.0,1.0,10.0,3.3,2015,5,4,Monday,0,124
2015-05-05,3.34,3.4619999999999997,2.0,19.0,6.0,0.0,5.0,2.5,2015,5,5,Tuesday,1,125
2015-05-06,4.66,6.497,2.0,40.2,11.0,0.0,0.0,6.0,2015,5,6,Wednesday,2,126
2015-05-07,2.0,3.34,2.0,21.0,4.0,1.0,5.0,10.0,2015,5,7,Thursday,3,127
2015-05-08,1.0,6.34,5.0,16.0,8.0,0.0,4.0,1.0,2015,5,8,Friday,4,128
2015-05-09,3.66,4.34,7.4,21.0,11.0,1.0,1.0,6.0,2015,5,9,Saturday,5,129
2015-05-10,3.34,5.427,3.8,13.0,3.0,0.0,1.0,10.0,2015,5,10,Sunday,6,130
2015-05-11,3.33,6.66,5.9,21.0,3.0,0.0,6.0,4.0,2015,5,11,Monday,0,131
2015-05-12,7.33,1.99,8.2,22.95,13.0,0.0,0.0,8.0,2015,5,12,Tuesday,1,132
2015-05-13,8.0,3.44,9.0,28.4,5.0,0.0,2.0,4.5,2015,5,13,Wednesday,2,133
2015-05-14,3.0,5.067,3.0,14.0,1.0,0.0,0.0,5.0,2015,5,14,Thursday,3,134
2015-05-15,3.34,6.53,4.3,48.4,8.0,0.0,4.0,3.2,2015,5,15,Friday,4,135
2015-05-16,5.0,4.066,4.1,40.4,4.0,0.0,0.0,4.0,2015,5,16,Saturday,5,136
2015-05-17,5.0,3.33,5.0,23.2,0.0,0.0,0.0,8.0,2015,5,17,Sunday,6,137
2015-05-18,7.0,2.713,5.2,21.4,6.0,1.0,2.0,2.2,2015,5,18,Monday,0,138
2015-05-19,3.0,1.6600000000000001,3.0,20.0,8.0,0.0,0.0,3.0,2015,5,19,Tuesday,1,139
2015-05-20,5.67,6.465,2.0,17.0,12.0,1.0,5.0,6.0,2015,5,20,Wednesday,2,140
2015-05-21,6.0,1.957,3.0,10.0,5.0,0.0,1.0,3.3,2015,5,21,Thursday,3,141
2015-05-22,3.0,0.198,2.0,15.0,8.0,0.0,0.0,7.0,2015,5,22,Friday,4,142
2015-05-23,5.68,2.6900000000000004,5.0,23.45,10.0,0.0,2.0,7.0,2015,5,23,Saturday,5,143
2015-05-24,5.33,7.769,3.0,20.0,5.0,0.0,0.0,1.3,2015,5,24,Sunday,6,144
2015-05-25,9.66,3.33,4.0,30.0,11.0,3.0,0.0,3.0,2015,5,25,Monday,0,145
2015-05-26,7.34,3.34,4.5,27.0,11.0,0.0,22.0,10.0,2015,5,26,Tuesday,1,146
2015-05-27,4.0,2.66,2.0,24.2,7.0,0.0,0.0,1.0,2015,5,27,Wednesday,2,147
2015-05-28,6.0,2.33,6.7,17.1,3.0,0.0,20.0,3.0,2015,5,28,Thursday,3,148
2015-05-29,6.33,5.01,3.0,41.8,6.0,0.0,5.0,3.0,2015,5,29,Friday,4,149
2015-05-30,14.0,2.68,6.0,24.5,4.0,0.0,4.0,8.0,2015,5,30,Saturday,5,150
2015-05-31,3.0,4.697,6.3,31.5,2.0,0.0,0.0,10.5,2015,5,31,Sunday,6,151
2015-06-01,4.66,5.0,2.5,23.55,12.0,0.0,2.0,3.0,2015,6,1,Monday,0,152
2015-06-02,8.33,8.0,7.9,24.0,10.0,4.0,3.0,6.0,2015,6,2,Tuesday,1,153
2015-06-03,5.0,1.6600000000000001,5.3,30.0,9.0,0.0,6.0,2.0,2015,6,3,Wednesday,2,154
2015-06-04,2.33,4.0,3.0,20.0,5.0,0.0,2.0,2.0,2015,6,4,Thursday,3,155
2015-06-05,5.0,0.67,5.0,13.0,6.0,0.0,1.0,7.0,2015,6,5,Friday,4,156
2015-06-06,3.68,3.68,2.0,16.0,6.0,0.0,17.0,2.0,2015,6,6,Saturday,5,157
2015-06-07,6.34,5.01,2.0,17.0,6.0,1.0,22.0,6.0,2015,6,7,Sunday,6,158
2015-06-08,6.0,5.66,2.5,31.0,10.0,1.0,3.0,7.0,2015,6,8,Monday,0,159
2015-06-09,3.0,4.0,4.0,26.6,14.0,0.0,0.0,4.6,2015,6,9,Tuesday,1,160
2015-06-10,4.34,3.0100000000000002,8.0,18.676000000000002,6.0,0.0,7.0,2.0,2015,6,10,Wednesday,2,161
2015-06-11,6.0,2.33,5.1,38.3,11.0,0.0,1.0,3.0,2015,6,11,Thursday,3,162
2015-06-12,1.6700000000000002,1.6600000000000001,2.0,17.5,2.0,2.0,0.0,5.0,2015,6,12,Friday,4,163
2015-06-13,2.33,4.66,7.3,21.4,6.0,0.0,12.0,4.0,2015,6,13,Saturday,5,164
2015-06-14,5.0,3.67,1.6,14.0,6.0,0.0,3.0,2.0,2015,6,14,Sunday,6,165
2015-06-15,4.0,3.36,5.0,37.0,9.0,0.0,6.0,9.0,2015,6,15,Monday,0,166
2015-06-16,7.0,3.34,4.0,20.0,6.0,0.0,8.0,5.0,2015,6,16,Tuesday,1,167
2015-06-17,3.66,3.3200000000000003,8.66,24.0,10.0,1.0,20.0,2.0,2015,6,17,Wednesday,2,168
2015-06-18,3.0,5.33,7.0,24.6,4.0,0.0,23.0,3.6,2015,6,18,Thursday,3,169
2015-06-19,5.33,4.01,3.1,24.0,13.0,2.0,10.0,6.3,2015,6,19,Friday,4,170
2015-06-20,9.34,3.0,3.0,26.8,5.0,0.0,10.0,7.0,2015,6,20,Saturday,5,171
2015-06-21,9.34,0.68,5.0,18.0,5.0,0.0,6.0,2.0,2015,6,21,Sunday,6,172
2015-06-22,5.17,6.99,9.6,29.061999999999998,0.0,0.0,1.0,5.0,2015,6,22,Monday,0,173
2015-06-23,4.67,5.67,3.5,19.0,7.0,0.0,5.0,5.0,2015,6,23,Tuesday,1,174
2015-06-24,3.83,4.0,7.0,23.8,5.0,1.0,4.0,3.0,2015,6,24,Wednesday,2,175
2015-06-25,6.33,4.34,6.0,24.125,4.0,0.0,0.0,3.0,2015,6,25,Thursday,3,176
2015-06-26,7.17,0.33,2.0,29.0,3.0,0.0,1.0,4.0,2015,6,26,Friday,4,177
2015-06-27,7.33,3.33,6.0,36.0,10.0,0.0,1.0,2.0,2015,6,27,Saturday,5,178
2015-06-28,5.34,4.65,7.4,12.0,0.0,0.0,6.0,6.0,2015,6,28,Sunday,6,179
2015-06-29,5.68,3.66,4.0,22.0,15.0,0.0,11.0,3.0,2015,6,29,Monday,0,180
2015-06-30,1.0,4.67,6.0,35.0,12.0,0.0,2.0,4.3,2015,6,30,Tuesday,1,181
2015-07-01,8.83,5.68,5.4,18.25,14.0,1.0,12.0,10.0,2015,7,1,Wednesday,2,182
2015-07-02,3.0,2.0,1.0,23.15,3.0,0.0,1.0,2.0,2015,7,2,Thursday,3,183
2015-07-03,5.5,4.33,3.5,24.5,10.0,0.0,8.0,4.0,2015,7,3,Friday,4,184
2015-07-04,7.35,2.34,4.2,15.2,2.0,0.0,0.0,3.0,2015,7,4,Saturday,5,185
2015-07-05,5.0,4.34,4.2,14.0,10.0,0.0,1.0,4.0,2015,7,5,Sunday,6,186
2015-07-06,5.5,4.68,2.0,20.0,8.0,0.0,3.0,3.0,2015,7,6,Monday,0,187
2015-07-07,4.84,4.68,2.3,19.6,5.0,0.0,3.0,7.0,2015,7,7,Tuesday,1,188
2015-07-08,2.0,1.35,3.0,18.6,6.0,0.0,5.0,3.0,2015,7,8,Wednesday,2,189
2015-07-09,2.34,1.67,2.0,32.75,4.0,0.0,0.0,5.0,2015,7,9,Thursday,3,190
2015-07-10,5.5,6.34,5.0,37.0,15.0,0.0,8.0,6.0,2015,7,10,Friday,4,191
2015-07-11,4.0,2.33,4.9,45.0,9.0,0.0,2.0,10.0,2015,7,11,Saturday,5,192
2015-07-12,6.33,5.33,5.0,25.3,5.0,0.0,0.0,6.5,2015,7,12,Sunday,6,193
2015-07-13,3.68,0.66,8.0,22.55,5.0,0.0,0.0,3.0,2015,7,13,Monday,0,194
2015-07-14,0.34,4.33,5.0,14.0,1.0,0.0,2.0,2.0,2015,7,14,Tuesday,1,195
2015-07-15,8.49,1.6600000000000001,4.0,20.2,5.0,0.0,1.0,9.0,2015,7,15,Wednesday,2,196
2015-07-16,8.34,3.33,1.0,18.0,3.0,0.0,2.0,4.0,2015,7,16,Thursday,3,197
2015-07-17,2.5,1.33,1.0,28.0,3.0,0.0,0.0,2.3,2015,7,17,Friday,4,198
2015-07-18,3.68,7.380000000000001,2.0,25.0,8.0,3.0,1.0,3.0,2015,7,18,Saturday,5,199
2015-07-19,11.68,1.6800000000000002,2.0,15.0,1.0,0.0,1.0,3.0,2015,7,19,Sunday,6,200
2015-07-20,5.84,4.67,5.0,41.0,4.0,0.0,0.0,2.0,2015,7,20,Monday,0,201
2015-07-21,4.68,1.0,3.2,14.25,7.0,0.0,1.0,4.0,2015,7,21,Tuesday,1,202
2015-07-22,9.33,0.34,5.0,22.0,10.0,0.0,5.0,3.0,2015,7,22,Wednesday,2,203
2015-07-23,1.5,4.0,3.0,14.0,3.0,0.0,0.0,2.0,2015,7,23,Thursday,3,204
2015-07-24,6.0,6.34,3.6,29.6,9.0,1.0,1.0,10.0,2015,7,24,Friday,4,205
2015-07-25,4.0,4.0,5.0,22.0,7.0,1.0,0.0,4.0,2015,7,25,Saturday,5,206
2015-07-26,5.0,2.99,3.0,29.0,4.0,0.0,0.0,0.0,2015,7,26,Sunday,6,207
2015-07-27,7.34,3.34,7.0,24.0,9.0,0.0,0.0,1.5,2015,7,27,Monday,0,208
2015-07-28,14.18,6.02,1.0,15.2,14.0,0.0,1.0,3.0,2015,7,28,Tuesday,1,209
2015-07-29,10.34,3.34,4.0,21.378,8.0,0.0,2.0,1.0,2015,7,29,Wednesday,2,210
2015-07-30,3.0,3.33,14.0,16.3,3.0,0.0,0.0,4.0,2015,7,30,Thursday,3,211
2015-07-31,5.5,9.0,6.2,24.0,8.0,0.0,0.0,6.0,2015,7,31,Friday,4,212
2015-08-01,5.0,5.0,4.0,19.0,14.0,0.0,0.0,2.0,2015,8,1,Saturday,5,213
2015-08-02,5.0,6.7,4.0,15.0,9.0,0.0,0.0,2.0,2015,8,2,Sunday,6,214
2015-08-03,1.5,2.33,1.5,23.0,3.5,1.0,5.0,1.0,2015,8,3,Monday,0,215
2015-08-04,6.34,2.33,3.0,23.0,5.0,1.0,0.0,4.0,2015,8,4,Tuesday,1,216
2015-08-05,5.0,3.33,4.2,22.2,3.5,0.0,0.0,1.0,2015,8,5,Wednesday,2,217
2015-08-06,5.33,1.6700000000000002,8.0,35.0,11.0,0.0,3.0,2.0,2015,8,6,Thursday,3,218
2015-08-07,4.33,4.0,6.0,22.0,9.0,2.0,1.0,6.0,2015,8,7,Friday,4,219
2015-08-08,6.33,5.33,7.0,22.0,5.0,0.0,0.0,0.7,2015,8,8,Saturday,5,220
2015-08-09,5.0,3.66,2.0,21.0,5.0,0.0,2.0,3.0,2015,8,9,Sunday,6,221
2015-08-10,3.67,5.68,4.2,29.0,12.5,0.0,1.0,5.0,2015,8,10,Monday,0,222
2015-08-11,12.33,6.66,7.4,18.1,10.0,0.0,0.0,4.0,2015,8,11,Tuesday,1,223
2015-08-12,8.67,7.693,4.0,28.2,9.5,0.0,1.0,1.0,2015,8,12,Wednesday,2,224
2015-08-13,8.0,2.0,6.0,23.438,9.0,0.0,3.0,3.0,2015,8,13,Thursday,3,225
2015-08-14,3.0,4.66,4.0,16.7,5.0,0.0,1.0,4.0,2015,8,14,Friday,4,226
2015-08-15,3.34,6.34,6.0,35.0,14.0,1.0,1.0,1.0,2015,8,15,Saturday,5,227
2015-08-16,2.0,4.67,2.0,19.25,4.0,2.0,0.0,2.0,2015,8,16,Sunday,6,228
2015-08-17,8.0,3.0,3.0,33.0,6.0,0.0,0.0,2.0,2015,8,17,Monday,0,229
2015-08-18,6.01,2.67,3.0,24.0,16.0,0.0,3.0,1.0,2015,8,18,Tuesday,1,230
2015-08-19,6.33,2.66,8.0,28.0,15.0,0.0,3.0,3.0,2015,8,19,Wednesday,2,231
2015-08-20,3.5,3.68,5.0,19.0,6.0,1.0,0.0,0.0,2015,8,20,Thursday,3,232
2015-08-21,6.0,0.67,3.0,34.0,8.0,1.0,1.0,4.0,2015,8,21,Friday,4,233
2015-08-22,2.34,6.736,4.0,28.0,6.0,3.0,1.0,6.0,2015,8,22,Saturday,5,234
2015-08-23,8.99,5.33,3.0,28.0,8.0,0.0,2.0,2.0,2015,8,23,Sunday,6,235
2015-08-24,8.5,3.66,3.4,45.1,8.0,0.0,0.0,1.0,2015,8,24,Monday,0,236
2015-08-25,2.34,2.67,4.0,23.5,20.0,0.0,1.0,3.0,2015,8,25,Tuesday,1,237
2015-08-26,2.67,4.02,7.3,27.0,7.0,0.0,1.0,6.0,2015,8,26,Wednesday,2,238
2015-08-27,9.33,3.0,4.5,32.0,8.0,0.0,0.0,3.0,2015,8,27,Thursday,3,239
2015-08-28,7.0,8.67,1.0,15.1,12.0,0.0,0.0,3.0,2015,8,28,Friday,4,240
2015-08-29,10.84,10.34,4.0,23.2,4.0,3.0,3.0,2.0,2015,8,29,Saturday,5,241
2015-08-30,11.0,6.0200000000000005,3.5,21.0,3.0,0.0,6.0,4.0,2015,8,30,Sunday,6,242
2015-08-31,4.0,9.34,3.4,38.0,9.5,0.0,6.0,2.0,2015,8,31,Monday,0,243
2015-09-01,8.18,2.84,4.4,28.25,8.0,0.0,0.0,3.0,2015,9,1,Tuesday,1,244
2015-09-02,5.33,7.0,3.0,31.3,9.5,0.0,5.0,5.0,2015,9,2,Wednesday,2,245
2015-09-03,1.34,3.68,2.2,19.0,13.0,0.0,4.0,2.0,2015,9,3,Thursday,3,246
2015-09-04,3.34,2.68,3.1,20.0,8.0,1.0,1.0,2.0,2015,9,4,Friday,4,247
2015-09-05,8.83,6.01,3.2,20.0,10.5,1.0,6.0,4.0,2015,9,5,Saturday,5,248
2015-09-06,8.33,9.67,6.0,23.6,8.0,1.0,0.0,3.0,2015,9,6,Sunday,6,249
2015-09-07,4.34,6.124,2.5,32.8,7.0,1.0,5.0,2.0,2015,9,7,Monday,0,250
2015-09-08,2.67,1.693,5.0,29.2,4.0,0.0,2.0,4.0,2015,9,8,Tuesday,1,251
2015-09-09,2.0,3.0,1.0,34.7,8.0,0.0,2.0,2.0,2015,9,9,Wednesday,2,252
2015-09-10,6.0,3.99,4.2,21.2,18.0,0.0,2.0,2.0,2015,9,10,Thursday,3,253
2015-09-11,11.33,5.0,9.0,30.0,9.0,0.0,2.0,2.0,2015,9,11,Friday,4,254
2015-09-12,4.66,7.66,5.2,63.3,6.0,3.0,0.0,2.0,2015,9,12,Saturday,5,255
2015-09-13,7.33,6.165,7.2,25.0,4.0,0.0,11.0,3.0,2015,9,13,Sunday,6,256
2015-09-14,4.68,5.0,1.0,31.3,14.0,0.0,0.0,0.0,2015,9,14,Monday,0,257
2015-09-15,3.33,5.0760000000000005,4.2,23.8,7.5,0.0,6.0,5.0,2015,9,15,Tuesday,1,258
2015-09-16,0.67,4.835,2.2,16.6,6.0,0.0,2.0,1.0,2015,9,16,Wednesday,2,259
2015-09-17,9.83,6.33,0.0,35.5,3.0,0.0,1.0,2.0,2015,9,17,Thursday,3,260
2015-09-18,3.34,1.33,3.0,16.0,4.0,0.0,4.0,3.0,2015,9,18,Friday,4,261
2015-09-19,6.83,0.9900000000000001,7.0,37.0,7.0,0.0,4.0,5.0,2015,9,19,Saturday,5,262
2015-09-20,9.99,3.99,6.5,28.9,15.0,0.0,0.0,2.0,2015,9,20,Sunday,6,263
2015-09-21,2.0,10.0,2.0,46.7,6.0,0.0,0.0,2.0,2015,9,21,Monday,0,264
2015-09-22,6.99,1.33,4.0,19.5,10.0,2.0,5.0,5.0,2015,9,22,Tuesday,1,265
2015-09-23,6.16,4.056,3.3,34.65,7.0,0.0,2.0,1.0,2015,9,23,Wednesday,2,266
2015-09-24,2.99,4.34,4.2,37.6,7.0,0.0,0.0,0.0,2015,9,24,Thursday,3,267
2015-09-25,4.83,4.98,5.2,25.2,11.0,0.0,1.0,3.0,2015,9,25,Friday,4,268
2015-09-26,12.42,3.33,2.5,33.0,6.0,1.0,7.0,2.0,2015,9,26,Saturday,5,269
2015-09-27,5.83,3.0,2.3,10.425,3.0,1.0,2.0,1.0,2015,9,27,Sunday,6,270
2015-09-28,1.0,1.33,2.0,15.4,8.0,0.0,17.0,2.0,2015,9,28,Monday,0,271
2015-09-29,6.33,4.3629999999999995,1.0,39.7,7.0,0.0,0.0,0.0,2015,9,29,Tuesday,1,272
2015-09-30,5.32,4.33,4.0,22.5,9.0,0.0,0.0,1.0,2015,9,30,Wednesday,2,273
2015-10-01,9.66,5.99,4.0,34.562,2.0,0.0,5.0,2.0,2015,10,1,Thursday,3,274
2015-10-02,5.0,4.726,4.0,37.3,5.0,0.0,5.0,1.0,2015,10,2,Friday,4,275
2015-10-03,10.34,5.34,3.0,37.2,7.0,0.0,7.0,2.0,2015,10,3,Saturday,5,276
2015-10-04,7.0,4.0,4.0,59.0,3.0,0.0,16.0,2.0,2015,10,4,Sunday,6,277
2015-10-05,5.0,2.373,2.2,70.95,11.0,1.0,7.0,5.0,2015,10,5,Monday,0,278
2015-10-06,5.69,3.66,5.5,42.725,9.0,1.0,5.0,4.0,2015,10,6,Tuesday,1,279
2015-10-07,7.33,2.66,6.0,44.3,8.0,0.0,5.0,2.0,2015,10,7,Wednesday,2,280
2015-10-08,8.82,4.33,3.0,30.7,5.0,0.0,20.0,0.0,2015,10,8,Thursday,3,281
2015-10-09,2.0,2.769,7.6,28.062,13.0,2.0,10.0,2.0,2015,10,9,Friday,4,282
2015-10-10,6.16,5.66,3.0,46.3,19.5,0.0,1.0,0.0,2015,10,10,Saturday,5,283
2015-10-11,10.33,2.792,7.1,70.3,8.0,0.0,3.0,5.0,2015,10,11,Sunday,6,284
2015-10-12,9.66,7.33,6.0,68.85,12.0,0.0,5.0,3.0,2015,10,12,Monday,0,285
2015-10-13,3.83,7.0,5.2,63.8,5.5,0.0,5.0,1.0,2015,10,13,Tuesday,1,286
2015-10-14,4.66,7.33,3.9000000000000004,38.6,7.0,0.0,0.0,1.0,2015,10,14,Wednesday,2,287
2015-10-15,5.16,5.726,7.3,64.724,4.0,0.0,9.0,1.0,2015,10,15,Thursday,3,288
2015-10-16,1.67,3.33,5.2,57.3,2.0,0.0,5.0,1.0,2015,10,16,Friday,4,289
2015-10-17,10.34,2.837,3.4,74.3,8.0,0.0,0.0,1.0,2015,10,17,Saturday,5,290
2015-10-18,7.34,6.54,4.9,55.6,3.0,1.0,8.0,8.0,2015,10,18,Sunday,6,291
2015-10-19,12.0,3.802,3.0,62.6,3.0,0.0,17.0,0.0,2015,10,19,Monday,0,292
2015-10-20,3.34,1.99,2.3,44.7,6.0,0.0,10.0,5.0,2015,10,20,Tuesday,1,293
2015-10-21,8.66,2.363,3.2,36.8,9.0,1.0,1.0,4.0,2015,10,21,Wednesday,2,294
2015-10-22,4.33,0.34,0.0,35.262,9.0,0.0,2.0,2.0,2015,10,22,Thursday,3,295
2015-10-23,7.0,1.6600000000000001,10.2,41.4,3.0,0.0,6.0,2.0,2015,10,23,Friday,4,296
2015-10-24,9.84,8.35,9.1,67.4,8.0,0.0,4.0,2.0,2015,10,24,Saturday,5,297
2015-10-25,3.0,3.33,3.1,64.6,4.0,0.0,0.0,4.0,2015,10,25,Sunday,6,298
2015-10-26,9.0,5.33,8.0,53.3,8.0,1.0,2.0,2.0,2015,10,26,Monday,0,299
2015-10-27,4.33,2.0,8.5,64.4,7.0,0.0,8.0,3.0,2015,10,27,Tuesday,1,300
2015-10-28,1.0,1.6600000000000001,1.0,33.0,11.0,1.0,6.0,2.0,2015,10,28,Wednesday,2,301
2015-10-29,2.33,3.693,1.3,38.3,8.0,0.0,0.0,1.0,2015,10,29,Thursday,3,302
2015-10-30,5.33,3.67,3.2,49.6,8.0,0.0,5.0,3.0,2015,10,30,Friday,4,303
2015-10-31,5.66,4.65,8.0,58.4,6.0,0.0,7.0,1.0,2015,10,31,Saturday,5,304
2015-11-01,2.33,7.99,5.6,80.4,11.0,0.0,5.0,0.0,2015,11,1,Sunday,6,305
2015-11-02,4.66,4.33,4.0,46.3,7.0,0.0,7.0,2.0,2015,11,2,Monday,0,306
2015-11-03,1.34,4.35,4.3,41.8,5.0,0.0,3.0,0.0,2015,11,3,Tuesday,1,307
2015-11-04,8.5,2.3400000000000003,3.0,59.8,18.0,3.0,3.0,4.0,2015,11,4,Wednesday,2,308
2015-11-05,4.33,3.561,7.4,45.0,3.0,0.0,0.0,2.0,2015,11,5,Thursday,3,309
2015-11-06,3.33,6.736000000000001,4.0,31.474999999999998,5.0,2.0,1.0,0.0,2015,11,6,Friday,4,310
2015-11-07,4.0,3.1100000000000003,4.8,69.9,15.0,1.0,6.0,1.0,2015,11,7,Saturday,5,311
2015-11-08,6.33,3.67,7.199999999999999,48.6,7.0,0.0,13.0,1.0,2015,11,8,Sunday,6,312
2015-11-09,3.66,6.198,4.2,40.75,3.0,1.0,12.0,1.0,2015,11,9,Monday,0,313
2015-11-10,6.33,7.482,10.0,41.2,8.0,0.0,9.0,2.0,2015,11,10,Tuesday,1,314
2015-11-11,9.66,5.34,7.2,60.0,4.0,0.0,12.0,3.0,2015,11,11,Wednesday,2,315
2015-11-12,6.0,4.33,6.0,24.0,11.0,0.0,20.0,0.0,2015,11,12,Thursday,3,316
2015-11-13,5.0,2.44,2.0,22.0,13.0,0.0,0.0,0.0,2015,11,13,Friday,4,317
2015-11-14,4.99,0.33,3.7,19.0,5.0,1.0,0.0,1.0,2015,11,14,Saturday,5,318
2015-11-15,1.33,11.99,9.3,42.35,8.0,2.0,17.0,0.0,2015,11,15,Sunday,6,319
2015-11-16,5.67,3.67,6.0,50.3,9.0,0.0,3.0,2.0,2015,11,16,Monday,0,320
2015-11-17,6.34,4.693,4.7,60.0,1.0,0.0,0.0,2.0,2015,11,17,Tuesday,1,321
2015-11-18,6.34,5.33,5.5,24.5,11.0,0.0,0.0,2.0,2015,11,18,Wednesday,2,322
2015-11-19,2.0,2.99,2.1,26.4,22.0,0.0,0.0,0.0,2015,11,19,Thursday,3,323
2015-11-20,5.66,1.6600000000000001,3.8000000000000003,25.6,2.0,2.0,10.0,3.0,2015,11,20,Friday,4,324
2015-11-21,4.0,2.0100000000000002,5.2,45.5,4.0,0.0,17.0,3.0,2015,11,21,Saturday,5,325
2015-11-22,2.0,3.439,2.6,41.2,6.0,2.0,2.0,1.0,2015,11,22,Sunday,6,326
2015-11-23,3.0,1.0,4.7,69.0,3.0,0.0,1.0,2.0,2015,11,23,Monday,0,327
2015-11-24,5.0,6.33,6.4,19.8,12.0,3.0,1.0,5.0,2015,11,24,Tuesday,1,328
2015-11-25,5.66,5.33,3.2,29.0,11.0,0.0,3.0,3.0,2015,11,25,Wednesday,2,329
2015-11-26,4.33,4.0,2.0,25.975,8.0,0.0,0.0,0.0,2015,11,26,Thursday,3,330
2015-11-27,0.67,4.373,2.0,20.8,7.0,0.0,0.0,0.0,2015,11,27,Friday,4,331
2015-11-28,6.33,3.66,4.0,46.825,3.0,0.0,10.0,1.0,2015,11,28,Saturday,5,332
2015-11-29,6.66,3.726,6.0,42.2,1.0,0.0,4.0,0.0,2015,11,29,Sunday,6,333
2015-11-30,7.33,1.8250000000000002,5.0,35.3,5.0,1.0,6.0,3.0,2015,11,30,Monday,0,334
2015-12-01,1.9900000000000002,2.023,6.3,23.9,4.0,1.0,5.0,1.0,2015,12,1,Tuesday,1,335
2015-12-02,1.0,3.33,2.4,42.0,23.0,4.0,0.0,0.0,2015,12,2,Wednesday,2,336
2015-12-03,4.0,3.0,5.6,56.0,6.0,1.0,1.0,1.0,2015,12,3,Thursday,3,337
2015-12-04,3.33,4.759,4.7,25.6,9.0,3.0,3.0,1.0,2015,12,4,Friday,4,338
2015-12-05,8.0,3.033,2.0,35.05,2.0,0.0,7.0,2.33,2015,12,5,Saturday,5,339
2015-12-06,5.67,7.0,3.4,60.4,5.0,2.0,3.0,1.0,2015,12,6,Sunday,6,340
2015-12-07,3.0,2.099,2.2,26.5,6.0,1.0,11.0,6.0,2015,12,7,Monday,0,341
2015-12-08,2.0,6.34,2.0,41.325,8.0,0.0,0.0,0.0,2015,12,8,Tuesday,1,342
2015-12-09,3.34,3.4720000000000004,7.0,41.262,16.0,0.0,3.0,1.0,2015,12,9,Wednesday,2,343
2015-12-10,11.66,10.69,16.0,31.9,9.0,0.0,9.0,2.1,2015,12,10,Thursday,3,344
2015-12-11,5.84,6.165,3.0,22.7,9.0,0.0,16.0,1.0,2015,12,11,Friday,4,345
2015-12-12,6.34,3.2,3.0,42.2,5.0,2.0,6.0,1.0,2015,12,12,Saturday,5,346
2015-12-13,9.33,4.32,7.0,29.0,5.0,0.0,27.0,0.0,2015,12,13,Sunday,6,347
2015-12-14,5.0,3.0,6.6,37.4,11.0,0.0,21.0,1.0,2015,12,14,Monday,0,348
2015-12-15,4.99,2.0,5.0,42.0,3.0,1.0,2.0,1.0,2015,12,15,Tuesday,1,349
2015-12-16,6.67,4.0,4.0,42.0,11.0,1.0,11.0,0.0,2015,12,16,Wednesday,2,350
2015-12-17,9.0,3.01,3.0,25.0,7.0,0.0,0.0,2.0,2015,12,17,Thursday,3,351
2015-12-18,4.33,8.901,4.3,27.2,12.0,4.0,2.0,1.0,2015,12,18,Friday,4,352
2015-12-19,0.0,0.0,0.0,0.0,0.0,0.0,0.0,0.0,2015,12,19,Saturday,5,353
2015-12-20,3.0,3.474,2.2,43.0,3.0,0.0,16.0,1.0,2015,12,20,Sunday,6,354
2015-12-21,5.0,6.34,2.0,53.6,14.0,0.0,6.0,0.4,2015,12,21,Monday,0,355
2015-12-22,5.66,0.0,5.0,48.0,6.0,0.0,13.0,1.0,2015,12,22,Tuesday,1,356
2015-12-23,3.33,4.01,2.3,28.8,3.0,0.0,0.0,0.0,2015,12,23,Wednesday,2,357
2015-12-24,7.33,3.396,5.0,28.3,5.0,0.0,16.0,0.0,2015,12,24,Thursday,3,358
2015-12-25,0.66,4.66,2.0,20.662,28.0,2.0,1.0,1.0,2015,12,25,Friday,4,359
2015-12-26,4.67,1.6600000000000001,5.0,87.2,15.0,3.0,0.0,4.3,2015,12,26,Saturday,5,360
2015-12-27,5.33,6.792,5.2,63.5,4.0,0.0,14.0,4.6,2015,12,27,Sunday,6,361
2015-12-28,4.0,5.099,9.2,61.5,18.0,3.0,26.0,1.0,2015,12,28,Monday,0,362
2015-12-29,10.67,2.33,2.0,71.6,9.0,0.0,2.0,3.0,2015,12,29,Tuesday,1,363
2015-12-30,6.66,7.089,2.0,56.4,12.0,0.0,4.0,2.0,2015,12,30,Wednesday,2,364
2015-12-31,7.66,6.099,7.6,44.35,18.0,0.0,6.0,1.0,2015,12,31,Thursday,3,365
2016-01-01,0.0,0.0,0.0,0.0,0.0,0.0,0.0,0.0,2016,1,1,Friday,4,1
2016-01-02,0.34,1.02,1.0,51.2,0.0,1.0,5.0,5.0,2016,1,2,Saturday,5,2
2016-01-03,4.0,4.0,2.5,56.1,1.0,0.0,5.0,1.0,2016,1,3,Sunday,6,3
2016-01-04,7.33,5.99,6.0,46.6,6.0,0.0,12.0,1.0,2016,1,4,Monday,0,4
2016-01-05,5.33,5.99,4.6,38.6,15.0,0.0,5.0,1.0,2016,1,5,Tuesday,1,5
2016-01-06,6.66,3.0,6.0,61.9,2.0,0.0,12.0,2.0,2016,1,6,Wednesday,2,6
2016-01-07,0.0,0.0,0.0,0.0,0.0,0.0,0.0,0.0,2016,1,7,Thursday,3,7
2016-01-08,8.0,3.4629999999999996,7.7,39.2,8.0,3.0,2.0,2.0,2016,1,8,Friday,4,8
2016-01-09,7.33,2.66,5.0,88.3,9.0,0.0,3.0,3.0,2016,1,9,Saturday,5,9
2016-01-10,7.0,4.033,12.0,67.6,8.0,1.0,1.0,0.0,2016,1,10,Sunday,6,10
2016-01-11,9.34,5.66,7.0,64.9,18.0,0.0,0.0,4.0,2016,1,11,Monday,0,11
2016-01-12,12.0,3.132,12.0,61.35,8.0,0.0,0.0,0.0,2016,1,12,Tuesday,1,12
2016-01-13,9.0,1.6600000000000001,5.0,41.7,15.0,0.0,1.0,2.0,2016,1,13,Wednesday,2,13
2016-01-14,2.0,5.155,6.0,69.0,18.0,0.0,8.0,2.0,2016,1,14,Thursday,3,14
2016-01-15,8.98,4.66,10.6,18.1,8.0,0.0,10.0,2.0,2016,1,15,Friday,4,15
2016-01-16,3.34,5.34,6.0,63.6,11.0,0.0,2.0,1.0,2016,1,16,Saturday,5,16
2016-01-17,7.01,1.604,3.9,46.6,4.0,0.0,0.0,1.0,2016,1,17,Sunday,6,17
2016-01-18,3.5,2.99,4.3,62.8,3.0,2.0,9.0,2.0,2016,1,18,Monday,0,18
2016-01-19,6.0,5.66,6.0,49.8,7.0,0.0,0.0,3.0,2016,1,19,Tuesday,1,19
2016-01-20,2.3200000000000003,3.363,3.0,15.1,29.0,3.0,3.0,2.0,2016,1,20,Wednesday,2,20
2016-01-21,5.0,1.4300000000000002,1.0,68.4,8.0,4.0,6.0,5.0,2016,1,21,Thursday,3,21
2016-01-22,0.83,7.678,7.0,39.5,11.0,0.0,10.0,0.0,2016,1,22,Friday,4,22
2016-01-23,6.33,6.132,7.1,36.8,4.0,0.0,6.0,2.0,2016,1,23,Saturday,5,23
2016-01-24,4.0,6.122,11.3,48.1,3.0,0.0,12.0,3.0,2016,1,24,Sunday,6,24
2016-01-25,10.33,4.26,4.0,46.95,12.0,2.0,10.0,1.5,2016,1,25,Monday,0,25
2016-01-26,5.680000000000001,4.069,8.0,30.3,9.0,0.0,15.0,0.0,2016,1,26,Tuesday,1,26
2016-01-27,4.34,4.429,3.4,30.062,18.0,5.0,5.0,2.0,2016,1,27,Wednesday,2,27
2016-01-28,7.33,6.66,4.4,33.0,4.0,0.0,4.0,3.0,2016,1,28,Thursday,3,28
2016-01-29,5.0,8.67,8.6,74.4,3.0,1.0,17.0,2.0,2016,1,29,Friday,4,29
2016-01-30,9.0,4.429,5.3,47.462,3.0,2.0,5.0,2.0,2016,1,30,Saturday,5,30
2016-01-31,4.33,5.143000000000001,3.8,78.9,3.0,0.0,6.0,2.0,2016,1,31,Sunday,6,31
2016-02-01,6.34,5.0,7.1,18.0,7.0,0.0,6.0,1.0,2016,2,1,Monday,0,32
2016-02-02,14.33,4.878,1.3,39.0,6.0,0.0,0.0,1.0,2016,2,2,Tuesday,1,33
2016-02-03,8.0,6.693,11.5,39.062,11.0,5.0,0.0,0.0,2016,2,3,Wednesday,2,34
2016-02-04,8.34,4.0,4.2,28.8,5.0,0.0,4.0,4.0,2016,2,4,Thursday,3,35
2016-02-05,5.66,2.0,3.0,51.6,7.0,0.0,3.0,1.0,2016,2,5,Friday,4,36
2016-02-06,5.33,10.33,3.0,57.162,1.0,0.0,11.0,2.0,2016,2,6,Saturday,5,37
2016-02-07,3.66,6.056,4.5,88.2,2.0,0.0,13.0,1.0,2016,2,7,Sunday,6,38
2016-02-08,6.33,6.99,5.5,28.038,5.0,0.0,23.0,1.0,2016,2,8,Monday,0,39
2016-02-09,7.0,3.33,4.4,47.7,16.0,2.0,1.0,2.0,2016,2,9,Tuesday,1,40
2016-02-10,4.34,4.703,7.2,34.1,29.0,0.0,4.0,2.0,2016,2,10,Wednesday,2,41
2016-02-11,1.6600000000000001,4.156,2.7,38.1,10.0,1.0,13.0,4.0,2016,2,11,Thursday,3,42
2016-02-12,5.99,6.429,8.5,60.675,4.0,0.0,20.0,1.0,2016,2,12,Friday,4,43
2016-02-13,2.67,3.67,5.0,42.4,2.0,0.0,10.0,2.0,2016,2,13,Saturday,5,44
2016-02-14,5.84,7.34,3.8,43.6,5.0,0.0,7.0,4.0,2016,2,14,Sunday,6,45
2016-02-15,5.33,5.33,5.3,52.2,6.0,0.0,0.0,0.0,2016,2,15,Monday,0,46
2016-02-16,7.33,2.32,3.0,29.0,3.0,2.0,9.0,3.0,2016,2,16,Tuesday,1,47
2016-02-17,3.0,5.0,4.0,26.6,12.0,1.0,1.0,0.0,2016,2,17,Wednesday,2,48
2016-02-18,2.34,1.0,4.3,43.85,3.0,0.0,9.0,1.0,2016,2,18,Thursday,3,49
2016-02-19,4.0,1.67,4.0,28.7,18.0,2.0,26.0,1.0,2016,2,19,Friday,4,50
2016-02-20,10.33,4.122,4.0,36.9,5.0,0.0,8.0,3.0,2016,2,20,Saturday,5,51
2016-02-21,6.34,4.0,0.0,55.7,5.0,2.0,7.0,4.0,2016,2,21,Sunday,6,52
2016-02-22,3.0,5.32,3.0,51.125,10.0,0.0,12.0,4.0,2016,2,22,Monday,0,53
2016-02-23,3.0,2.33,2.5999999999999996,41.3,11.0,0.0,15.0,3.0,2016,2,23,Tuesday,1,54
2016-02-24,7.66,2.33,2.1,35.0,6.0,2.0,5.0,1.0,2016,2,24,Wednesday,2,55
2016-02-25,7.99,3.99,5.0,41.0,22.0,1.0,4.0,3.0,2016,2,25,Thursday,3,56
2016-02-26,5.0,5.848,4.5,28.55,6.0,2.0,0.0,1.0,2016,2,26,Friday,4,57
2016-02-27,8.0,7.0,6.6,25.8,3.0,0.0,5.0,2.0,2016,2,27,Saturday,5,58
2016-02-28,8.0,4.0329999999999995,10.1,66.5,6.0,0.0,26.0,5.0,2016,2,28,Sunday,6,59
2016-02-29,7.0,7.66,4.0,46.2,13.0,0.0,3.0,1.0,2016,2,29,Monday,0,60
2016-03-01,10.0,4.0,2.2,31.0,11.0,2.0,0.0,2.0,2016,3,1,Tuesday,1,61
2016-03-02,3.33,10.396,5.3,21.3,15.0,2.0,1.0,0.0,2016,3,2,Wednesday,2,62
2016-03-03,2.83,2.0,5.0,55.8,2.0,0.0,9.0,4.0,2016,3,3,Thursday,3,63
2016-03-04,5.0,0.99,4.4,26.6,3.0,0.0,0.0,0.0,2016,3,4,Friday,4,64
2016-03-05,5.0,4.891,8.0,38.0,9.0,0.0,10.0,5.0,2016,3,5,Saturday,5,65
2016-03-06,5.0,8.145,4.9,79.9,2.0,0.0,5.0,7.0,2016,3,6,Sunday,6,66
2016-03-07,5.33,7.34,4.0,43.5,3.0,1.0,6.0,1.0,2016,3,7,Monday,0,67
2016-03-08,4.0,6.66,3.0,44.0,7.0,0.0,3.0,3.0,2016,3,8,Tuesday,1,68
2016-03-09,4.34,5.67,7.0,21.8,7.0,1.0,6.0,4.0,2016,3,9,Wednesday,2,69
2016-03-10,6.33,10.33,2.0,23.4,8.0,0.0,2.0,2.0,2016,3,10,Thursday,3,70
2016-03-11,3.33,4.3629999999999995,6.2,22.0,8.0,0.0,18.0,1.0,2016,3,11,Friday,4,71
2016-03-12,3.0,6.373,1.4,41.8,4.0,0.0,23.0,1.0,2016,3,12,Saturday,5,72
2016-03-13,2.5,4.134,1.5,59.2,4.0,0.0,4.0,0.34,2016,3,13,Sunday,6,73
2016-03-14,4.33,3.3200000000000003,10.0,35.9,12.0,0.0,23.0,1.0,2016,3,14,Monday,0,74
2016-03-15,5.33,3.3200000000000003,2.0,24.0,7.0,0.0,18.0,3.0,2016,3,15,Tuesday,1,75
2016-03-16,5.33,13.34,5.7,37.4,16.0,0.0,4.0,4.0,2016,3,16,Wednesday,2,76
2016-03-17,5.66,5.396,5.0,60.2,10.0,0.0,8.0,5.0,2016,3,17,Thursday,3,77
2016-03-18,3.34,5.353,5.2,25.462,15.0,2.0,8.0,3.0,2016,3,18,Friday,4,78
2016-03-19,10.66,8.33,2.8,19.5,6.0,1.0,5.0,5.0,2016,3,19,Saturday,5,79
2016-03-20,7.99,9.693,2.2,42.2,1.0,0.0,15.0,5.0,2016,3,20,Sunday,6,80
2016-03-21,5.0,8.056000000000001,6.0,45.7,11.0,0.0,36.0,7.0,2016,3,21,Monday,0,81
2016-03-22,2.33,0.0,5.0,42.188,12.0,2.0,4.0,2.0,2016,3,22,Tuesday,1,82
2016-03-23,4.0,3.0,6.0,24.25,22.0,1.0,0.0,3.0,2016,3,23,Wednesday,2,83
2016-03-24,6.84,2.0,3.0,32.0,4.0,0.0,8.0,2.0,2016,3,24,Thursday,3,84
2016-03-25,7.0,7.35,4.2,42.8,8.0,0.0,3.0,3.0,2016,3,25,Friday,4,85
2016-03-26,2.5,0.66,7.5,33.25,4.0,0.0,0.0,5.0,2016,3,26,Saturday,5,86
2016-03-27,7.83,5.449,13.7,63.3,11.0,1.0,1.0,4.0,2016,3,27,Sunday,6,87
2016-03-28,3.34,2.34,1.7,24.6,20.0,0.0,4.0,4.5,2016,3,28,Monday,0,88
2016-03-29,5.68,1.33,3.2,36.2,4.0,0.0,12.0,1.0,2016,3,29,Tuesday,1,89
2016-03-30,7.16,2.68,7.4,22.2,3.0,0.0,12.0,5.0,2016,3,30,Wednesday,2,90
2016-03-31,2.33,8.68,2.9,31.25,1.0,0.0,5.0,5.0,2016,3,31,Thursday,3,91
2016-04-01,6.33,3.0100000000000002,2.7,50.4,4.0,0.0,16.0,10.5,2016,4,1,Friday,4,92
2016-04-02,3.67,2.0,7.0,32.3,4.0,0.0,19.0,7.4,2016,4,2,Saturday,5,93
2016-04-03,9.67,7.396,5.3,73.5,5.0,0.0,6.0,11.0,2016,4,3,Sunday,6,94
2016-04-04,7.0,5.231,5.0,21.6,3.0,1.0,11.0,2.0,2016,4,4,Monday,0,95
2016-04-05,6.0,5.33,4.0,40.3,5.0,1.0,11.0,12.0,2016,4,5,Tuesday,1,96
2016-04-06,6.66,5.3629999999999995,2.0,15.25,7.0,0.0,6.0,3.0,2016,4,6,Wednesday,2,97
2016-04-07,6.33,5.98,4.0,21.0,7.0,2.0,4.0,8.2,2016,4,7,Thursday,3,98
2016-04-08,7.67,3.66,5.0,42.3,2.0,1.0,3.0,4.4,2016,4,8,Friday,4,99
2016-04-09,9.0,9.01,3.1,38.8,7.0,0.0,14.0,3.0,2016,4,9,Saturday,5,100
2016-04-10,5.0,6.67,5.1499999999999995,21.4,4.0,1.0,11.0,8.0,2016,4,10,Sunday,6,101
2016-04-11,0.33,4.99,3.0,26.0,11.0,2.0,17.0,6.0,2016,4,11,Monday,0,102
2016-04-12,4.34,4.65,6.0,41.6,19.0,1.0,2.0,5.0,2016,4,12,Tuesday,1,103
2016-04-13,6.33,3.066,3.0,34.0,22.333333333,0.0,2.0,3.0,2016,4,13,Wednesday,2,104
2016-04-14,2.66,2.3200000000000003,8.5,44.225,9.0,0.0,4.0,6.0,2016,4,14,Thursday,3,105
2016-04-15,4.33,3.056,2.7,23.6,6.0,0.0,10.0,4.2,2016,4,15,Friday,4,106
2016-04-16,5.34,6.66,5.3,33.0,11.0,0.0,8.0,8.5,2016,4,16,Saturday,5,107
2016-04-17,4.33,8.175,3.0,52.8,2.0,0.0,7.0,7.2,2016,4,17,Sunday,6,108
2016-04-18,3.66,2.0,5.0,22.1,15.0,3.0,7.0,7.0,2016,4,18,Monday,0,109
2016-04-19,3.0,1.34,8.3,24.3,7.0,0.0,6.0,4.0,2016,4,19,Tuesday,1,110
2016-04-20,2.66,3.33,2.4,17.1,11.0,5.0,15.0,3.0,2016,4,20,Wednesday,2,111
2016-04-21,3.0,3.464,3.0,21.6,6.0,0.0,0.0,2.3,2016,4,21,Thursday,3,112
2016-04-22,6.0,5.67,4.0,21.9,4.0,0.0,6.0,1.0,2016,4,22,Friday,4,113
2016-04-23,13.66,3.6900000000000004,8.0,33.2,8.0,0.0,0.0,4.5,2016,4,23,Saturday,5,114
2016-04-24,1.0,6.66,5.5,36.95,3.0,0.0,6.0,5.0,2016,4,24,Sunday,6,115
2016-04-25,6.67,1.6600000000000001,7.25,21.7,20.0,1.0,3.0,2.5,2016,4,25,Monday,0,116
2016-04-26,5.33,4.99,7.0,27.2,19.0,0.0,7.0,2.0,2016,4,26,Tuesday,1,117
2016-04-27,5.66,7.495,7.0,47.4,27.0,0.0,1.0,2.0,2016,4,27,Wednesday,2,118
2016-04-28,4.66,6.34,6.0,28.0,17.666666667,0.0,12.0,12.0,2016,4,28,Thursday,3,119
2016-04-29,6.66,3.0,2.5,37.0,15.0,0.0,1.0,3.2,2016,4,29,Friday,4,120
2016-04-30,9.66,10.32,7.0,47.812,11.0,0.0,1.0,4.5,2016,4,30,Saturday,5,121
2016-05-01,0.0,0.0,0.0,0.0,0.0,0.0,0.0,0.0,2016,5,1,Sunday,6,122
2016-05-02,4.0,1.02,1.0,39.2,7.0,0.0,5.0,2.0,2016,5,2,Monday,0,123
2016-05-03,6.33,5.99,3.0,23.9,3.0,0.0,0.0,2.0,2016,5,3,Tuesday,1,124
2016-05-04,7.34,3.0,5.0,32.2,4.0,0.0,1.0,2.0,2016,5,4,Wednesday,2,125
2016-05-05,4.66,3.0,6.0,41.0,16.0,3.0,1.0,2.0,2016,5,5,Thursday,3,126
2016-05-06,4.0,2.99,1.0,33.6,7.0,0.0,1.0,3.0,2016,5,6,Friday,4,127
2016-05-07,3.99,8.34,4.0,47.2,5.0,1.0,0.0,10.0,2016,5,7,Saturday,5,128
2016-05-08,5.0,10.66,1.0,40.4,12.0,0.0,1.0,11.0,2016,5,8,Sunday,6,129
2016-05-09,5.67,6.3629999999999995,5.0,29.2,3.0,0.0,2.0,5.0,2016,5,9,Monday,0,130
2016-05-10,7.33,3.67,7.0,28.25,4.0,0.0,2.0,3.5,2016,5,10,Tuesday,1,131
2016-05-11,5.33,4.66,4.0,23.0,13.0,0.0,3.0,2.0,2016,5,11,Wednesday,2,132
2016-05-12,3.0100000000000002,1.759,8.0,28.1,8.0,1.0,2.0,0.0,2016,5,12,Thursday,3,133
2016-05-13,2.33,2.33,3.0,37.0,9.0,0.0,0.0,5.0,2016,5,13,Friday,4,134
2016-05-14,5.34,4.67,5.55,31.25,13.0,0.0,21.0,1.0,2016,5,14,Saturday,5,135
2016-05-15,5.33,8.188,1.2,44.1,6.0,0.0,5.0,4.0,2016,5,15,Sunday,6,136
2016-05-16,5.0,3.66,2.0,24.0,17.0,0.0,2.0,3.0,2016,5,16,Monday,0,137
2016-05-17,4.0,2.33,7.1,38.4,4.0,0.0,1.0,3.2,2016,5,17,Tuesday,1,138
2016-05-18,4.0,5.33,5.25,35.0,7.0,0.0,1.0,5.0,2016,5,18,Wednesday,2,139
2016-05-19,6.34,5.66,2.0,30.5,10.0,0.0,16.0,3.0,2016,5,19,Thursday,3,140
2016-05-20,3.0,1.1320000000000001,3.0,14.0,14.0,2.0,9.0,5.0,2016,5,20,Friday,4,141
2016-05-21,2.0,5.34,5.2,42.5,3.0,0.0,17.0,5.0,2016,5,21,Saturday,5,142
2016-05-22,4.34,4.51,9.05,55.6,6.0,1.0,0.0,10.0,2016,5,22,Sunday,6,143
2016-05-23,5.0,2.363,5.0,54.7,19.0,0.0,7.0,4.0,2016,5,23,Monday,0,144
2016-05-24,12.0,3.167,4.0,32.0,3.0,0.0,3.0,2.0,2016,5,24,Tuesday,1,145
2016-05-25,8.34,1.67,6.0,25.05,16.0,1.0,0.0,1.2,2016,5,25,Wednesday,2,146
2016-05-26,4.67,5.33,5.35,24.799999999999997,20.0,1.0,0.0,9.0,2016,5,26,Thursday,3,147
2016-05-27,8.67,2.6830000000000003,5.25,17.0,14.0,7.0,2.0,6.0,2016,5,27,Friday,4,148
2016-05-28,12.33,0.363,3.0,43.0,4.0,0.0,4.0,9.0,2016,5,28,Saturday,5,149
2016-05-29,8.67,4.33,6.0,31.8,2.0,1.0,5.0,9.2,2016,5,29,Sunday,6,150
2016-05-30,3.34,3.023,4.1,29.4,3.0,0.0,7.0,8.0,2016,5,30,Monday,0,151
2016-05-31,6.0,3.33,3.5,21.0,3.0,0.0,13.0,2.0,2016,5,31,Tuesday,1,152
2016-06-01,9.0,1.1,2.0,20.0,11.0,0.0,7.0,5.0,2016,6,1,Wednesday,2,153
2016-06-02,2.33,6.0,1.05,21.25,18.0,3.0,4.0,1.0,2016,6,2,Thursday,3,154
2016-06-03,7.33,3.0,4.0,18.0,8.0,0.0,1.0,7.0,2016,6,3,Friday,4,155
2016-06-04,3.33,3.34,3.3,21.0,2.0,0.0,0.0,4.0,2016,6,4,Saturday,5,156
2016-06-05,10.34,3.066,4.3,23.4,5.0,0.0,3.0,4.0,2016,6,5,Sunday,6,157
2016-06-06,5.33,2.8020000000000005,4.0,26.2,5.0,0.0,6.0,6.0,2016,6,6,Monday,0,158
2016-06-07,6.0,3.363,4.1,28.5,13.0,0.0,10.0,3.0,2016,6,7,Tuesday,1,159
2016-06-08,8.66,1.33,5.5,45.062,10.0,0.0,5.0,6.0,2016,6,8,Wednesday,2,160
2016-06-09,8.67,4.33,2.0,20.6,7.0,0.0,1.0,4.2,2016,6,9,Thursday,3,161
2016-06-10,8.33,4.0,4.0,26.0,11.0,2.0,0.0,5.0,2016,6,10,Friday,4,162
2016-06-11,10.66,2.825,2.0,35.6,4.0,1.0,10.0,8.0,2016,6,11,Saturday,5,163
2016-06-12,8.34,7.353,3.4000000000000004,47.0,8.0,0.0,4.0,6.0,2016,6,12,Sunday,6,164
2016-06-13,5.66,4.736,1.0,15.0,7.0,0.0,1.0,2.0,2016,6,13,Monday,0,165
2016-06-14,2.33,6.0,6.1,17.4,17.0,1.0,2.0,3.0,2016,6,14,Tuesday,1,166
2016-06-15,5.0,5.495,7.0,35.0,22.0,1.0,1.0,6.0,2016,6,15,Wednesday,2,167
2016-06-16,4.0,0.33,1.0,20.5,4.0,0.0,22.0,3.0,2016,6,16,Thursday,3,168
2016-06-17,3.34,3.67,3.65,20.0,8.0,0.0,4.0,4.0,2016,6,17,Friday,4,169
2016-06-18,2.0,4.33,6.5,37.5,1.0,0.0,5.0,4.0,2016,6,18,Saturday,5,170
2016-06-19,6.34,6.01,3.0,40.0,1.0,0.0,7.0,15.0,2016,6,19,Sunday,6,171
2016-06-20,7.34,3.34,6.0,22.387999999999998,5.0,0.0,8.0,6.0,2016,6,20,Monday,0,172
2016-06-21,7.33,4.66,9.0,23.0,15.0,0.0,7.0,5.6,2016,6,21,Tuesday,1,173
2016-06-22,2.0,6.067,2.3,42.0,6.0,0.0,2.0,2.0,2016,6,22,Wednesday,2,174
2016-06-23,3.0,0.33,2.3,19.0,5.0,0.0,1.0,3.0,2016,6,23,Thursday,3,175
2016-06-24,6.0,2.34,3.05,19.0,15.0,0.0,1.0,2.0,2016,6,24,Friday,4,176
2016-06-25,5.68,4.99,8.0,20.25,5.0,0.0,1.0,4.0,2016,6,25,Saturday,5,177
2016-06-26,3.0,3.845,2.0,17.4,20.0,0.0,2.0,3.0,2016,6,26,Sunday,6,178
2016-06-27,6.0,3.067,5.25,24.0,9.0,0.0,9.0,2.0,2016,6,27,Monday,0,179
2016-06-28,1.33,1.429,2.25,24.0,20.0,5.0,2.0,7.0,2016,6,28,Tuesday,1,180
2016-06-29,7.0,8.01,6.5,22.0,12.5,7.0,1.0,2.0,2016,6,29,Wednesday,2,181
2016-06-30,4.0,3.803,3.2,9.0,6.0,0.0,0.0,2.0,2016,6,30,Thursday,3,182
2016-07-01,4.0,2.0100000000000002,5.5,24.0,1.0,0.0,20.0,7.0,2016,7,1,Friday,4,183
2016-07-02,4.66,5.132000000000001,6.0,25.4,9.0,0.0,2.0,3.0,2016,7,2,Saturday,5,184
2016-07-03,6.67,4.165,5.4,18.6,4.0,0.0,11.0,5.0,2016,7,3,Sunday,6,185
2016-07-04,8.34,5.34,1.15,14.0,8.0,3.0,7.0,6.0,2016,7,4,Monday,0,186
2016-07-05,6.0,4.01,2.0,19.0,10.0,0.0,0.0,3.0,2016,7,5,Tuesday,1,187
2016-07-06,9.33,5.726,5.0,30.0,5.0,0.0,8.0,4.0,2016,7,6,Wednesday,2,188
2016-07-07,7.34,5.01,1.0,21.0,11.0,1.0,0.0,2.0,2016,7,7,Thursday,3,189
2016-07-08,1.34,7.056,9.2,28.0,12.0,1.0,0.0,4.3,2016,7,8,Friday,4,190
2016-07-09,3.33,6.0,4.5,11.0,12.0,0.0,0.0,2.0,2016,7,9,Saturday,5,191
2016-07-10,5.66,8.32,4.2,29.0,6.0,0.0,0.0,3.0,2016,7,10,Sunday,6,192
2016-07-11,6.33,1.703,3.0,19.312,9.0,0.0,4.0,6.2,2016,7,11,Monday,0,193
2016-07-12,5.67,2.67,4.0,27.2,14.0,0.0,3.0,4.0,2016,7,12,Tuesday,1,194
2016-07-13,6.218333333,7.0,5.0,26.4,11.0,0.0,3.0,2.0,2016,7,13,Wednesday,2,195
2016-07-14,2.34,2.363,5.0,12.4,3.0,0.0,3.0,5.0,2016,7,14,Thursday,3,196
2016-07-15,3.0,8.0,2.0,15.0,4.0,0.0,0.0,3.33,2016,7,15,Friday,4,197
2016-07-16,9.33,6.737,3.0,23.3,6.0,0.0,1.0,8.0,2016,7,16,Saturday,5,198
2016-07-17,9.01,4.01,3.0,26.65,3.0,0.0,7.0,4.0,2016,7,17,Sunday,6,199
2016-07-18,6.0,2.497,8.0,25.4,2.0,0.0,3.0,4.0,2016,7,18,Monday,0,200
2016-07-19,7.34,1.33,6.0,19.0,5.0,0.0,1.0,2.0,2016,7,19,Tuesday,1,201
2016-07-20,10.33,4.66,7.1,25.2,6.0,0.0,5.0,5.0,2016,7,20,Wednesday,2,202
2016-07-21,5.66,5.32,4.1,17.0,15.0,0.0,1.0,2.0,2016,7,21,Thursday,3,203
2016-07-22,3.33,1.6600000000000001,7.0,14.0,4.0,0.0,0.0,2.0,2016,7,22,Friday,4,204
2016-07-23,4.66,5.49,2.1,15.0,6.0,0.0,0.0,5.0,2016,7,23,Saturday,5,205
2016-07-24,2.33,4.99,4.0,32.0,4.0,0.0,0.0,2.0,2016,7,24,Sunday,6,206
2016-07-25,13.0,3.33,7.0,22.0,9.0,0.0,4.0,4.0,2016,7,25,Monday,0,207
2016-07-26,8.32,2.66,1.0,10.0,16.0,0.0,0.0,2.0,2016,7,26,Tuesday,1,208
2016-07-27,3.0,6.33,4.15,10.0,4.0,1.0,9.0,2.0,2016,7,27,Wednesday,2,209
2016-07-28,9.67,3.99,4.0,22.5,12.0,1.0,5.0,3.0,2016,7,28,Thursday,3,210
2016-07-29,9.99,4.51,6.0,11.0,17.0,1.0,11.0,2.0,2016,7,29,Friday,4,211
2016-07-30,6.33,3.99,4.0,37.0,7.0,0.0,1.0,6.0,2016,7,30,Saturday,5,212
2016-07-31,6.0,5.01,4.5,22.0,5.0,0.0,0.0,4.0,2016,7,31,Sunday,6,213
2016-08-01,8.33,1.396,5.0,14.0,7.5,1.0,1.0,6.0,2016,8,1,Monday,0,214
2016-08-02,8.33,7.0,5.0,12.0,12.0,0.0,1.0,1.0,2016,8,2,Tuesday,1,215
2016-08-03,8.0,2.98,3.5,21.0,11.0,0.0,13.0,3.0,2016,8,3,Wednesday,2,216
2016-08-04,8.0,2.693,2.0,34.4,12.0,0.0,17.0,4.0,2016,8,4,Thursday,3,217
2016-08-05,10.33,3.42,3.7,21.0,24.0,0.0,24.0,1.3,2016,8,5,Friday,4,218
2016-08-06,3.0,3.662,5.0,20.0,33.0,0.0,1.0,2.0,2016,8,6,Saturday,5,219
2016-08-07,8.0,4.155,8.2,40.2,12.0,0.0,5.0,3.0,2016,8,7,Sunday,6,220
2016-08-08,8.34,5.99,5.5,15.0,36.0,0.0,1.0,4.0,2016,8,8,Monday,0,221
2016-08-09,6.33,4.66,7.0,29.0,26.0,1.0,2.0,4.0,2016,8,9,Tuesday,1,222
2016-08-10,11.34,2.99,7.0,24.1,11.0,0.0,3.0,2.0,2016,8,10,Wednesday,2,223
2016-08-11,5.67,3.66,0.0,25.0,1.0,0.0,0.0,2.0,2016,8,11,Thursday,3,224
2016-08-12,8.66,5.66,6.1,27.6,6.0,4.0,0.0,2.0,2016,8,12,Friday,4,225
2016-08-13,8.0,6.737,5.0,32.0,2.0,0.0,0.0,5.0,2016,8,13,Saturday,5,226
2016-08-14,5.0,4.857,4.5,18.216666667,2.0,0.0,7.0,0.0,2016,8,14,Sunday,6,227
2016-08-15,5.0,2.33,2.0,21.0,11.0,0.0,0.0,2.0,2016,8,15,Monday,0,228
2016-08-16,10.0,4.66,3.0,14.45,4.0,0.0,11.0,3.5,2016,8,16,Tuesday,1,229
2016-08-17,8.66,2.0100000000000002,4.0,9.5,7.0,0.0,5.0,5.0,2016,8,17,Wednesday,2,230
2016-08-18,6.99,3.363,4.0,25.6,7.0,0.0,0.0,1.0,2016,8,18,Thursday,3,231
2016-08-19,1.0,4.33,0.6,27.0,12.0,0.0,0.0,4.0,2016,8,19,Friday,4,232
2016-08-20,4.33,2.99,6.0,26.2,1.0,0.0,0.0,6.0,2016,8,20,Saturday,5,233
2016-08-21,8.0,3.627,7.4,39.0,3.0,4.0,1.0,1.0,2016,8,21,Sunday,6,234
2016-08-22,3.34,3.386,0.0,23.2,3.0,0.0,0.0,6.0,2016,8,22,Monday,0,235
2016-08-23,3.0,3.0660000000000003,4.0,14.7,7.0,1.0,0.0,1.2,2016,8,23,Tuesday,1,236
2016-08-24,9.33,3.487,8.0,11.3,2.0,0.0,0.0,3.0,2016,8,24,Wednesday,2,237
2016-08-25,4.33,2.67,8.0,19.4,4.0,1.0,4.0,5.0,2016,8,25,Thursday,3,238
2016-08-26,4.0,2.023,2.0,20.7,3.0,0.0,0.0,0.0,2016,8,26,Friday,4,239
2016-08-27,8.83,1.736,1.0,17.516666667,2.0,0.0,11.0,0.0,2016,8,27,Saturday,5,240
2016-08-28,7.33,7.0200000000000005,6.2,37.0,3.0,0.0,6.0,2.0,2016,8,28,Sunday,6,241
2016-08-29,9.0,0.67,2.0,14.2,4.0,0.0,1.0,1.3,2016,8,29,Monday,0,242
2016-08-30,4.66,1.32,2.0,8.9,4.0,0.0,1.0,0.0,2016,8,30,Tuesday,1,243
2016-08-31,6.0,5.827,5.0,23.2,3.0,0.0,1.0,5.0,2016,8,31,Wednesday,2,244
2016-09-01,5.0,3.66,5.0,31.4,2.0,0.0,0.0,3.0,2016,9,1,Thursday,3,245
2016-09-02,9.34,4.0200000000000005,5.0,10.0,25.0,0.0,5.0,2.0,2016,9,2,Friday,4,246
2016-09-03,5.33,4.025,6.5,54.2,5.0,0.0,4.0,4.0,2016,9,3,Saturday,5,247
2016-09-04,8.33,4.396,0.0,30.9,10.0,0.0,4.0,5.0,2016,9,4,Sunday,6,248
2016-09-05,3.32,4.396,2.0,34.3,8.0,2.0,2.0,4.0,2016,9,5,Monday,0,249
2016-09-06,5.0,1.33,1.0,32.8,14.0,3.0,0.0,3.0,2016,9,6,Tuesday,1,250
2016-09-07,2.33,2.19,3.0,37.6,14.0,0.0,0.0,3.0,2016,9,7,Wednesday,2,251
2016-09-08,6.0,2.99,4.0,33.0,8.0,1.0,0.0,0.0,2016,9,8,Thursday,3,252
2016-09-09,4.99,3.99,3.25,26.124000000000002,11.0,2.0,10.0,3.0,2016,9,9,Friday,4,253
2016-09-10,8.33,11.31,10.0,34.0,9.0,0.0,4.0,3.0,2016,9,10,Saturday,5,254
2016-09-11,2.66,6.99,7.1,57.2,8.0,0.0,10.0,4.0,2016,9,11,Sunday,6,255
2016-09-12,7.0,6.0,4.0,24.0,10.0,0.0,8.0,4.0,2016,9,12,Monday,0,256
2016-09-13,7.0,5.759,4.0,32.0,13.0,0.0,2.0,0.0,2016,9,13,Tuesday,1,257
2016-09-14,6.0,3.7920000000000003,2.5,24.4,7.0,0.0,8.0,2.0,2016,9,14,Wednesday,2,258
2016-09-15,3.0,6.628,2.0,38.0,31.0,0.0,3.0,1.0,2016,9,15,Thursday,3,259
2016-09-16,2.0,1.33,4.0,26.3,17.0,0.0,3.0,0.0,2016,9,16,Friday,4,260
2016-09-17,6.67,3.693,2.4,56.0,11.0,0.0,5.0,4.1,2016,9,17,Saturday,5,261
2016-09-18,5.99,7.32,2.0,24.45,4.0,0.0,8.0,1.0,2016,9,18,Sunday,6,262
2016-09-19,4.0,3.396,2.15,31.0,11.0,2.0,0.0,1.0,2016,9,19,Monday,0,263
2016-09-20,4.67,2.792,3.0,33.4,14.0,0.0,4.0,1.0,2016,9,20,Tuesday,1,264
2016-09-21,8.34,4.3100000000000005,3.05,19.7,12.0,0.0,3.0,2.0,2016,9,21,Wednesday,2,265
2016-09-22,6.33,2.33,2.1,29.4,6.0,0.0,4.0,3.0,2016,9,22,Thursday,3,266
2016-09-23,2.33,6.99,6.0,28.4,13.0,3.0,7.0,1.0,2016,9,23,Friday,4,267
2016-09-24,2.0,3.779,6.2,61.2,8.0,0.0,1.0,1.0,2016,9,24,Saturday,5,268
2016-09-25,6.0,4.33,3.0,61.125,3.0,0.0,10.0,2.0,2016,9,25,Sunday,6,269
2016-09-26,5.99,1.0,4.0,57.6,4.0,2.0,4.0,1.0,2016,9,26,Monday,0,270
2016-09-27,7.0,4.67,7.4,51.7,17.0,3.0,1.0,3.0,2016,9,27,Tuesday,1,271
2016-09-28,13.68,1.802,5.45,64.5,3.0,0.0,0.0,4.0,2016,9,28,Wednesday,2,272
2016-09-29,7.33,2.0,4.0,50.6,4.0,0.0,1.0,1.2,2016,9,29,Thursday,3,273
2016-09-30,7.0,5.0,2.6,23.4,5.0,0.0,10.0,3.0,2016,9,30,Friday,4,274
2016-10-01,7.33,7.65,1.2,54.038,5.0,0.0,4.0,2.0,2016,10,1,Saturday,5,275
2016-10-02,17.0,4.056,9.7,80.5,6.0,0.0,18.0,3.0,2016,10,2,Sunday,6,276
2016-10-03,3.33,5.33,3.0,59.662,2.0,2.0,17.0,3.0,2016,10,3,Monday,0,277
2016-10-04,6.33,2.99,6.0,47.6,8.0,0.0,10.0,2.5,2016,10,4,Tuesday,1,278
2016-10-05,4.0,4.0,4.0,78.2,8.0,0.0,1.0,1.0,2016,10,5,Wednesday,2,279
2016-10-06,4.33,3.99,6.0,44.0,4.0,0.0,3.0,0.0,2016,10,6,Thursday,3,280
2016-10-07,4.34,4.297,6.0,47.625,4.0,0.0,0.0,1.0,2016,10,7,Friday,4,281
2016-10-08,7.34,6.33,5.0,52.7,2.0,0.0,6.0,5.0,2016,10,8,Saturday,5,282
2016-10-09,6.68,5.0200000000000005,5.5,88.4,2.0,0.0,9.0,1.0,2016,10,9,Sunday,6,283
2016-10-10,2.0,5.066,5.0,31.6,1.0,0.0,3.0,1.0,2016,10,10,Monday,0,284
2016-10-11,7.33,2.406,11.65,52.6,54.833333333,1.0,8.0,1.0,2016,10,11,Tuesday,1,285
2016-10-12,8.33,2.373,2.0,45.75,18.0,1.0,17.0,2.0,2016,10,12,Wednesday,2,286
2016-10-13,4.66,4.33,3.2,42.2,20.0,0.0,3.0,2.3,2016,10,13,Thursday,3,287
2016-10-14,7.0,4.0,3.0,38.7,22.0,0.0,9.0,1.0,2016,10,14,Friday,4,288
2016-10-15,4.0,5.97,3.3499999999999996,47.2,16.0,1.0,13.0,1.0,2016,10,15,Saturday,5,289
2016-10-16,8.33,5.122,10.0,89.30000000000001,3.0,0.0,6.0,5.0,2016,10,16,Sunday,6,290
2016-10-17,2.0,5.0,5.0,50.8,1.0,0.0,9.0,1.0,2016,10,17,Monday,0,291
2016-10-18,3.0,5.056,9.0,42.1,9.0,3.0,7.0,3.1,2016,10,18,Tuesday,1,292
2016-10-19,4.33,6.66,5.0,26.7,11.0,0.0,2.0,1.0,2016,10,19,Wednesday,2,293
2016-10-20,1.6400000000000001,5.66,6.0,52.5,2.0,0.0,2.0,2.0,2016,10,20,Thursday,3,294
2016-10-21,8.66,3.825,0.0,40.8,5.0,0.0,6.0,2.0,2016,10,21,Friday,4,295
2016-10-22,7.0,2.67,4.0,29.700000000000003,3.0,0.0,10.0,4.0,2016,10,22,Saturday,5,296
2016-10-23,12.33,5.78,3.8,51.216666667,10.0,0.0,11.0,2.0,2016,10,23,Sunday,6,297
2016-10-24,2.66,3.023,7.5,37.0,1.0,1.0,2.0,1.0,2016,10,24,Monday,0,298
2016-10-25,4.33,4.572,5.4,62.4,10.0,0.0,7.0,0.0,2016,10,25,Tuesday,1,299
2016-10-26,2.33,2.3970000000000002,6.0,28.4,10.0,0.0,2.0,1.0,2016,10,26,Wednesday,2,300
2016-10-27,6.5,2.023,3.0,32.2,10.0,2.0,4.0,0.0,2016,10,27,Thursday,3,301
2016-10-28,7.0,3.7800000000000002,6.0,34.4,9.0,0.0,5.0,0.0,2016,10,28,Friday,4,302
2016-10-29,15.33,4.54,6.1,78.5,23.0,0.0,9.0,5.0,2016,10,29,Saturday,5,303
2016-10-30,4.66,10.32,5.75,73.1,5.0,0.0,0.0,2.0,2016,10,30,Sunday,6,304
2016-10-31,2.66,3.8200000000000003,3.0,43.8,6.0,0.0,17.0,5.0,2016,10,31,Monday,0,305
2016-11-01,2.33,1.703,4.0,25.9,18.0,0.0,6.0,3.0,2016,11,1,Tuesday,1,306
2016-11-02,4.0,3.7030000000000003,4.1,42.2,1.0,0.0,2.0,3.0,2016,11,2,Wednesday,2,307
2016-11-03,2.0,1.0,3.0,42.5,3.0,0.0,0.0,1.0,2016,11,3,Thursday,3,308
2016-11-04,8.33,4.373,3.6,24.3,14.0,1.0,6.0,4.2,2016,11,4,Friday,4,309
2016-11-05,7.666666667,3.02,5.8,35.4,9.0,0.0,0.0,2.0,2016,11,5,Saturday,5,310
2016-11-06,8.0,4.34,3.0,42.45,3.0,2.0,11.0,5.0,2016,11,6,Sunday,6,311
2016-11-07,5.0,2.726,6.3,35.0,9.0,0.0,5.0,1.0,2016,11,7,Monday,0,312
2016-11-08,7.0,2.35,8.0,20.0,19.166666667,2.0,8.0,3.0,2016,11,8,Tuesday,1,313
2016-11-09,2.34,5.66,1.4,25.0,18.0,0.0,4.0,0.0,2016,11,9,Wednesday,2,314
2016-11-10,7.33,6.33,7.0,31.1,5.0,2.0,12.0,3.4,2016,11,10,Thursday,3,315
2016-11-11,10.66,1.759,4.0,33.0,6.0,0.0,1.0,1.0,2016,11,11,Friday,4,316
2016-11-12,8.0,3.825,7.0,56.5,10.0,0.0,1.0,1.2,2016,11,12,Saturday,5,317
2016-11-13,6.0,11.32,3.6,60.2,0.0,0.0,5.0,1.0,2016,11,13,Sunday,6,318
2016-11-14,10.0,4.726,3.8,50.5,5.0,3.0,1.0,1.0,2016,11,14,Monday,0,319
2016-11-15,5.33,0.33,4.0,30.1,27.0,5.0,5.0,1.0,2016,11,15,Tuesday,1,320
2016-11-16,4.0,3.167,4.0,38.912,5.0,0.0,10.0,1.0,2016,11,16,Wednesday,2,321
2016-11-17,5.0,2.726,5.7,41.4,0.0,0.0,1.0,1.4,2016,11,17,Thursday,3,322
2016-11-18,1.33,4.33,6.25,31.0,7.0,1.0,2.0,2.0,2016,11,18,Friday,4,323
2016-11-19,5.0,2.7,4.0,35.4,3.0,0.0,3.0,2.0,2016,11,19,Saturday,5,324
2016-11-20,7.0,4.34,5.0,25.5,3.0,0.0,0.0,2.0,2016,11,20,Sunday,6,325
2016-11-21,1.34,3.34,5.25,30.0,1.0,0.0,13.0,3.0,2016,11,21,Monday,0,326
2016-11-22,4.01,4.703,1.1,23.0,3.0,2.0,7.0,2.0,2016,11,22,Tuesday,1,327
2016-11-23,3.0,4.33,3.7,44.124,5.0,0.0,0.0,1.0,2016,11,23,Wednesday,2,328
2016-11-24,8.67,4.333,6.0,28.0,2.0,0.0,10.0,3.0,2016,11,24,Thursday,3,329
2016-11-25,7.34,5.0,7.0,21.0,20.0,4.0,5.0,1.0,2016,11,25,Friday,4,330
2016-11-26,3.33,5.0,4.0,36.0,9.0,3.0,12.0,2.0,2016,11,26,Saturday,5,331
2016-11-27,9.33,5.6930000000000005,3.9,61.0,5.0,0.0,1.0,0.0,2016,11,27,Sunday,6,332
2016-11-28,4.5,1.363,2.05,23.0,5.0,0.0,12.0,0.0,2016,11,28,Monday,0,333
2016-11-29,5.68,5.67,3.0,45.6,6.0,2.0,0.0,0.0,2016,11,29,Tuesday,1,334
2016-11-30,3.33,2.99,4.3,24.6,13.0,0.0,7.0,0.0,2016,11,30,Wednesday,2,335
2016-12-01,4.5,2.363,1.5,55.662,8.0,0.0,9.0,0.0,2016,12,1,Thursday,3,336
2016-12-02,6.0,1.076,3.2,43.0,14.0,0.0,26.0,0.2,2016,12,2,Friday,4,337
2016-12-03,3.17,2.68,3.0,43.3,2.0,0.0,1.0,4.0,2016,12,3,Saturday,5,338
2016-12-04,7.0,9.123000000000001,2.9,67.0,4.0,0.0,0.0,0.0,2016,12,4,Sunday,6,339
2016-12-05,9.5,1.6800000000000002,4.0,23.0,6.0,1.0,13.0,2.0,2016,12,5,Monday,0,340
2016-12-06,6.0,5.09,4.4,27.2,4.0,0.0,20.0,1.0,2016,12,6,Tuesday,1,341
2016-12-07,4.34,2.726,1.7,47.0,8.0,3.0,7.0,3.0,2016,12,7,Wednesday,2,342
2016-12-08,5.67,1.67,5.0,35.7,9.0,0.0,2.0,0.0,2016,12,8,Thursday,3,343
2016-12-09,5.66,1.6700000000000002,4.0,35.062,2.0,0.0,0.0,2.0,2016,12,9,Friday,4,344
2016-12-10,7.34,6.33,10.1,45.4,1.0,0.0,15.0,2.0,2016,12,10,Saturday,5,345
2016-12-11,3.34,4.726,8.55,62.062,7.0,0.0,14.0,1.0,2016,12,11,Sunday,6,346
2016-12-12,3.66,2.4290000000000003,3.1,44.5,28.333333333,3.0,21.0,4.0,2016,12,12,Monday,0,347
2016-12-13,1.0,4.0,5.1,43.6,0.0,0.0,18.0,0.0,2016,12,13,Tuesday,1,348
2016-12-14,5.83,3.7800000000000002,5.65,32.2,21.0,0.0,10.0,1.2,2016,12,14,Wednesday,2,349
2016-12-15,9.66,3.33,1.0,22.8,8.0,0.0,5.0,1.0,2016,12,15,Thursday,3,350
2016-12-16,7.33,6.32,2.2,39.775,8.0,3.0,23.0,1.0,2016,12,16,Friday,4,351
2016-12-17,5.99,2.66,4.15,59.95,10.0,0.0,6.0,1.0,2016,12,17,Saturday,5,352
2016-12-18,1.6700000000000002,5.0200000000000005,4.2,60.699999999999996,13.0,0.0,5.0,1.0,2016,12,18,Sunday,6,353
2016-12-19,0.0,0.0,0.0,0.0,0.0,0.0,0.0,0.0,2016,12,19,Monday,0,354
2016-12-20,6.33,3.66,4.0,46.0,12.0,2.0,1.0,0.0,2016,12,20,Tuesday,1,355
2016-12-21,1.34,2.8120000000000003,0.25,37.0,5.0,0.0,6.0,2.5,2016,12,21,Wednesday,2,356
2016-12-22,4.34,4.165,3.8000000000000003,38.4,1.0,0.0,5.0,0.0,2016,12,22,Thursday,3,357
2016-12-23,5.33,4.67,1.15,32.0,6.0,0.0,8.0,2.0,2016,12,23,Friday,4,358
2016-12-24,6.33,6.7,4.2,82.0,4.0,1.0,2.0,1.0,2016,12,24,Saturday,5,359
2016-12-25,2.33,7.627,5.7,79.8,0.0,0.0,9.0,1.0,2016,12,25,Sunday,6,360
2016-12-26,10.33,4.66,2.0,58.924,6.0,0.0,2.0,2.0,2016,12,26,Monday,0,361
2016-12-27,6.0,5.0,0.416666667,54.2,8.0,2.0,13.0,0.0,2016,12,27,Tuesday,1,362
2016-12-28,4.34,6.33,6.45,57.2,7.0,0.0,13.0,0.0,2016,12,28,Wednesday,2,363
2016-12-29,11.0,6.01,6.35,81.2,4.0,3.0,6.0,2.0,2016,12,29,Thursday,3,364
2016-12-30,5.66,8.99,7.3,161.0,13.0,0.0,3.0,0.0,2016,12,30,Friday,4,365
2016-12-31,8.33,7.759,7.45,108.7,7.0,0.0,12.0,0.0,2016,12,31,Saturday,5,366
2017-01-01,3.54375,3.95625,1.5625,25.675,8.75,1.875,6.25,0.625,2017,1,1,Sunday,6,1
2017-01-02,0.2125,0.6375,0.625,32.0,0.0,0.625,3.125,3.125,2017,1,2,Monday,0,2
2017-01-03,6.25,5.831250000000001,4.625,66.8125,8.75,0.0,7.03125,1.875,2017,1,3,Tuesday,1,3
2017-01-04,6.804166668,5.970833334,6.416666667,56.766666664,10.0,1.250000001,5.0,2.916666667,2017,1,4,Wednesday,2,4
2017-01-05,7.504166667,7.879166667,5.208333334,62.208333334,14.583333334999999,0.0,11.250000001,2.5,2017,1,5,Thursday,3,5
2017-01-06,4.583333334,3.050000002,5.625000001,65.562500002,10.833333334,0.0,15.416666667000001,2.5,2017,1,6,Friday,4,6
2017-01-07,2.916666667,5.154166667,5.958333334,34.625,8.75,0.0,2.5,0.0,2017,1,7,Saturday,5,7
2017-01-08,5.416666667,1.859583334,5.083333334,25.375000003,10.0,2.083333333,3.3333333339999998,1.666666668,2017,1,8,Sunday,6,8
2017-01-09,3.8875000010000003,4.057083334,2.5833333339999998,56.125000001000004,9.166666669,0.416666667,1.666666666,2.0833333339999998,2017,1,9,Monday,0,9
2017-01-10,6.3875,4.73875,13.291666666,54.250000003000004,25.000000001,1.6666666669999999,7.5,0.833333334,2017,1,10,Tuesday,1,10
2017-01-11,9.308333333,5.501666669,9.166666667,51.041666667,19.999999999,1.25,1.666666666,2.916666668,2017,1,11,Wednesday,2,11
2017-01-12,8.333333334,5.196666668,8.749999999,65.937499997,14.166666665000001,1.250000001,4.583333333000001,1.6666666669999999,2017,1,12,Thursday,3,12
2017-01-13,6.804166668000001,3.891666668,9.541666666,54.416666669,19.583333334000002,0.0,3.333333333,1.333333334,2017,1,13,Friday,4,13
2017-01-14,5.975000001,4.364583335,7.708333334,47.916666669,16.666666666,0.833333333,5.416666667,2.083333335,2017,1,14,Saturday,5,14
2017-01-15,8.050000001,6.525000001,9.083333334,38.791666668,15.416666667,0.0,7.499999999,1.25,2017,1,15,Sunday,6,15
2017-01-16,6.670833334,4.029166669,8.04166667,63.562500001000004,12.500000002,0.416666667,7.083333334000001,2.083333335,2017,1,16,Monday,0,16
2017-01-17,7.225000002,4.139166668,5.2916666679999995,48.458333334,13.333333334,1.666666666,3.75,2.500000002,2017,1,17,Tuesday,1,17
2017-01-18,6.741666665,4.445833335,6.500000001,45.958333333,16.666666667,1.25,5.833333333000001,0.833333334,2017,1,18,Wednesday,2,18
2017-01-19,5.000000001,5.700000001,7.833333336,37.75,15.833333333,0.0,2.5,3.333333335,2017,1,19,Thursday,3,19
2017-01-20,3.608333334,4.738750002,4.125,37.624999999,23.333333334000002,2.916666667,12.5,2.500000001,2017,1,20,Friday,4,20
2017-01-21,5.695833334,2.400000001,4.583333334,50.208333334,14.999999999,2.0833333339999998,4.583333334,2.916666668,2017,1,21,Saturday,5,21
2017-01-22,4.512500001,5.007500001,5.125,37.020833333,19.166666667,1.25,9.166666667,1.666666668,2017,1,22,Sunday,6,22
2017-01-23,5.137500001,4.505000002,6.291666667,41.75,15.833333335,0.833333333,2.5,1.6666666669999999,2017,1,23,Monday,0,23
2017-01-24,6.112500001,5.770833334,10.958333333,40.083333333,11.250000001,0.0,9.999999999,2.916666669,2017,1,24,Tuesday,1,24
2017-01-25,7.779166667,5.108333335,7.666666667,51.1875,18.75,2.083333333,13.749999999000002,2.291666667,2017,1,25,Wednesday,2,25
2017-01-26,5.979166669,5.224583333,7.0416666679999995,36.625,13.750000001,0.833333333,8.333333333,0.0,2017,1,26,Thursday,3,26
2017-01-27,7.850000002,7.541250001,5.1666666679999995,42.609166666,21.250000001,2.083333333,9.583333334,1.250000001,2017,1,27,Friday,4,27
2017-01-28,5.970833334,6.112500001,2.250000001,32.083333333,9.166666666,0.0,1.666666667,1.250000001,2017,1,28,Saturday,5,28
2017-01-29,5.141666668,7.783333335,5.333333333,54.166666667,15.833333334,2.500000001,9.583333332999999,3.333333335,2017,1,29,Sunday,6,29
2017-01-30,8.058333334,5.616250001,7.0,35.517499999,17.083333333,4.166666667,7.083333333000001,4.166666668,2017,1,30,Monday,0,30
2017-01-31,4.441666667,4.254583334,2.833333335,47.250000001000004,13.333333333,0.833333334,2.9166666670000003,1.6666666669999999,2017,1,31,Tuesday,1,31
2017-02-01,7.375,5.188333333,6.041666667,31.624999999,10.833333334,0.416666667,8.333333332,2.0833333339999998,2017,2,1,Wednesday,2,32
2017-02-02,8.195833333,6.211666667,6.416666667,42.291666667,9.166666668,0.416666667,0.416666667,0.833333334,2017,2,2,Thursday,3,33
2017-02-03,7.637500002,6.255416667,8.999999999,42.900833334,15.833333333999999,2.5,7.083333334000001,0.833333333,2017,2,3,Friday,4,34
2017-02-04,7.779166668,4.1666666679999995,4.416666667,27.708333334,12.083333334999999,0.833333333,7.499999999,3.750000002,2017,2,4,Saturday,5,35
2017-02-05,10.67,10.725,5.0,38.6,1.0,0.0,11.0,1.1,2017,2,5,Sunday,6,36
2017-02-06,10.0,5.0,4.4,13.0,3.0,2.0,5.0,0.0,2017,2,6,Monday,0,37
2017-02-07,3.0,0.33,3.5,13.8,3.0,0.0,7.0,2.0,2017,2,7,Tuesday,1,38
2017-02-08,11.0,1.6700000000000002,4.0,36.0,7.0,0.0,10.0,2.0,2017,2,8,Wednesday,2,39
2017-02-09,3.9825,1.7600000000000002,4.0,20.4,6.0,0.0,0.0,1.0,2017,2,9,Thursday,3,40
2017-02-10,4.01,3.34,4.75,23.2,5.0,0.0,2.0,0.0,2017,2,10,Friday,4,41
2017-02-11,5.33,6.32,5.1,12.4,11.0,1.0,1.0,3.0,2017,2,11,Saturday,5,42
2017-02-12,10.0,10.67,7.8,27.4,4.0,0.0,2.0,1.0,2017,2,12,Sunday,6,43
2017-02-13,0.0,0.0,0.0,0.0,0.0,0.0,0.0,0.0,2017,2,13,Monday,0,44
2017-02-14,4.33,5.0,2.1,22.0,0.0,0.0,1.0,1.0,2017,2,14,Tuesday,1,45
2017-02-15,6.0,2.67,2.0,19.2,1.0,0.0,1.0,1.0,2017,2,15,Wednesday,2,46
2017-02-16,3.66,4.66,1.0,31.6,2.0,0.0,0.0,3.0,2017,2,16,Thursday,3,47
2017-02-17,3.0,2.802,2.1,12.25,4.0,0.0,8.0,1.2,2017,2,17,Friday,4,48
2017-02-18,7.0,4.0,2.35,30.0,10.0,0.0,0.0,3.1,2017,2,18,Saturday,5,49
2017-02-19,3.34,3.516,2.2,13.0,1.0,0.0,8.0,1.0,2017,2,19,Sunday,6,50
2017-02-20,5.0,3.76,4.5,33.1,2.0,0.0,1.0,3.0,2017,2,20,Monday,0,51
2017-02-21,5.0,4.155,4.0,22.9,14.0,0.0,8.0,1.0,2017,2,21,Tuesday,1,52
2017-02-22,3.67,2.4290000000000003,7.2,21.1,9.0,0.0,5.0,0.0,2017,2,22,Wednesday,2,53
2017-02-23,6.67,5.67,4.05,24.1,5.0,1.0,8.0,2.0,2017,2,23,Thursday,3,54
2017-02-24,1.0,4.67,4.0,29.8,10.0,1.0,7.0,1.0,2017,2,24,Friday,4,55
2017-02-25,6.0,6.34,5.25,24.0,6.875,0.0,2.0,0.0,2017,2,25,Saturday,5,56
2017-02-26,5.33,5.33,3.2,15.7,3.0,0.0,5.0,1.2,2017,2,26,Sunday,6,57
2017-02-27,5.67,3.68,7.0,16.4,14.0,0.0,7.0,2.0,2017,2,27,Monday,0,58
2017-02-28,5.34,5.0200000000000005,7.5,26.4,9.0,2.0,18.0,0.0,2017,2,28,Tuesday,1,59
2017-03-01,4.0,4.66,5.0,15.100000000000001,17.0,0.0,5.0,2.0,2017,3,1,Wednesday,2,60
2017-03-02,5.0,7.13,3.0,13.0,1.0,1.0,1.0,2.0,2017,3,2,Thursday,3,61
2017-03-03,9.0,2.99,4.0,12.9,9.0,1.0,6.0,4.0,2017,3,3,Friday,4,62
2017-03-04,5.01,3.67,3.1,17.0,0.0,0.0,5.0,4.5,2017,3,4,Saturday,5,63
2017-03-05,12.33,4.33,5.0,33.9,3.0,0.0,6.0,5.0,2017,3,5,Sunday,6,64
2017-03-06,6.83,2.33,1.1,19.6,1.0,0.0,0.0,3.0,2017,3,6,Monday,0,65
2017-03-07,2.34,5.33,6.5,15.0,4.0,0.0,0.0,2.0,2017,3,7,Tuesday,1,66
2017-03-08,1.0,2.34,0.0,15.2,4.0,0.0,0.0,3.0,2017,3,8,Wednesday,2,67
2017-03-09,11.33,2.33,6.0,26.9,6.0,1.0,0.0,2.5,2017,3,9,Thursday,3,68
2017-03-10,2.0,4.33,4.6,26.3,8.0,1.0,0.0,1.0,2017,3,10,Friday,4,69
2017-03-11,6.33,4.066,6.0,20.1,2.0,1.0,5.0,3.5,2017,3,11,Saturday,5,70
2017-03-12,7.68,7.01,2.0,48.0,6.0,4.0,15.0,2.0,2017,3,12,Sunday,6,71
2017-03-13,2.33,0.68,2.7,17.8,2.0,0.0,10.0,0.0,2017,3,13,Monday,0,72
2017-03-14,2.67,1.34,3.0,15.0,5.0,0.0,5.0,1.0,2017,3,14,Tuesday,1,73
2017-03-15,3.66,1.703,2.5,14.6,4.0,0.0,0.0,0.0,2017,3,15,Wednesday,2,74
2017-03-16,6.0,4.056,4.75,28.2,4.0,0.0,1.0,3.0,2017,3,16,Thursday,3,75
2017-03-17,4.33,2.802,0.0,11.0,14.0,0.0,3.0,3.0,2017,3,17,Friday,4,76
2017-03-18,5.0,4.38,4.25,20.4,3.0,0.0,1.0,1.0,2017,3,18,Saturday,5,77
2017-03-19,10.0,3.693,2.0,39.1,3.0,0.0,5.0,3.0,2017,3,19,Sunday,6,78
2017-03-20,1.6600000000000001,6.683,4.7,16.1,3.0,0.0,7.0,3.0,2017,3,20,Monday,0,79
2017-03-21,9.16,2.0300000000000002,2.2,12.6,4.0,0.0,1.0,5.3,2017,3,21,Tuesday,1,80
2017-03-22,1.6600000000000001,5.023,2.0,16.4,7.0,0.0,2.0,2.0,2017,3,22,Wednesday,2,81
2017-03-23,7.34,2.133,1.0,13.3,8.0,0.0,6.0,3.5,2017,3,23,Thursday,3,82
2017-03-24,1.67,3.0,4.5,12.3,7.0,0.0,5.0,6.3,2017,3,24,Friday,4,83
2017-03-25,10.0,5.49,1.0,33.3,3.0,0.0,0.0,4.0,2017,3,25,Saturday,5,84
2017-03-26,5.34,5.36,3.45,18.0,4.0,0.0,10.0,8.0,2017,3,26,Sunday,6,85
2017-03-27,4.84,3.463,3.5,14.8,5.0,0.0,1.0,4.0,2017,3,27,Monday,0,86
2017-03-28,2.67,2.67,7.0,22.0,14.0,0.0,0.0,6.0,2017,3,28,Tuesday,1,87
2017-03-29,6.34,1.34,4.0,12.9,3.0,0.0,7.0,4.5,2017,3,29,Wednesday,2,88
2017-03-30,1.33,2.693,5.0,9.5,9.0,0.0,0.0,2.0,2017,3,30,Thursday,3,89
2017-03-31,4.0,2.0,3.5,22.2,2.0,0.0,2.0,6.0,2017,3,31,Friday,4,90
2017-04-01,2.33,2.0,2.0,34.0,2.0,0.0,1.0,3.0,2017,4,1,Saturday,5,91
2017-04-02,6.67,4.223,4.0,23.0,4.0,0.0,9.0,12.4,2017,4,2,Sunday,6,92
2017-04-03,6.33,1.0,5.6,25.6,8.0,0.0,20.0,3.0,2017,4,3,Monday,0,93
2017-04-04,0.33,1.033,2.2,8.0,2.0,0.0,5.0,5.5,2017,4,4,Tuesday,1,94
2017-04-05,5.0,0.231,0.2,13.6,9.0,2.0,6.0,1.0,2017,4,5,Wednesday,2,95
2017-04-06,5.0,0.66,3.1,10.9,4.0,1.0,0.0,1.0,2017,4,6,Thursday,3,96
2017-04-07,3.5,4.0,2.0,16.0,5.0,0.0,5.0,5.0,2017,4,7,Friday,4,97
2017-04-08,7.51,8.759,2.05,23.0,3.0,0.0,11.0,6.0,2017,4,8,Saturday,5,98
2017-04-09,4.99,5.34,8.25,22.0,3.0,0.0,0.0,1.0,2017,4,9,Sunday,6,99
2017-04-10,8.66,1.363,1.05,27.5,1.0,0.0,4.0,4.0,2017,4,10,Monday,0,100
2017-04-11,4.0,2.33,3.0,17.0,5.0,0.0,11.0,1.0,2017,4,11,Tuesday,1,101
2017-04-12,11.99,3.3200000000000003,3.35,11.0,10.0,2.0,10.0,4.0,2017,4,12,Wednesday,2,102
2017-04-13,5.0,2.439,2.0,30.9,1.0,0.0,2.0,5.0,2017,4,13,Thursday,3,103
2017-04-14,7.34,4.98,5.0,13.0,3.0,0.0,16.0,4.0,2017,4,14,Friday,4,104
2017-04-15,11.67,1.472,4.0,27.25,1.0,0.0,15.0,5.2,2017,4,15,Saturday,5,105
2017-04-16,0.0,0.0,0.0,0.0,0.0,0.0,0.0,0.0,2017,4,16,Sunday,6,106
2017-04-17,4.0,3.99,1.9,18.4,1.0,0.0,5.0,1.0,2017,4,17,Monday,0,107
2017-04-18,7.33,4.67,6.3,15.4,8.0,1.0,2.0,2.0,2017,4,18,Tuesday,1,108
2017-04-19,1.0,3.406,5.0,14.0,2.0,0.0,0.0,1.0,2017,4,19,Wednesday,2,109
2017-04-20,4.66,2.33,5.0,9.4,10.0,0.0,7.0,2.0,2017,4,20,Thursday,3,110
2017-04-21,3.67,2.3400000000000003,2.4,29.0,3.0,0.0,1.875,3.0,2017,4,21,Friday,4,111
2017-04-22,2.64,4.66,2.8,19.0,7.0,1.0,1.0,2.0,2017,4,22,Saturday,5,112
2017-04-23,9.0,5.416,3.6,25.5,7.0,0.0,1.0,5.0,2017,4,23,Sunday,6,113
2017-04-24,9.33,3.81,8.0,13.15,9.0,0.0,1.0,5.0,2017,4,24,Monday,0,114
2017-04-25,8.0,2.99,2.2,24.0,4.0,0.0,26.0,5.0,2017,4,25,Tuesday,1,115
2017-04-26,3.0,4.0,3.5,10.2,3.0,0.0,1.0,8.3,2017,4,26,Wednesday,2,116
2017-04-27,3.33,3.737,2.3,11.0,10.0,1.0,0.0,10.0,2017,4,27,Thursday,3,117
2017-04-28,3.33,3.67,5.1,15.4,2.0,0.0,7.0,7.0,2017,4,28,Friday,4,118
2017-04-29,5.0,9.0,2.3,15.0,3.0,1.0,1.0,8.0,2017,4,29,Saturday,5,119
2017-04-30,1.0,4.046,2.3,18.0,2.0,0.0,12.0,2.0,2017,4,30,Sunday,6,120
2017-05-01,0.34,1.0,1.0,1.2,0.0,0.0,0.0,1.0,2017,5,1,Monday,0,121
2017-05-02,2.0,6.0329999999999995,1.0,23.0,5.0,0.0,6.0,5.0,2017,5,2,Tuesday,1,122
2017-05-03,1.33,3.3400000000000003,6.0,18.2,6.0,0.0,20.0,2.0,2017,5,3,Wednesday,2,123
2017-05-04,5.67,5.66,1.0,11.6,4.0,0.0,2.0,4.1,2017,5,4,Thursday,3,124
2017-05-05,2.34,5.33,1.15,6.6,8.0,0.0,12.0,3.0,2017,5,5,Friday,4,125
2017-05-06,7.33,2.363,4.4,14.0,4.0,0.0,0.0,6.0,2017,5,6,Saturday,5,126
2017-05-07,6.33,3.67,4.5,18.25,3.0,0.0,4.0,4.0,2017,5,7,Sunday,6,127
2017-05-08,2.33,3.66,1.0,8.0,8.0,3.0,1.0,5.6,2017,5,8,Monday,0,128
2017-05-09,7.33,4.0,4.1,11.0,4.0,0.0,2.0,3.0,2017,5,9,Tuesday,1,129
2017-05-10,8.66,0.397,9.0,15.0,4.0,0.0,14.0,7.0,2017,5,10,Wednesday,2,130
2017-05-11,6.0,6.6930000000000005,3.0,16.0,6.0,2.0,1.0,10.0,2017,5,11,Thursday,3,131
2017-05-12,4.99,4.703,6.0,16.4,4.0,9.0,0.0,6.0,2017,5,12,Friday,4,132
2017-05-13,5.0,2.363,6.0,12.0,4.0,0.0,1.0,7.0,2017,5,13,Saturday,5,133
2017-05-14,4.67,2.076,2.85,31.5,6.0,0.0,5.0,2.1,2017,5,14,Sunday,6,134
2017-05-15,5.34,4.703,2.0,17.0,0.0,3.0,3.0,7.0,2017,5,15,Monday,0,135
2017-05-16,2.33,5.66,1.5,16.2,2.0,0.0,6.0,7.0,2017,5,16,Tuesday,1,136
2017-05-17,6.34,4.84,0.0,9.0,5.0,0.0,0.0,2.0,2017,5,17,Wednesday,2,137
2017-05-18,3.33,5.01,4.0,28.2,4.0,0.0,0.0,3.0,2017,5,18,Thursday,3,138
2017-05-19,4.34,3.44,2.2,31.6,11.0,0.0,0.0,10.0,2017,5,19,Friday,4,139
2017-05-20,3.99,4.713,0.25,16.4,5.0,0.0,6.0,6.0,2017,5,20,Saturday,5,140
2017-05-21,6.0,3.043,1.25,32.2,5.0,0.0,12.0,4.0,2017,5,21,Sunday,6,141
2017-05-22,5.33,1.34,4.4,22.4,5.0,0.0,7.0,11.0,2017,5,22,Monday,0,142
2017-05-23,3.0,2.406,5.0,11.0,9.0,0.0,2.0,7.0,2017,5,23,Tuesday,1,143
2017-05-24,6.68,3.3400000000000003,3.0,14.2,9.0,0.0,4.0,4.71,2017,5,24,Wednesday,2,144
2017-05-25,5.66,5.36,2.0,18.2,3.0,0.0,2.0,4.3,2017,5,25,Thursday,3,145
2017-05-26,2.34,3.67,5.0,29.0,4.0,0.0,8.0,2.0,2017,5,26,Friday,4,146
2017-05-27,7.33,3.221,2.0,23.4,5.0,0.0,0.0,10.0,2017,5,27,Saturday,5,147
2017-05-28,1.99,6.243,2.45,11.19,2.0,0.0,0.0,3.0,2017,5,28,Sunday,6,148
2017-05-29,3.34,4.023,1.5999999999999999,28.0,4.0,2.0,4.0,5.0,2017,5,29,Monday,0,149
2017-05-30,8.0,3.396,4.3,25.0,3.0,0.0,5.0,5.0,2017,5,30,Tuesday,1,150
2017-05-31,4.0,2.4290000000000003,7.0,12.2,6.0,4.0,1.0,5.0,2017,5,31,Wednesday,2,151
2017-06-01,1.34,3.67,2.0,21.4,10.0,0.0,2.0,2.0,2017,6,1,Thursday,3,152
2017-06-02,2.33,4.0,4.0,17.4,9.0,1.0,5.0,3.0,2017,6,2,Friday,4,153
2017-06-03,5.0,1.726,3.0,10.0,3.0,1.0,22.0,2.0,2017,6,3,Saturday,5,154
2017-06-04,7.0,1.747,2.25,23.4,3.0,1.0,5.0,4.0,2017,6,4,Sunday,6,155
2017-06-05,3.33,5.99,4.5,9.7,5.0,0.0,0.0,8.0,2017,6,5,Monday,0,156
2017-06-06,1.0,3.0,0.0,18.0,3.0,0.0,6.0,7.5,2017,6,6,Tuesday,1,157
2017-06-07,5.33,4.693,4.0,21.0,13.0,0.0,20.0,7.0,2017,6,7,Wednesday,2,158
2017-06-08,5.0,1.823,3.15,21.0,4.0,0.0,2.0,4.2,2017,6,8,Thursday,3,159
2017-06-09,1.33,4.09,3.1,10.0,2.0,0.0,0.0,6.0,2017,6,9,Friday,4,160
2017-06-10,9.0,7.01,4.0,15.0,2.0,0.0,7.0,3.0,2017,6,10,Saturday,5,161
2017-06-11,5.5,3.99,8.5,28.25,8.0,0.0,2.0,3.0,2017,6,11,Sunday,6,162
2017-06-12,4.34,3.34,1.0,13.6,3.0,0.0,13.0,12.0,2017,6,12,Monday,0,163
2017-06-13,2.99,3.023,3.0,8.0,9.0,0.0,0.0,9.1,2017,6,13,Tuesday,1,164
2017-06-14,1.33,1.33,1.0,9.0,6.0,3.0,5.0,3.0,2017,6,14,Wednesday,2,165
2017-06-15,3.0,4.33,3.15,15.0,10.0,0.0,5.0,6.5,2017,6,15,Thursday,3,166
2017-06-16,4.0,2.0100000000000002,0.0,12.25,6.0,0.0,0.0,5.4399999999999995,2017,6,16,Friday,4,167
2017-06-17,2.0,8.725999999999999,5.0,12.0,4.0,0.0,5.0,5.0,2017,6,17,Saturday,5,168
2017-06-18,4.0,7.34,1.1,26.6,2.0,0.0,12.0,3.33,2017,6,18,Sunday,6,169
2017-06-19,1.33,1.9800000000000002,1.0,18.0,1.0,1.0,8.0,3.0,2017,6,19,Monday,0,170
2017-06-20,9.33,1.0,5.1,12.0,5.0,0.0,5.0,8.629999999999999,2017,6,20,Tuesday,1,171
2017-06-21,4.0,1.33,2.0,21.0,4.0,0.0,2.0,5.4,2017,6,21,Wednesday,2,172
2017-06-22,1.0,3.34,0.0,7.0,4.0,0.0,8.0,11.0,2017,6,22,Thursday,3,173
2017-06-23,1.0,1.34,2.0,16.0,5.0,0.0,0.0,1.2,2017,6,23,Friday,4,174
2017-06-24,5.0,3.6500000000000004,6.0,32.0,8.0,1.0,0.0,1.0,2017,6,24,Saturday,5,175
2017-06-25,6.5,2.34,6.0,22.0,4.0,0.0,0.0,4.6,2017,6,25,Sunday,6,176
2017-06-26,7.68,3.033,6.25,10.0,11.0,0.0,0.0,3.0,2017,6,26,Monday,0,177
2017-06-27,4.0,3.3200000000000003,6.0,13.5,9.0,0.0,3.0,6.0,2017,6,27,Tuesday,1,178
2017-06-28,4.0,4.0329999999999995,4.5,18.0,7.0,0.0,5.0,3.0,2017,6,28,Wednesday,2,179
2017-06-29,4.0,3.67,6.0,17.0,1.0,0.0,21.0,5.0,2017,6,29,Thursday,3,180
2017-06-30,6.67,2.132,2.0,18.0,2.0,0.0,0.0,6.0,2017,6,30,Friday,4,181
2017-07-01,3.33,2.33,1.0,10.0,5.0,0.0,10.0,4.0,2017,7,1,Saturday,5,182
2017-07-02,5.0,3.68,2.0,9.0,6.0,0.0,0.0,4.0,2017,7,2,Sunday,6,183
2017-07-03,3.67,0.0,1.5,8.0,11.0,0.0,11.0,0.0,2017,7,3,Monday,0,184
2017-07-04,10.67,2.34,5.0,18.0,7.0,0.0,0.0,6.0,2017,7,4,Tuesday,1,185
2017-07-05,4.5,1.6600000000000001,2.0,16.0,20.0,0.0,22.0,6.0,2017,7,5,Wednesday,2,186
2017-07-06,4.33,7.0,4.0,20.6,3.0,1.0,1.0,1.0,2017,7,6,Thursday,3,187
2017-07-07,5.0,2.0,4.1,17.0,6.0,0.0,1.0,0.0,2017,7,7,Friday,4,188
2017-07-08,4.99,4.0889999999999995,5.0,16.0,12.0,0.0,1.0,3.0,2017,7,8,Saturday,5,189
2017-07-09,2.33,7.16,0.5,15.0,4.0,0.0,1.0,4.0,2017,7,9,Sunday,6,190
2017-07-10,2.0,4.353,4.0,12.0,5.0,2.0,7.0,3.0,2017,7,10,Monday,0,191
2017-07-11,3.34,0.68,0.0,18.0,2.0,0.0,7.0,2.0,2017,7,11,Tuesday,1,192
2017-07-12,2.0,5.34,0.0,15.4,12.0,0.0,3.0,0.0,2017,7,12,Wednesday,2,193
2017-07-13,3.33,3.34,2.15,9.6,5.0,3.0,3.0,2.0,2017,7,13,Thursday,3,194
2017-07-14,2.33,3.759,2.0,16.0,8.0,0.0,5.0,3.0,2017,7,14,Friday,4,195
2017-07-15,3.33,9.34,3.0,21.0,3.0,0.0,0.0,2.0,2017,7,15,Saturday,5,196
2017-07-16,11.34,9.34,3.0,19.0,6.0,0.0,0.0,1.0,2017,7,16,Sunday,6,197
2017-07-17,9.0,4.747,3.0,16.4,6.0,2.0,4.0,3.0,2017,7,17,Monday,0,198
2017-07-18,9.67,5.67,1.5,14.0,8.0,0.0,20.0,4.0,2017,7,18,Tuesday,1,199
2017-07-19,6.33,3.66,4.0,20.6,6.0,3.0,1.0,6.0,2017,7,19,Wednesday,2,200
2017-07-20,5.0,4.0,3.0,18.0,11.0,2.0,2.0,2.0,2017,7,20,Thursday,3,201
2017-07-21,2.33,1.0,3.0,14.0,5.0,0.0,0.0,3.0,2017,7,21,Friday,4,202
2017-07-22,3.0,5.69,5.0,22.0,3.0,1.0,0.0,2.0,2017,7,22,Saturday,5,203
2017-07-23,6.5,2.4290000000000003,2.0,12.0,4.0,0.0,4.0,5.0,2017,7,23,Sunday,6,204
2017-07-24,3.84,1.0,2.1,15.0,6.0,0.0,0.0,3.0,2017,7,24,Monday,0,205
2017-07-25,6.34,2.3499999999999996,2.0,14.0,5.0,0.0,6.0,0.1,2017,7,25,Tuesday,1,206
2017-07-26,3.33,6.779,3.0,15.0,11.0,1.0,1.0,1.0,2017,7,26,Wednesday,2,207
2017-07-27,5.0,0.67,0.0,12.4,8.0,0.0,0.0,1.0,2017,7,27,Thursday,3,208
2017-07-28,4.0,5.0,1.1,17.2,10.0,0.0,0.0,3.0,2017,7,28,Friday,4,209
2017-07-29,3.0,3.33,2.0,14.15,1.0,0.0,0.0,4.0,2017,7,29,Saturday,5,210
2017-07-30,4.125,2.66,2.0,13.0,11.0,0.0,0.0,1.0,2017,7,30,Sunday,6,211
2017-07-31,7.34,0.81,2.25,21.0,9.0,0.0,5.0,2.0,2017,7,31,Monday,0,212
2017-08-01,7.33,3.33,2.0,15.6,3.0,0.0,1.0,1.0,2017,8,1,Tuesday,1,213
2017-08-02,6.0,2.66,1.0,25.0,2.0,0.0,1.0,4.0,2017,8,2,Wednesday,2,214
2017-08-03,6.33,0.66,4.0,10.0,8.0,0.0,1.0,3.0,2017,8,3,Thursday,3,215
2017-08-04,8.0,4.0,1.0,15.0,11.0,2.0,5.0,2.0,2017,8,4,Friday,4,216
2017-08-05,4.66,2.472,2.0,13.312000000000001,2.0,0.0,0.0,2.0,2017,8,5,Saturday,5,217
2017-08-06,2.0,3.429,1.0,13.0,6.0,0.0,0.0,3.0,2017,8,6,Sunday,6,218
2017-08-07,1.0,5.34,3.1,16.0,9.0,2.0,0.0,0.0,2017,8,7,Monday,0,219
2017-08-08,6.0,1.703,2.1,11.188,8.0,0.0,0.0,4.2,2017,8,8,Tuesday,1,220
2017-08-09,2.33,5.1000000000000005,3.15,13.0,15.0,0.0,2.0,2.2,2017,8,9,Wednesday,2,221
2017-08-10,0.0,3.99,4.0,9.0,19.0,0.0,3.0,1.1,2017,8,10,Thursday,3,222
2017-08-11,4.33,1.6500000000000001,5.1,8.0,6.0,3.0,0.0,0.0,2017,8,11,Friday,4,223
2017-08-12,2.69,4.939,2.5,22.6,4.0,0.0,6.0,2.0,2017,8,12,Saturday,5,224
2017-08-13,3.66,3.6500000000000004,2.05,24.0,5.0,0.0,1.0,1.0,2017,8,13,Sunday,6,225
2017-08-14,11.34,2.067,4.0,13.0,4.0,0.0,0.0,2.0,2017,8,14,Monday,0,226
2017-08-15,2.33,6.702999999999999,2.15,35.0,11.0,0.0,2.0,3.0,2017,8,15,Tuesday,1,227
2017-08-16,5.33,3.67,1.0,10.45,13.0,0.0,4.0,2.0,2017,8,16,Wednesday,2,228
2017-08-17,5.16,1.33,5.0,12.0,8.0,0.0,1.0,1.5,2017,8,17,Thursday,3,229
2017-08-18,2.33,3.99,3.0,15.0,4.0,0.0,0.0,3.0,2017,8,18,Friday,4,230
2017-08-19,5.0,4.713,3.0,16.0,10.0,0.0,11.0,2.0,2017,8,19,Saturday,5,231
2017-08-20,4.33,2.056,6.0,14.4,6.0,0.0,2.0,1.0,2017,8,20,Sunday,6,232
2017-08-21,9.33,3.34,2.4,19.0,4.0,0.0,0.0,0.0,2017,8,21,Monday,0,233
2017-08-22,6.0,1.34,3.15,22.2,3.0,0.0,0.0,2.0,2017,8,22,Tuesday,1,234
2017-08-23,3.33,2.33,2.0,42.0,8.0,0.0,9.0,3.0,2017,8,23,Wednesday,2,235
2017-08-24,8.0,9.053,2.0,27.0,13.0,0.0,1.0,3.0,2017,8,24,Thursday,3,236
2017-08-25,6.0,3.0100000000000002,1.0,20.25,17.0,0.0,0.0,1.0,2017,8,25,Friday,4,237
2017-08-26,4.99,3.516,1.0,19.0,10.0,0.0,6.0,2.0,2017,8,26,Saturday,5,238
2017-08-27,3.0,5.34,1.0,21.3,5.0,2.0,7.0,1.0,2017,8,27,Sunday,6,239
2017-08-28,8.0,7.0,5.0,16.0,12.0,0.0,1.0,3.0,2017,8,28,Monday,0,240
2017-08-29,7.0,3.0660000000000003,3.5,17.0,5.0,0.0,11.0,2.1,2017,8,29,Tuesday,1,241
2017-08-30,7.67,3.99,3.15,17.0,4.0,3.0,0.0,2.0,2017,8,30,Wednesday,2,242
2017-08-31,16.68,3.033,3.05,17.0,4.0,0.0,0.0,1.0,2017,8,31,Thursday,3,243
2017-09-01,3.34,3.0,5.0,20.6,8.0,0.0,2.0,0.0,2017,9,1,Friday,4,244
2017-09-02,6.34,2.13,6.0,18.4,8.0,0.0,1.0,3.0,2017,9,2,Saturday,5,245
2017-09-03,6.83,5.462,2.0,18.4,7.0,0.0,1.0,3.0,2017,9,3,Sunday,6,246
2017-09-04,6.5,3.33,6.0,24.0,7.0,0.0,0.0,3.0,2017,9,4,Monday,0,247
2017-09-05,6.17,4.0200000000000005,4.0,19.1,7.0,1.0,2.0,1.3,2017,9,5,Tuesday,1,248
2017-09-06,4.33,3.0,5.0,32.0,6.0,0.0,3.0,3.0,2017,9,6,Wednesday,2,249
2017-09-07,3.0,1.0,3.2,18.0,2.0,0.0,0.0,2.0,2017,9,7,Thursday,3,250
2017-09-08,8.83,7.32,3.1,34.0,8.0,0.0,3.0,4.0,2017,9,8,Friday,4,251
2017-09-09,6.0,8.34,2.5,20.0,7.0,0.0,0.0,4.0,2017,9,9,Saturday,5,252
2017-09-10,3.34,5.35,1.0,35.6,7.0,0.0,0.0,4.2,2017,9,10,Sunday,6,253
2017-09-11,2.0,3.3729999999999998,2.0,12.0,16.0,0.0,0.0,2.0,2017,9,11,Monday,0,254
2017-09-12,1.0,4.3500000000000005,5.2,18.25,6.0,1.0,1.0,2.2,2017,9,12,Tuesday,1,255
2017-09-13,4.0,0.66,2.0,25.0,16.0,0.0,5.0,0.0,2017,9,13,Wednesday,2,256
2017-09-14,5.0,5.34,5.0,22.4,6.0,0.0,9.0,5.0,2017,9,14,Thursday,3,257
2017-09-15,3.0,3.0,3.0,16.0,12.0,1.0,8.0,3.0,2017,9,15,Friday,4,258
2017-09-16,7.0,3.0,3.45,27.3,11.0,0.0,0.0,1.2,2017,9,16,Saturday,5,259
2017-09-17,5.0,4.34,4.0,32.0,6.0,1.0,7.0,5.0,2017,9,17,Sunday,6,260
2017-09-18,9.0,4.34,1.0,27.0,7.0,0.0,1.0,2.0,2017,9,18,Monday,0,261
2017-09-19,3.33,6.0329999999999995,1.0,43.25,6.0,2.0,6.0,9.0,2017,9,19,Tuesday,1,262
2017-09-20,2.0,2.363,0.1,35.45,6.0,0.0,6.0,0.0,2017,9,20,Wednesday,2,263
2017-09-21,7.34,3.696,1.0,19.7,8.0,2.0,0.0,1.0,2017,9,21,Thursday,3,264
2017-09-22,4.66,2.241,3.0,27.5,2.0,0.0,0.0,3.0,2017,9,22,Friday,4,265
2017-09-23,9.99,6.99,3.0,14.45,12.0,2.0,0.0,2.0,2017,9,23,Saturday,5,266
2017-09-24,3.66,4.8260000000000005,2.0,52.4,7.0,1.0,6.0,1.0,2017,9,24,Sunday,6,267
2017-09-25,1.0,2.517,1.0,39.2,7.0,3.0,26.0,1.0,2017,9,25,Monday,0,268
2017-09-26,2.0,5.67,2.1,38.6,4.0,0.0,6.0,1.0,2017,9,26,Tuesday,1,269
2017-09-27,4.0,2.33,3.0,38.0,7.0,3.0,3.0,0.0,2017,9,27,Wednesday,2,270
2017-09-28,3.34,2.68,2.5,37.85,3.0,0.0,10.0,0.0,2017,9,28,Thursday,3,271
2017-09-29,1.0,5.0,3.0,35.4,8.0,6.0,5.0,1.0,2017,9,29,Friday,4,272
2017-09-30,5.33,3.0100000000000002,3.0,61.9,6.0,0.0,28.0,0.0,2017,9,30,Saturday,5,273
2017-10-01,4.0,5.891,3.0,72.1,7.0,1.0,20.0,1.0,2017,10,1,Sunday,6,274
2017-10-02,8.33,2.0,3.15,18.0,3.0,1.0,0.0,0.0,2017,10,2,Monday,0,275
2017-10-03,0.34,2.1,3.15,57.2,21.0,3.0,5.0,2.0,2017,10,3,Tuesday,1,276
2017-10-04,2.0,4.33,4.0,37.0,6.0,0.0,2.0,1.0,2017,10,4,Wednesday,2,277
2017-10-05,5.33,3.99,5.0,40.8,5.0,0.0,11.0,2.0,2017,10,5,Thursday,3,278
2017-10-06,3.99,4.66,1.0,39.8,7.0,0.0,6.0,2.0,2017,10,6,Friday,4,279
2017-10-07,4.0,2.023,2.0,35.25,4.0,0.0,10.0,1.0,2017,10,7,Saturday,5,280
2017-10-08,8.67,3.261,5.2,77.1,2.0,0.0,15.0,4.0,2017,10,8,Sunday,6,281
2017-10-09,0.0,0.0,0.0,0.0,0.0,0.0,0.0,0.0,2017,10,9,Monday,0,282
2017-10-10,10.0,2.68,2.0,25.0,8.0,0.0,11.0,3.0,2017,10,10,Tuesday,1,283
2017-10-11,3.5,1.0,4.6,39.4,2.0,0.0,6.0,2.5,2017,10,11,Wednesday,2,284
2017-10-12,4.0,2.393,2.3,41.0,9.0,0.0,1.0,2.0,2017,10,12,Thursday,3,285
2017-10-13,5.33,1.3960000000000001,0.6,38.0,8.0,2.0,3.0,4.0,2017,10,13,Friday,4,286
2017-10-14,4.84,3.66,4.0,42.2,9.0,1.0,20.0,0.0,2017,10,14,Saturday,5,287
2017-10-15,6.0,6.68,1.0,37.0,5.0,0.0,11.0,2.0,2017,10,15,Sunday,6,288
2017-10-16,2.33,0.67,0.0,45.1,9.0,0.0,2.0,2.0,2017,10,16,Monday,0,289
2017-10-17,3.34,1.67,6.0,26.2,9.0,2.0,6.0,1.0,2017,10,17,Tuesday,1,290
2017-10-18,5.34,1.33,1.0,52.85,15.0,0.0,1.0,1.0,2017,10,18,Wednesday,2,291
2017-10-19,4.33,5.99,4.7,25.5,8.0,0.0,13.0,0.0,2017,10,19,Thursday,3,292
2017-10-20,2.83,4.3629999999999995,3.0,36.25,15.0,0.0,8.0,0.0,2017,10,20,Friday,4,293
2017-10-21,3.33,3.769,3.3,25.2,9.0,3.0,5.0,4.0,2017,10,21,Saturday,5,294
2017-10-22,8.0,5.0,5.0,57.8,8.0,0.0,9.0,2.0,2017,10,22,Sunday,6,295
2017-10-23,3.33,1.363,2.0,28.6,4.0,0.0,28.0,1.0,2017,10,23,Monday,0,296
2017-10-24,2.0,2.0,10.0,65.2,3.0,0.0,10.0,1.0,2017,10,24,Tuesday,1,297
2017-10-25,6.34,3.33,5.35,26.9,4.0,0.0,1.0,1.0,2017,10,25,Wednesday,2,298
2017-10-26,1.33,1.099,2.0,38.0,9.0,1.0,5.0,2.3,2017,10,26,Thursday,3,299
2017-10-27,6.32,2.363,6.0,26.0,14.0,1.0,21.0,2.0,2017,10,27,Friday,4,300
2017-10-28,5.0,2.33,4.0,24.099999999999998,11.0,0.0,7.0,3.0,2017,10,28,Saturday,5,301
2017-10-29,7.66,2.373,1.05,36.0,3.0,0.0,1.0,2.2,2017,10,29,Sunday,6,302
2017-10-30,1.5,3.66,2.0,32.8,7.0,0.0,9.0,1.0,2017,10,30,Monday,0,303
2017-10-31,4.33,1.363,4.0,38.0,2.0,0.0,0.0,1.0,2017,10,31,Tuesday,1,304
2017-11-01,0.67,3.4290000000000003,2.0,23.0,5.0,0.0,3.0,1.0,2017,11,1,Wednesday,2,305
2017-11-02,4.0,2.066,1.55,22.1,5.0,0.0,11.0,3.0,2017,11,2,Thursday,3,306
2017-11-03,2.33,7.67,4.4,37.4,10.0,3.0,6.0,1.0,2017,11,3,Friday,4,307
2017-11-04,10.34,7.4719999999999995,6.0,33.0,5.0,0.0,1.0,3.2,2017,11,4,Saturday,5,308
2017-11-05,6.33,5.799,1.1,35.45,1.0,0.0,5.0,2.0,2017,11,5,Sunday,6,309
2017-11-06,8.34,3.2,2.0,20.2,11.0,3.0,8.0,1.0,2017,11,6,Monday,0,310
2017-11-07,0.67,4.0,7.0,20.0,4.0,0.0,0.0,1.5,2017,11,7,Tuesday,1,311
2017-11-08,6.0,1.1,2.0,9.2,1.0,0.0,5.0,1.0,2017,11,8,Wednesday,2,312
2017-11-09,2.67,3.7460000000000004,0.0,28.8,2.0,0.0,11.0,1.0,2017,11,9,Thursday,3,313
2017-11-10,9.34,6.66,6.2,34.0,9.0,0.0,22.0,2.0,2017,11,10,Friday,4,314
2017-11-11,8.5,3.0,4.1,32.0,8.0,0.0,2.0,0.0,2017,11,11,Saturday,5,315
2017-11-12,5.0,3.6500000000000004,6.15,40.0,9.0,0.0,3.0,2.0,2017,11,12,Sunday,6,316
2017-11-13,9.33,2.429,4.2,44.2,5.0,0.0,5.0,0.2,2017,11,13,Monday,0,317
2017-11-14,3.0,0.859,2.0,6.8,14.0,0.0,19.0,1.0,2017,11,14,Tuesday,1,318
2017-11-15,5.33,2.726,7.7,17.0,8.0,3.0,0.0,1.0,2017,11,15,Wednesday,2,319
2017-11-16,5.33,2.0,3.0,17.6,3.0,0.0,1.0,1.0,2017,11,16,Thursday,3,320
2017-11-17,3.0,4.837,3.0,34.0,5.0,0.0,30.0,2.0,2017,11,17,Friday,4,321
2017-11-18,5.33,8.45,2.0,42.5,2.0,0.0,8.0,1.2,2017,11,18,Saturday,5,322
2017-11-19,4.0,6.88,1.0,29.0,3.0,0.0,6.0,2.5,2017,11,19,Sunday,6,323
2017-11-20,2.34,5.34,2.4,28.8,10.0,0.0,2.0,0.0,2017,11,20,Monday,0,324
2017-11-21,13.33,0.68,1.0,22.4,5.0,0.0,2.0,1.0,2017,11,21,Tuesday,1,325
2017-11-22,2.0,4.0,1.0,26.1,20.0,0.0,1.0,1.0,2017,11,22,Wednesday,2,326
2017-11-23,9.33,5.99,6.0,34.3,14.0,0.0,0.0,3.0,2017,11,23,Thursday,3,327
2017-11-24,8.0,3.132,5.0,34.324,5.0,2.0,2.0,0.0,2017,11,24,Friday,4,328
2017-11-25,5.33,6.0760000000000005,4.1,26.5,8.0,0.0,2.0,0.0,2017,11,25,Saturday,5,329
2017-11-26,5.66,5.786,1.0,31.2,2.0,1.0,12.0,2.0,2017,11,26,Sunday,6,330
2017-11-27,1.34,3.67,6.1,34.825,4.0,0.0,7.0,3.0,2017,11,27,Monday,0,331
2017-11-28,5.0,1.34,5.35,40.6,5.0,3.0,8.0,3.0,2017,11,28,Tuesday,1,332
2017-11-29,6.34,2.3970000000000002,4.1,32.6,7.0,0.0,5.0,3.0,2017,11,29,Wednesday,2,333
2017-11-30,5.67,1.396,3.0,30.0,2.0,0.0,9.0,3.0,2017,11,30,Thursday,3,334
2017-12-01,10.33,7.66,1.0,25.4,3.0,0.0,5.0,2.0,2017,12,1,Friday,4,335
2017-12-02,4.33,3.67,5.0,22.0,11.0,0.0,0.0,1.5,2017,12,2,Saturday,5,336
2017-12-03,5.33,6.023,3.0,33.4,3.0,0.0,6.0,2.0,2017,12,3,Sunday,6,337
2017-12-04,1.0,2.363,4.0,15.6,3.0,0.0,13.0,3.0,2017,12,4,Monday,0,338
2017-12-05,3.68,3.165,4.05,17.1,1.0,0.0,6.0,2.0,2017,12,5,Tuesday,1,339
2017-12-06,4.0,4.396,2.1,29.2,12.0,0.0,6.0,1.0,2017,12,6,Wednesday,2,340
2017-12-07,3.0,2.66,5.45,24.9,8.0,0.0,7.0,1.0,2017,12,7,Thursday,3,341
2017-12-08,5.33,2.5100000000000002,3.5,44.2,5.0,1.0,7.0,2.0,2017,12,8,Friday,4,342
2017-12-09,5.0,2.17,5.4,36.6,14.0,0.0,7.0,2.0,2017,12,9,Saturday,5,343
2017-12-10,5.0,2.802,5.0,48.0,7.0,0.0,18.0,2.0,2017,12,10,Sunday,6,344
2017-12-11,8.0,6.0,5.5,34.4,10.0,0.0,6.0,1.0,2017,12,11,Monday,0,345
2017-12-12,1.33,5.066,3.0,44.0,6.0,1.0,12.0,2.0,2017,12,12,Tuesday,1,346
2017-12-13,4.0,3.34,2.3,29.0,9.0,0.0,0.0,1.0,2017,12,13,Wednesday,2,347
2017-12-14,3.0,3.0,3.0,30.0,5.0,0.0,0.0,3.0,2017,12,14,Thursday,3,348
2017-12-15,4.18,5.01,2.5,29.0,6.0,0.0,0.0,1.0,2017,12,15,Friday,4,349
2017-12-16,11.0,6.0,3.0,36.6,6.0,1.0,1.0,2.0,2017,12,16,Saturday,5,350
2017-12-17,7.0,0.33,5.1,37.0,11.0,0.0,15.0,2.0,2017,12,17,Sunday,6,351
2017-12-18,0.66,4.67,6.0,31.6,7.0,0.0,8.0,0.0,2017,12,18,Monday,0,352
2017-12-19,0.0,0.0,0.0,0.0,0.0,0.0,0.0,0.0,2017,12,19,Tuesday,1,353
2017-12-20,2.0,3.396,3.0,27.2,3.0,0.0,11.0,2.0,2017,12,20,Wednesday,2,354
2017-12-21,2.02,2.66,4.0,23.4,5.0,0.0,6.0,0.0,2017,12,21,Thursday,3,355
2017-12-22,5.99,2.769,1.5,26.0,13.0,0.0,1.0,1.6,2017,12,22,Friday,4,356
2017-12-23,6.0,4.505,6.1,28.3,6.0,0.0,1.0,1.0,2017,12,23,Saturday,5,357
2017-12-24,7.66,3.46,2.0,32.2,4.0,0.0,5.0,1.0,2017,12,24,Sunday,6,358
2017-12-25,1.0,0.62,4.1,15.530000000000001,4.0,0.0,6.0,2.0,2017,12,25,Monday,0,359
2017-12-26,2.99,4.67,3.5,56.9,9.0,0.0,9.0,2.0,2017,12,26,Tuesday,1,360
2017-12-27,7.0,4.814,5.15,32.7,9.0,0.0,3.0,0.0,2017,12,27,Wednesday,2,361
2017-12-28,7.33,3.462,5.1,35.35,12.0,3.0,24.0,1.0,2017,12,28,Thursday,3,362
2017-12-29,9.34,2.066,2.5,41.4,17.0,0.0,11.0,2.0,2017,12,29,Friday,4,363
2017-12-30,8.68,8.363,4.0,50.0,8.0,0.0,10.0,3.0,2017,12,30,Saturday,5,364
2017-12-31,13.83,10.043,5.3,70.2,9.0,0.0,0.0,1.0,2017,12,31,Sunday,6,365
